agree_button.numClicks,agree_button.timesOn,agree_button.timesOff,decline_button.numClicks,decline_button.timesOn,decline_button.timesOff,age,sex,date,expName,psychopyVersion,OS,frameRate,PROLIFIC_PID,STUDY_ID,SESSION_ID,continue_button.numClicks,continue_button.timesOn,continue_button.timesOff,mouse_resp_3.x,mouse_resp_3.y,mouse_resp_3.leftButton,mouse_resp_3.midButton,mouse_resp_3.rightButton,mouse_resp_3.time,mouse_resp_3.clicked_name,questions_loop.thisRepN,questions_loop.thisTrialN,questions_loop.thisN,questions_loop.thisIndex,questions_loop.ran,text_response_box.text,submit_button.numClicks,submit_button.timesOn,submit_button.timesOff,questions_loop_2.thisRepN,questions_loop_2.thisTrialN,questions_loop_2.thisN,questions_loop_2.thisIndex,questions_loop_2.ran,continue_button_3.numClicks,continue_button_3.timesOn,continue_button_3.timesOff,mouse_resp.x,mouse_resp.y,mouse_resp.leftButton,mouse_resp.midButton,mouse_resp.rightButton,mouse_resp.time,mouse_resp.clicked_name,continue_button_2.numClicks,continue_button_2.timesOn,continue_button_2.timesOff,trials.thisRepN,trials.thisTrialN,trials.thisN,trials.thisIndex,trials.ran,outcome_a1,outcome_a2,outcome_a3,outcome_b1,outcome_b2,outcome_b3,ev_a,ev_b,ev_diff,var_a,var_b,var_diff,loss_a,loss_b,loss_diff,skew_a,skew_b,skew_diff,bonus_payment,end_resp.keys,end_resp.rt,end_resp.duration
1,[12.93660000000149],[12.93660000000149],0,[],[],41,female,2025-04-02_10h54.41.012,lotterie_task,2024.2.4,Win32,60.24096386,60d3511c0fbe657b15fc577e,67ec14af82a94bf3ef3ef029,67ecf9e8218fe96f2e51b793,,,,,,,,,,,,,,,,,,,,,,,,,,,,,,,,,,,,,,,,,,,,,,,,,,,,,,,,,,,,,,,,
,,,,,,41,female,2025-04-02_10h54.41.012,lotterie_task,2024.2.4,Win32,60.24096386,60d3511c0fbe657b15fc577e,67ec14af82a94bf3ef3ef029,67ecf9e8218fe96f2e51b793,,,,,,,,,,,,,,,,,,,,,,,,,,,,,,,,,,,,,,,,,,,,,,,,,,,,,,,,,,,,,,,,
,,,,,,41,female,2025-04-02_10h54.41.012,lotterie_task,2024.2.4,Win32,60.24096386,60d3511c0fbe657b15fc577e,67ec14af82a94bf3ef3ef029,67ecf9e8218fe96f2e51b793,1,[45.41730000000074],[45.41730000000074],,,,,,,,,,,,,,,,,,,,,,,,,,,,,,,,,,,,,,,,,,,,,,,,,,,,,,,,,,,,,
,,,,,,41,female,2025-04-02_10h54.41.012,lotterie_task,2024.2.4,Win32,60.24096386,60d3511c0fbe657b15fc577e,67ec14af82a94bf3ef3ef029,67ecf9e8218fe96f2e51b793,,,,[0.30185190836588544],[-0.251851894237377],[1],[0],[0],[44.040599999999614],"[""coins_b"",""coins_b""]",0,0,0,0,1,,,,,,,,,,,,,,,,,,,,,,,,,,,,,,,,,,,,,,,,,,,,,,,,,
,,,,,,41,female,2025-04-02_10h54.41.012,lotterie_task,2024.2.4,Win32,60.24096386,60d3511c0fbe657b15fc577e,67ec14af82a94bf3ef3ef029,67ecf9e8218fe96f2e51b793,,,,[-0.2527777353922526],[-0.28703703703703703],[1],[0],[0],[12.657499999999999],"[""coins_a"",""coins_a""]",1,0,1,0,1,,,,,,,,,,,,,,,,,,,,,,,,,,,,,,,,,,,,,,,,,,,,,,,,,
,,,,,,41,female,2025-04-02_10h54.41.012,lotterie_task,2024.2.4,Win32,60.24096386,60d3511c0fbe657b15fc577e,67ec14af82a94bf3ef3ef029,67ecf9e8218fe96f2e51b793,,,,,,,,,,,,,,,,33.33,1,[120.56559999999962],[120.56559999999962],0,0,0,0,1,,,,,,,,,,,,,,,,,,,,,,,,,,,,,,,,,,,,,,,,
,,,,,,41,female,2025-04-02_10h54.41.012,lotterie_task,2024.2.4,Win32,60.24096386,60d3511c0fbe657b15fc577e,67ec14af82a94bf3ef3ef029,67ecf9e8218fe96f2e51b793,,,,,,,,,,,,,,,,33.33,1,[125.85569999999925],[125.85569999999925],1,0,1,0,1,,,,,,,,,,,,,,,,,,,,,,,,,,,,,,,,,,,,,,,,
,,,,,,41,female,2025-04-02_10h54.41.012,lotterie_task,2024.2.4,Win32,60.24096386,60d3511c0fbe657b15fc577e,67ec14af82a94bf3ef3ef029,67ecf9e8218fe96f2e51b793,,,,,,,,,,,,,,,,,,,,,,,,,1,[160.5010999999996],[160.50120000000112],,,,,,,,,,,,,,,,,,,,,,,,,,,,,,,,,,,,,
,,,,,,41,female,2025-04-02_10h54.41.012,lotterie_task,2024.2.4,Win32,60.24096386,60d3511c0fbe657b15fc577e,67ec14af82a94bf3ef3ef029,67ecf9e8218fe96f2e51b793,,,,,,,,,,,,,,,,,,,,,,,,,,,,,,,,,,,,,,,,,,,,,,,,,,,,,,,,,,,,,,,,
,,,,,,41,female,2025-04-02_10h54.41.012,lotterie_task,2024.2.4,Win32,60.24096386,60d3511c0fbe657b15fc577e,67ec14af82a94bf3ef3ef029,67ecf9e8218fe96f2e51b793,,,,,,,,,,,,,,,,,,,,,,,,,,,,[-0.24351847613299335],[-0.06666667373092086],[1],[0],[0],[7.425699999999267],"[""coins_b_3"",""coins_b_3""]",0,[],[],0,0,0,87,1,57,54,-20,83,2,-3,30.33333333,27.33333333,3,35.6121078,39.4151691,-3.803061301,-20,-3,-17,-0.7,0.7,-1.4,,,,
,,,,,,41,female,2025-04-02_10h54.41.012,lotterie_task,2024.2.4,Win32,60.24096386,60d3511c0fbe657b15fc577e,67ec14af82a94bf3ef3ef029,67ecf9e8218fe96f2e51b793,,,,,,,,,,,,,,,,,,,,,,,,,,,,[-0.24074074074074073],[-0.05925927338776765],[1],[0],[0],[5.737300000000744],"[""coins_b_3"",""coins_b_3""]",0,[],[],0,1,1,19,1,45,18,-24,62,5,-19,13,16,-3,28.39013913,33.9705755,-5.58043637,-24,-19,-5,-0.26,0.45,-0.71,,,,
,,,,,,41,female,2025-04-02_10h54.41.012,lotterie_task,2024.2.4,Win32,60.24096386,60d3511c0fbe657b15fc577e,67ec14af82a94bf3ef3ef029,67ecf9e8218fe96f2e51b793,,,,,,,,,,,,,,,,,,,,,,,,,,,,[0.15092595418294272],[-0.07592593299018012],[1],[0],[0],[16.56109999999964],"[""coins_a_3"",""coins_a_3""]",0,[],[],0,2,2,33,1,46,39,-47,76,2,-40,12.66666667,12.66666667,0,42.28737663,47.95368136,-5.666304726,-47,-40,-7,-0.69,0.32,-1.01,,,,
,,,,,,41,female,2025-04-02_10h54.41.012,lotterie_task,2024.2.4,Win32,60.24096386,60d3511c0fbe657b15fc577e,67ec14af82a94bf3ef3ef029,67ecf9e8218fe96f2e51b793,,,,,,,,,,,,,,,,,,,,,,,,,,,,[0.15092595418294272],[-0.07592593299018012],[1],[0],[0],[6.030399999998508],"[""coins_b_3"",""coins_b_3""]",0,[],[],0,3,3,2,1,50,46,-84,74,36,-80,4,10,-6,62.24682053,65.50318058,-3.25636005,-84,-80,-4,-0.7,-0.53,-0.17,,,,
,,,,,,41,female,2025-04-02_10h54.41.012,lotterie_task,2024.2.4,Win32,60.24096386,60d3511c0fbe657b15fc577e,67ec14af82a94bf3ef3ef029,67ecf9e8218fe96f2e51b793,,,,,,,,,,,,,,,,,,,,,,,,,,,,[0.15092595418294272],[-0.07592593299018012],[1],[0],[0],[5.677700000001096],"[""coins_b_3"",""coins_b_3""]",0,[],[],0,4,4,1,1,38,33,-50,58,27,-46,7,13,-6,40.35674252,43.59663596,-3.239893438,-50,-46,-4,-0.7,-0.45,-0.25,,,,
,,,,,,41,female,2025-04-02_10h54.41.012,lotterie_task,2024.2.4,Win32,60.24096386,60d3511c0fbe657b15fc577e,67ec14af82a94bf3ef3ef029,67ecf9e8218fe96f2e51b793,,,,,,,,,,,,,,,,,,,,,,,,,,,,[-0.27592588354040076],[-0.0212962892320421],[1],[0],[0],[3.418700000001081],"[""coins_b_3"",""coins_b_3""]",0,[],[],0,5,5,13,1,69,37,-33,94,9,-21,24.33333333,27.33333333,-3,42.59368759,48.70546399,-6.111776401,-33,-21,-12,-0.42,0.51,-0.93,,,,
,,,,,,41,female,2025-04-02_10h54.41.012,lotterie_task,2024.2.4,Win32,60.24096386,60d3511c0fbe657b15fc577e,67ec14af82a94bf3ef3ef029,67ecf9e8218fe96f2e51b793,,,,,,,,,,,,,,,,,,,,,,,,,,,,[-0.35740739327889903],[-0.07685184478759766],[1],[0],[0],[11.706900000000417],"[""coins_a_3"",""coins_a_3""]",0,[],[],0,6,6,88,1,64,41,-14,77,10,-5,30.33333333,27.33333333,3,32.72443871,35.64952859,-2.925089883,-14,-5,-9,-0.45,0.61,-1.06,,,,
,,,,,,41,female,2025-04-02_10h54.41.012,lotterie_task,2024.2.4,Win32,60.24096386,60d3511c0fbe657b15fc577e,67ec14af82a94bf3ef3ef029,67ecf9e8218fe96f2e51b793,,,,,,,,,,,,,,,,,,,,,,,,,,,,[0.21481485720034],[-0.10185185185185185],[1],[0],[0],[4.655900000000372],"[""coins_b_3"",""coins_b_3""]",0,[],[],0,7,7,56,1,52,43,-65,75,16,-61,10,10,0,53.16013544,55.68363015,-2.52349471,-65,-61,-4,-0.69,-0.16,-0.53,,,,
,,,,,,41,female,2025-04-02_10h54.41.012,lotterie_task,2024.2.4,Win32,60.24096386,60d3511c0fbe657b15fc577e,67ec14af82a94bf3ef3ef029,67ecf9e8218fe96f2e51b793,,,,,,,,,,,,,,,,,,,,,,,,,,,,[0.17407410233109086],[-0.04907406700981988],[1],[0],[0],[12.087899999998541],"[""coins_b_3"",""coins_b_3""]",0,[],[],0,8,8,9,1,47,30,-26,67,16,-14,17,23,-6,31.18760438,33.43650699,-2.248902619,-26,-14,-12,-0.55,0.3,-0.85,,,,
,,,,,,41,female,2025-04-02_10h54.41.012,lotterie_task,2024.2.4,Win32,60.24096386,60d3511c0fbe657b15fc577e,67ec14af82a94bf3ef3ef029,67ecf9e8218fe96f2e51b793,,,,,,,,,,,,,,,,,,,,,,,,,,,,[0.17407410233109086],[-0.04907406700981988],[1],[0],[0],[11.23169999999925],"[""coins_b_3"",""coins_b_3""]",0,[],[],0,9,9,66,1,81,22,-15,91,3,-6,29.33333333,29.33333333,0,39.53338954,43.75944343,-4.226053881,-15,-6,-9,0.27,0.68,-0.41,,,,
,,,,,,41,female,2025-04-02_10h54.41.012,lotterie_task,2024.2.4,Win32,60.24096386,60d3511c0fbe657b15fc577e,67ec14af82a94bf3ef3ef029,67ecf9e8218fe96f2e51b793,,,,,,,,,,,,,,,,,,,,,,,,,,,,[-0.1148148289433232],[-0.05185187304461444],[1],[0],[0],[5.070599999999558],"[""coins_b_3"",""coins_b_3""]",0,[],[],0,10,10,63,1,56,54,-15,82,21,-8,31.66666667,31.66666667,0,33.00841644,37.50851755,-4.500101116,-15,-8,-7,-0.71,0.4,-1.11,,,,
,,,,,,41,female,2025-04-02_10h54.41.012,lotterie_task,2024.2.4,Win32,60.24096386,60d3511c0fbe657b15fc577e,67ec14af82a94bf3ef3ef029,67ecf9e8218fe96f2e51b793,,,,,,,,,,,,,,,,,,,,,,,,,,,,[-0.1148148289433232],[-0.05185187304461444],[1],[0],[0],[2.738900000000399],"[""coins_b_3"",""coins_b_3""]",0,[],[],0,11,11,74,1,63,26,-14,81,1,-7,25,25,0,31.44307025,39.73243847,-8.28936822,-14,-7,-7,-0.05,0.69,-0.74,,,,
,,,,,,41,female,2025-04-02_10h54.41.012,lotterie_task,2024.2.4,Win32,60.24096386,60d3511c0fbe657b15fc577e,67ec14af82a94bf3ef3ef029,67ecf9e8218fe96f2e51b793,,,,,,,,,,,,,,,,,,,,,,,,,,,,[0.24444445857295283],[-0.041666666666666664],[1],[0],[0],[2.7134999999999536],"[""coins_b_3"",""coins_b_3""]",0,[],[],0,12,12,81,1,64,55,-60,94,8,-52,19.66666667,16.66666667,3,56.4525366,59.91846312,-3.465926514,-60,-52,-8,-0.69,0.21,-0.9,,,,
,,,,,,41,female,2025-04-02_10h54.41.012,lotterie_task,2024.2.4,Win32,60.24096386,60d3511c0fbe657b15fc577e,67ec14af82a94bf3ef3ef029,67ecf9e8218fe96f2e51b793,,,,,,,,,,,,,,,,,,,,,,,,,,,,[-0.18425927338776765],[-0.050000014128508394],[1],[0],[0],[5.969699999999193],"[""coins_a_3"",""coins_a_3""]",0,[],[],0,13,13,93,1,63,56,-8,78,18,-3,37,31,6,31.94787421,34.3220046,-2.374130391,-8,-3,-5,-0.68,0.51,-1.19,,,,
,,,,,,41,female,2025-04-02_10h54.41.012,lotterie_task,2024.2.4,Win32,60.24096386,60d3511c0fbe657b15fc577e,67ec14af82a94bf3ef3ef029,67ecf9e8218fe96f2e51b793,,,,,,,,,,,,,,,,,,,,,,,,,,,,[0.2259259400544343],[-0.01944446563720703],[1],[0],[0],[6.988900000000399],"[""coins_b_3"",""coins_b_3""]",0,[],[],0,14,14,59,1,69,47,-23,96,10,-13,31,31,0,39.22584182,46.91126375,-7.685421928,-23,-13,-10,-0.54,0.58,-1.12,,,,
,,,,,,41,female,2025-04-02_10h54.41.012,lotterie_task,2024.2.4,Win32,60.24096386,60d3511c0fbe657b15fc577e,67ec14af82a94bf3ef3ef029,67ecf9e8218fe96f2e51b793,,,,,,,,,,,,,,,,,,,,,,,,,,,,[-0.2638888888888889],[-0.04722224341498481],[1],[0],[0],[7.112599999999588],"[""coins_b_3"",""coins_b_3""]",0,[],[],0,15,15,85,1,68,40,-24,83,5,-13,28,25,3,38.50541088,41.66533331,-3.159922437,-24,-13,-11,-0.44,0.61,-1.05,,,,
,,,,,,41,female,2025-04-02_10h54.41.012,lotterie_task,2024.2.4,Win32,60.24096386,60d3511c0fbe657b15fc577e,67ec14af82a94bf3ef3ef029,67ecf9e8218fe96f2e51b793,,,,,,,,,,,,,,,,,,,,,,,,,,,,[-0.21851850439001014],[-0.037037037037037035],[1],[0],[0],[5.258000000000038],"[""coins_a_3"",""coins_a_3""]",0,[],[],0,16,16,41,1,44,39,-75,72,4,-68,2.666666667,2.666666667,0,54.95654849,57.16253629,-2.205987801,-75,-68,-7,-0.7,-0.03,-0.67,,,,
,,,,,,41,female,2025-04-02_10h54.41.012,lotterie_task,2024.2.4,Win32,60.24096386,60d3511c0fbe657b15fc577e,67ec14af82a94bf3ef3ef029,67ecf9e8218fe96f2e51b793,,,,,,,,,,,,,,,,,,,,,,,,,,,,[0.4518518801088686],[-0.027777777777777776],[1],[0],[0],[6.45259999999962],"[""coins_a_3"",""coins_a_3""]",0,[],[],0,17,17,15,1,61,39,-94,93,10,-88,2,5,-3,68.47383929,73.97747405,-5.503634762,-94,-88,-6,-0.65,-0.1,-0.55,,,,
,,,,,,41,female,2025-04-02_10h54.41.012,lotterie_task,2024.2.4,Win32,60.24096386,60d3511c0fbe657b15fc577e,67ec14af82a94bf3ef3ef029,67ecf9e8218fe96f2e51b793,,,,,,,,,,,,,,,,,,,,,,,,,,,,[-0.09629631042480469],[-0.03981480775056062],[1],[0],[0],[6.5330000000000155],"[""coins_a_3"",""coins_a_3""]",0,[],[],0,18,18,24,1,71,34,-28,85,10,-18,25.66666667,25.66666667,0,40.84387619,43.48435223,-2.64047604,-28,-18,-10,-0.3,0.49,-0.79,,,,
,,,,,,41,female,2025-04-02_10h54.41.012,lotterie_task,2024.2.4,Win32,60.24096386,60d3511c0fbe657b15fc577e,67ec14af82a94bf3ef3ef029,67ecf9e8218fe96f2e51b793,,,,,,,,,,,,,,,,,,,,,,,,,,,,[-0.10555556968406395],[-0.06851853264702691],[1],[0],[0],[4.516399999998498],"[""coins_b_3"",""coins_b_3""]",0,[],[],0,19,19,28,1,85,30,-10,93,17,-5,35,35,0,38.94440482,41.98412398,-3.039719165,-10,-5,-5,0.19,0.56,-0.37,,,,
,,,,,,41,female,2025-04-02_10h54.41.012,lotterie_task,2024.2.4,Win32,60.24096386,60d3511c0fbe657b15fc577e,67ec14af82a94bf3ef3ef029,67ecf9e8218fe96f2e51b793,,,,,,,,,,,,,,,,,,,,,,,,,,,,[-0.29444440205891925],[-0.04722224341498481],[1],[0],[0],[4.288099999999645],"[""coins_a_3"",""coins_a_3""]",0,[],[],0,20,20,46,1,77,47,-21,99,18,-14,34.33333333,34.33333333,0,40.99864496,47.55581516,-6.557170196,-21,-14,-7,-0.43,0.47,-0.9,,,,
,,,,,,41,female,2025-04-02_10h54.41.012,lotterie_task,2024.2.4,Win32,60.24096386,60d3511c0fbe657b15fc577e,67ec14af82a94bf3ef3ef029,67ecf9e8218fe96f2e51b793,,,,,,,,,,,,,,,,,,,,,,,,,,,,[-0.17592592592592593],[-0.05833332626907914],[1],[0],[0],[5.028500000000008],"[""coins_a_3"",""coins_a_3""]",0,[],[],0,21,21,94,1,69,68,-17,94,19,-11,40,34,6,40.30715404,44.15880433,-3.851650293,-17,-11,-6,-0.71,0.47,-1.18,,,,
,,,,,,41,female,2025-04-02_10h54.41.012,lotterie_task,2024.2.4,Win32,60.24096386,60d3511c0fbe657b15fc577e,67ec14af82a94bf3ef3ef029,67ecf9e8218fe96f2e51b793,,,,,,,,,,,,,,,,,,,,,,,,,,,,[-0.17592592592592593],[-0.05833332626907914],[1],[0],[0],[10.051199999999199],"[""coins_a_3"",""coins_a_3""]",0,[],[],0,22,22,91,1,64,53,-37,92,1,-31,26.66666667,20.66666667,6,45.24255617,52.10459566,-6.862039489,-37,-31,-6,-0.68,0.51,-1.19,,,,
,,,,,,41,female,2025-04-02_10h54.41.012,lotterie_task,2024.2.4,Win32,60.24096386,60d3511c0fbe657b15fc577e,67ec14af82a94bf3ef3ef029,67ecf9e8218fe96f2e51b793,,,,,,,,,,,,,,,,,,,,,,,,,,,,[0.232407393278899],[-0.06944444444444445],[1],[0],[0],[4.119000000000028],"[""coins_a_3"",""coins_a_3""]",0,[],[],0,23,23,40,1,45,44,-23,80,3,-17,22,22,0,31.82242396,41.81706191,-9.994637949,-23,-17,-6,-0.71,0.59,-1.3,,,,
,,,,,,41,female,2025-04-02_10h54.41.012,lotterie_task,2024.2.4,Win32,60.24096386,60d3511c0fbe657b15fc577e,67ec14af82a94bf3ef3ef029,67ecf9e8218fe96f2e51b793,,,,,,,,,,,,,,,,,,,,,,,,,,,,[0.1814814673529731],[-0.05462964375813802],[1],[0],[0],[12.267400000000293],"[""coins_b_3"",""coins_b_3""]",0,[],[],0,24,24,98,1,83,49,-12,97,11,-6,40,34,6,39.3022476,45.08510471,-5.782857106,-12,-6,-6,-0.33,0.63,-0.96,,,,
,,,,,,41,female,2025-04-02_10h54.41.012,lotterie_task,2024.2.4,Win32,60.24096386,60d3511c0fbe657b15fc577e,67ec14af82a94bf3ef3ef029,67ecf9e8218fe96f2e51b793,,,,,,,,,,,,,,,,,,,,,,,,,,,,[-0.13703699465151187],[-0.05462964375813802],[1],[0],[0],[7.999400000000378],"[""coins_a_3"",""coins_a_3""]",0,[],[],0,25,25,25,1,65,47,-77,94,10,-69,11.66666667,11.66666667,0,63.12597634,66.55490632,-3.428929982,-77,-69,-8,-0.66,0.04,-0.7,,,,
,,,,,,41,female,2025-04-02_10h54.41.012,lotterie_task,2024.2.4,Win32,60.24096386,60d3511c0fbe657b15fc577e,67ec14af82a94bf3ef3ef029,67ecf9e8218fe96f2e51b793,,,,,,,,,,,,,,,,,,,,,,,,,,,,[0.14444443031593604],[-0.07962965082239222],[1],[0],[0],[7.233200000001034],"[""coins_a_3"",""coins_a_3""]",0,[],[],0,26,26,31,1,79,41,-38,99,6,-23,27.33333333,27.33333333,0,48.73283173,52.04058245,-3.30775072,-38,-23,-15,-0.4,0.55,-0.95,,,,
,,,,,,41,female,2025-04-02_10h54.41.012,lotterie_task,2024.2.4,Win32,60.24096386,60d3511c0fbe657b15fc577e,67ec14af82a94bf3ef3ef029,67ecf9e8218fe96f2e51b793,,,,,,,,,,,,,,,,,,,,,,,,,,,,[-0.07962961550112124],[-0.07777779190628617],[1],[0],[0],[5.507199999999216],"[""coins_a_3"",""coins_a_3""]",0,[],[],0,27,27,17,1,71,31,-47,94,2,-32,18.33333333,21.33333333,-3,48.9988662,53.22488975,-4.22602355,-47,-32,-15,-0.37,0.5,-0.87,,,,
,,,,,,41,female,2025-04-02_10h54.41.012,lotterie_task,2024.2.4,Win32,60.24096386,60d3511c0fbe657b15fc577e,67ec14af82a94bf3ef3ef029,67ecf9e8218fe96f2e51b793,,,,,,,,,,,,,,,,,,,,,,,,,,,,[-0.18518518518518517],[-0.08518519224943938],[1],[0],[0],[7.1720000000000255],"[""coins_b_3"",""coins_b_3""]",0,[],[],0,28,28,45,1,53,44,-12,76,17,-8,28.33333333,28.33333333,0,28.75567577,35.21678893,-6.461113157,-12,-8,-4,-0.66,0.45,-1.11,,,,
,,,,,,41,female,2025-04-02_10h54.41.012,lotterie_task,2024.2.4,Win32,60.24096386,60d3511c0fbe657b15fc577e,67ec14af82a94bf3ef3ef029,67ecf9e8218fe96f2e51b793,,,,,,,,,,,,,,,,,,,,,,,,,,,,[-0.17870366131817852],[-0.0675925855283384],[1],[0],[0],[6.362900000000309],"[""coins_a_3"",""coins_a_3""]",0,[],[],0,29,29,78,1,51,45,-78,80,11,-73,6,6,0,59.44745579,62.56196928,-3.114513488,-78,-73,-5,-0.7,-0.12,-0.58,,,,
,,,,,,41,female,2025-04-02_10h54.41.012,lotterie_task,2024.2.4,Win32,60.24096386,60d3511c0fbe657b15fc577e,67ec14af82a94bf3ef3ef029,67ecf9e8218fe96f2e51b793,,,,,,,,,,,,,,,,,,,,,,,,,,,,[0.1527777777777778],[-0.0574074144716616],[1],[0],[0],[5.389699999999266],"[""coins_a_3"",""coins_a_3""]",0,[],[],0,30,30,89,1,49,34,-14,65,1,-6,23,20,3,26.87005769,31.94787421,-5.077816527,-14,-6,-8,-0.55,0.68,-1.23,,,,
,,,,,,41,female,2025-04-02_10h54.41.012,lotterie_task,2024.2.4,Win32,60.24096386,60d3511c0fbe657b15fc577e,67ec14af82a94bf3ef3ef029,67ecf9e8218fe96f2e51b793,,,,,,,,,,,,,,,,,,,,,,,,,,,,[0.11388891714590567],[-0.05833332626907914],[1],[0],[0],[7.689200000001165],"[""coins_b_3"",""coins_b_3""]",0,[],[],0,31,31,90,1,79,60,-16,98,12,-5,41,35,6,41.04469109,45.08510471,-4.04041362,-16,-5,-11,-0.6,0.63,-1.23,,,,
,,,,,,41,female,2025-04-02_10h54.41.012,lotterie_task,2024.2.4,Win32,60.24096386,60d3511c0fbe657b15fc577e,67ec14af82a94bf3ef3ef029,67ecf9e8218fe96f2e51b793,,,,,,,,,,,,,,,,,,,,,,,,,,,,[-0.08055552729853878],[-0.06296295589870876],[1],[0],[0],[3.211500000000001],"[""coins_a_3"",""coins_a_3""]",0,[],[],0,32,32,62,1,70,30,-62,87,8,-57,12.66666667,12.66666667,0,55.26501807,58.88029287,-3.615274804,-62,-57,-5,-0.44,0.12,-0.56,,,,
,,,,,,41,female,2025-04-02_10h54.41.012,lotterie_task,2024.2.4,Win32,60.24096386,60d3511c0fbe657b15fc577e,67ec14af82a94bf3ef3ef029,67ecf9e8218fe96f2e51b793,,,,,,,,,,,,,,,,,,,,,,,,,,,,[0.14629632455331307],[-0.0574074144716616],[1],[0],[0],[7.030800000000795],"[""coins_a_3"",""coins_a_3""]",0,[],[],0,33,33,72,1,66,50,-48,92,14,-38,22.66666667,22.66666667,0,50.39400317,53.42492136,-3.030918188,-48,-38,-10,-0.65,0.24,-0.89,,,,
,,,,,,41,female,2025-04-02_10h54.41.012,lotterie_task,2024.2.4,Win32,60.24096386,60d3511c0fbe657b15fc577e,67ec14af82a94bf3ef3ef029,67ecf9e8218fe96f2e51b793,,,,,,,,,,,,,,,,,,,,,,,,,,,,[-0.21574069835521556],[-0.0574074144716616],[1],[0],[0],[9.500099999999634],"[""coins_a_3"",""coins_a_3""]",0,[],[],0,34,34,95,1,84,36,-9,88,6,-1,37,31,6,37.97367509,40.40627014,-2.432595048,-9,-1,-8,0.04,0.69,-0.65,,,,
,,,,,,41,female,2025-04-02_10h54.41.012,lotterie_task,2024.2.4,Win32,60.24096386,60d3511c0fbe657b15fc577e,67ec14af82a94bf3ef3ef029,67ecf9e8218fe96f2e51b793,,,,,,,,,,,,,,,,,,,,,,,,,,,,[-0.21203705116554541],[-0.05925927338776765],[1],[0],[0],[6.198999999999955],"[""coins_a_3"",""coins_a_3""]",0,[],[],0,35,35,4,1,53,51,-96,93,17,-84,2.666666667,8.666666667,-6,69.77264666,72.49980843,-2.727161767,-96,-84,-12,-0.71,-0.17,-0.54,,,,
,,,,,,41,female,2025-04-02_10h54.41.012,lotterie_task,2024.2.4,Win32,60.24096386,60d3511c0fbe657b15fc577e,67ec14af82a94bf3ef3ef029,67ecf9e8218fe96f2e51b793,,,,,,,,,,,,,,,,,,,,,,,,,,,,[0.09074076899775753],[-0.06018518518518518],[1],[0],[0],[5.149699999999257],"[""coins_a_3"",""coins_a_3""]",0,[],[],0,36,36,34,1,48,46,-67,77,10,-60,9,9,0,53.7463177,55.93448549,-2.188167783,-67,-60,-7,-0.71,-0.03,-0.68,,,,
,,,,,,41,female,2025-04-02_10h54.41.012,lotterie_task,2024.2.4,Win32,60.24096386,60d3511c0fbe657b15fc577e,67ec14af82a94bf3ef3ef029,67ecf9e8218fe96f2e51b793,,,,,,,,,,,,,,,,,,,,,,,,,,,,[0.16481484307183158],[-0.02407409526683666],[1],[0],[0],[7.914400000000342],"[""coins_a_3"",""coins_a_3""]",0,[],[],0,37,37,97,1,76,47,-63,93,8,-59,20,14,6,59.87208587,62.19860663,-2.326520758,-63,-59,-4,-0.58,0.14,-0.72,,,,
,,,,,,41,female,2025-04-02_10h54.41.012,lotterie_task,2024.2.4,Win32,60.24096386,60d3511c0fbe657b15fc577e,67ec14af82a94bf3ef3ef029,67ecf9e8218fe96f2e51b793,,,,,,,,,,,,,,,,,,,,,,,,,,,,[-0.06018518518518518],[-0.038888895953143085],[1],[0],[0],[6.378099999999563],"[""coins_a_3"",""coins_a_3""]",0,[],[],0,38,38,51,1,37,25,-44,56,2,-40,6,6,0,35.6931366,39.29376541,-3.600628814,-44,-40,-4,-0.65,0.15,-0.8,,,,
,,,,,,41,female,2025-04-02_10h54.41.012,lotterie_task,2024.2.4,Win32,60.24096386,60d3511c0fbe657b15fc577e,67ec14af82a94bf3ef3ef029,67ecf9e8218fe96f2e51b793,,,,,,,,,,,,,,,,,,,,,,,,,,,,[0.28888893127441406],[-0.05833332626907914],[1],[0],[0],[2.7614999999999554],"[""coins_a_3"",""coins_a_3""]",0,[],[],0,39,39,16,1,69,48,-66,95,23,-58,17,20,-3,59.31273051,62.49799997,-3.185269463,-66,-58,-8,-0.64,-0.07,-0.57,,,,
,,,,,,41,female,2025-04-02_10h54.41.012,lotterie_task,2024.2.4,Win32,60.24096386,60d3511c0fbe657b15fc577e,67ec14af82a94bf3ef3ef029,67ecf9e8218fe96f2e51b793,,,,,,,,,,,,,,,,,,,,,,,,,,,,[-0.06574072661223235],[-0.06203704410129123],[1],[0],[0],[6.946999999999889],"[""coins_a_3"",""coins_a_3""]",0,[],[],0,40,40,27,1,72,36,-85,88,16,-81,7.666666667,7.666666667,0,67.15322446,69.24513621,-2.09191175,-85,-81,-4,-0.56,-0.18,-0.38,,,,
,,,,,,41,female,2025-04-02_10h54.41.012,lotterie_task,2024.2.4,Win32,60.24096386,60d3511c0fbe657b15fc577e,67ec14af82a94bf3ef3ef029,67ecf9e8218fe96f2e51b793,,,,,,,,,,,,,,,,,,,,,,,,,,,,[0.12777780603479455],[-0.0675925855283384],[1],[0],[0],[8.542599999999652],"[""coins_a_3"",""coins_a_3""]",0,[],[],0,41,41,80,1,73,53,-40,92,18,-33,28.66666667,25.66666667,3,49.23639124,51.31817958,-2.081788343,-40,-33,-7,-0.62,0.22,-0.84,,,,
,,,,,,41,female,2025-04-02_10h54.41.012,lotterie_task,2024.2.4,Win32,60.24096386,60d3511c0fbe657b15fc577e,67ec14af82a94bf3ef3ef029,67ecf9e8218fe96f2e51b793,,,,,,,,,,,,,,,,,,,,,,,,,,,,[-0.12685182359483507],[-0.0712963033605505],[1],[0],[0],[3.073699999999235],"[""coins_b_3"",""coins_b_3""]",0,[],[],0,42,42,71,1,75,40,-15,94,14,-8,33.33333333,33.33333333,0,37.04351795,43.82794644,-6.784428486,-15,-8,-7,-0.26,0.58,-0.84,,,,
,,,,,,41,female,2025-04-02_10h54.41.012,lotterie_task,2024.2.4,Win32,60.24096386,60d3511c0fbe657b15fc577e,67ec14af82a94bf3ef3ef029,67ecf9e8218fe96f2e51b793,,,,,,,,,,,,,,,,,,,,,,,,,,,,[-0.06574072661223235],[-0.05462964375813802],[1],[0],[0],[12.784599999999614],"[""coins_b_3"",""coins_b_3""]",0,[],[],0,43,43,35,1,79,32,-39,94,13,-35,24,24,0,48.50429534,53.23532662,-4.731031274,-39,-35,-4,-0.24,0.3,-0.54,,,,
,,,,,,41,female,2025-04-02_10h54.41.012,lotterie_task,2024.2.4,Win32,60.24096386,60d3511c0fbe657b15fc577e,67ec14af82a94bf3ef3ef029,67ecf9e8218fe96f2e51b793,,,,,,,,,,,,,,,,,,,,,,,,,,,,[-0.0851851569281684],[-0.07500002119276258],[1],[0],[0],[8.091099999999642],"[""coins_a_3"",""coins_a_3""]",0,[],[],0,44,44,73,1,58,47,-74,97,2,-68,10.33333333,10.33333333,0,59.80152358,67.61820925,-7.816685673,-74,-68,-6,-0.69,0.18,-0.87,,,,
,,,,,,41,female,2025-04-02_10h54.41.012,lotterie_task,2024.2.4,Win32,60.24096386,60d3511c0fbe657b15fc577e,67ec14af82a94bf3ef3ef029,67ecf9e8218fe96f2e51b793,,,,,,,,,,,,,,,,,,,,,,,,,,,,[0.08796296296296297],[-0.07407407407407407],[1],[0],[0],[7.095000000000027],"[""coins_a_3"",""coins_a_3""]",0,[],[],0,45,45,55,1,77,36,-47,94,14,-42,22,22,0,51.58165048,55.80919876,-4.22754828,-47,-42,-5,-0.39,0.21,-0.6,,,,
,,,,,,41,female,2025-04-02_10h54.41.012,lotterie_task,2024.2.4,Win32,60.24096386,60d3511c0fbe657b15fc577e,67ec14af82a94bf3ef3ef029,67ecf9e8218fe96f2e51b793,,,,,,,,,,,,,,,,,,,,,,,,,,,,[0.08796296296296297],[-0.07407407407407407],[1],[0],[0],[7.739499999999907],"[""coins_b_3"",""coins_b_3""]",0,[],[],0,46,46,38,1,50,30,-9,60,16,-5,23.66666667,23.66666667,0,24.4994331,27.08423075,-2.584797654,-9,-5,-4,-0.37,0.4,-0.77,,,,
,,,,,,41,female,2025-04-02_10h54.41.012,lotterie_task,2024.2.4,Win32,60.24096386,60d3511c0fbe657b15fc577e,67ec14af82a94bf3ef3ef029,67ecf9e8218fe96f2e51b793,,,,,,,,,,,,,,,,,,,,,,,,,,,,[0.08981485720033999],[-0.07500002119276258],[1],[0],[0],[13.599900000000389],"[""coins_a_3"",""coins_a_3""]",0,[],[],0,47,47,58,1,68,19,-54,79,4,-50,11,11,0,50.12650663,52.89612462,-2.769617994,-54,-50,-4,-0.24,0.2,-0.44,,,,
,,,,,,41,female,2025-04-02_10h54.41.012,lotterie_task,2024.2.4,Win32,60.24096386,60d3511c0fbe657b15fc577e,67ec14af82a94bf3ef3ef029,67ecf9e8218fe96f2e51b793,,,,,,,,,,,,,,,,,,,,,,,,,,,,[-0.177777749520761],[-0.06666667373092086],[1],[0],[0],[6.163600000001566],"[""coins_a_3"",""coins_a_3""]",0,[],[],0,48,48,83,1,47,44,-9,67,8,-2,27.33333333,24.33333333,3,25.7207223,30.44484996,-4.724127658,-9,-2,-7,-0.7,0.65,-1.35,,,,
,,,,,,41,female,2025-04-02_10h54.41.012,lotterie_task,2024.2.4,Win32,60.24096386,60d3511c0fbe657b15fc577e,67ec14af82a94bf3ef3ef029,67ecf9e8218fe96f2e51b793,,,,,,,,,,,,,,,,,,,,,,,,,,,,[-0.1453703421133536],[-0.06944444444444445],[1],[0],[0],[6.826900000000364],"[""coins_a_3"",""coins_a_3""]",1,[554.8448000000009],[554.8448000000009],0,49,49,32,1,30,23,-7,44,5,-3,15.33333333,15.33333333,0,16.04853749,20.53181813,-4.483280636,-7,-3,-4,-0.61,0.63,-1.24,,,,
,,,,,,41,female,2025-04-02_10h54.41.012,lotterie_task,2024.2.4,Win32,60.24096386,60d3511c0fbe657b15fc577e,67ec14af82a94bf3ef3ef029,67ecf9e8218fe96f2e51b793,,,,,,,,,,,,,,,,,,,,,,,,,,,,[-0.16944440205891928],[-0.061111132303873696],[1],[0],[0],[9.752599999999575],"[""coins_a_3"",""coins_a_3""]",0,[],[],0,50,50,92,1,69,44,-23,81,8,-17,30,24,6,38.8415585,41.57723736,-2.735678863,-23,-17,-6,-0.49,0.52,-1.01,,,,
,,,,,,41,female,2025-04-02_10h54.41.012,lotterie_task,2024.2.4,Win32,60.24096386,60d3511c0fbe657b15fc577e,67ec14af82a94bf3ef3ef029,67ecf9e8218fe96f2e51b793,,,,,,,,,,,,,,,,,,,,,,,,,,,,[0.18796299121997975],[-0.05925927338776765],[1],[0],[0],[8.40159999999969],"[""coins_a_3"",""coins_a_3""]",0,[],[],0,51,51,77,1,41,32,-42,64,5,-38,10.33333333,10.33333333,0,37.18721405,41.81174742,-4.624533368,-42,-38,-4,-0.68,0.19,-0.87,,,,
,,,,,,41,female,2025-04-02_10h54.41.012,lotterie_task,2024.2.4,Win32,60.24096386,60d3511c0fbe657b15fc577e,67ec14af82a94bf3ef3ef029,67ecf9e8218fe96f2e51b793,,,,,,,,,,,,,,,,,,,,,,,,,,,,[0.18796299121997975],[-0.05925927338776765],[1],[0],[0],[5.478899999998589],"[""coins_b_3"",""coins_b_3""]",0,[],[],0,52,52,43,1,54,46,-53,77,18,-48,15.66666667,15.66666667,0,48.66438351,51.05770156,-2.393318055,-53,-48,-5,-0.69,-0.07,-0.62,,,,
,,,,,,41,female,2025-04-02_10h54.41.012,lotterie_task,2024.2.4,Win32,60.24096386,60d3511c0fbe657b15fc577e,67ec14af82a94bf3ef3ef029,67ecf9e8218fe96f2e51b793,,,,,,,,,,,,,,,,,,,,,,,,,,,,[0.18796299121997975],[-0.05925927338776765],[1],[0],[0],[3.7754999999999654],"[""coins_b_3"",""coins_b_3""]",0,[],[],0,53,53,79,1,64,41,-26,87,14,-22,26.33333333,26.33333333,0,38.17794593,45.34558658,-7.167640648,-26,-22,-4,-0.52,0.39,-0.91,,,,
,,,,,,41,female,2025-04-02_10h54.41.012,lotterie_task,2024.2.4,Win32,60.24096386,60d3511c0fbe657b15fc577e,67ec14af82a94bf3ef3ef029,67ecf9e8218fe96f2e51b793,,,,,,,,,,,,,,,,,,,,,,,,,,,,[0.16944447270146124],[-0.05925927338776765],[1],[0],[0],[6.283999999999992],"[""coins_b_3"",""coins_b_3""]",0,[],[],0,54,54,7,1,76,21,-90,94,13,-82,2.333333333,8.333333333,-6,69.04265992,71.92743257,-2.884772646,-90,-82,-8,-0.39,-0.1,-0.29,,,,
,,,,,,41,female,2025-04-02_10h54.41.012,lotterie_task,2024.2.4,Win32,60.24096386,60d3511c0fbe657b15fc577e,67ec14af82a94bf3ef3ef029,67ecf9e8218fe96f2e51b793,,,,,,,,,,,,,,,,,,,,,,,,,,,,[-0.1277777353922526],[-0.07222221515796802],[1],[0],[0],[9.04629999999895],"[""coins_a_3"",""coins_a_3""]",0,[],[],0,55,55,48,1,56,46,-28,85,8,-19,24.66666667,24.66666667,0,37.46405685,44.06308609,-6.599029239,-28,-19,-9,-0.67,0.51,-1.18,,,,
,,,,,,41,female,2025-04-02_10h54.41.012,lotterie_task,2024.2.4,Win32,60.24096386,60d3511c0fbe657b15fc577e,67ec14af82a94bf3ef3ef029,67ecf9e8218fe96f2e51b793,,,,,,,,,,,,,,,,,,,,,,,,,,,,[-0.1111111111111111],[-0.06851853264702691],[1],[0],[0],[5.179300000000808],"[""coins_b_3"",""coins_b_3""]",0,[],[],0,56,56,61,1,88,22,-23,94,12,-19,29,29,0,45.58508528,47.67249382,-2.087408536,-23,-19,-4,0.23,0.49,-0.26,,,,
,,,,,,41,female,2025-04-02_10h54.41.012,lotterie_task,2024.2.4,Win32,60.24096386,60d3511c0fbe657b15fc577e,67ec14af82a94bf3ef3ef029,67ecf9e8218fe96f2e51b793,,,,,,,,,,,,,,,,,,,,,,,,,,,,[-0.10092594005443432],[-0.06666667373092086],[1],[0],[0],[8.148800000000733],"[""coins_b_3"",""coins_b_3""]",0,[],[],0,57,57,5,1,73,48,-72,98,34,-65,16.33333333,22.33333333,-6,63.28945849,67.05387552,-3.764417033,-72,-65,-7,-0.63,-0.26,-0.37,,,,
,,,,,,41,female,2025-04-02_10h54.41.012,lotterie_task,2024.2.4,Win32,60.24096386,60d3511c0fbe657b15fc577e,67ec14af82a94bf3ef3ef029,67ecf9e8218fe96f2e51b793,,,,,,,,,,,,,,,,,,,,,,,,,,,,[-0.06944444444444445],[-0.06203704410129123],[1],[0],[0],[8.908500000000004],"[""coins_a_3"",""coins_a_3""]",0,[],[],0,58,58,10,1,60,24,-63,84,3,-57,7,10,-3,51.63332257,57.7754273,-6.142104729,-63,-57,-6,-0.46,0.18,-0.64,,,,
,,,,,,41,female,2025-04-02_10h54.41.012,lotterie_task,2024.2.4,Win32,60.24096386,60d3511c0fbe657b15fc577e,67ec14af82a94bf3ef3ef029,67ecf9e8218fe96f2e51b793,,,,,,,,,,,,,,,,,,,,,,,,,,,,[0.16388893127441406],[-0.034259266323513456],[1],[0],[0],[6.33190000000036],"[""coins_a_3"",""coins_a_3""]",0,[],[],0,59,59,6,1,70,24,-76,92,8,-64,6,12,-6,60.94806532,63.7495098,-2.801444479,-76,-64,-12,-0.42,0.09,-0.51,,,,
,,,,,,41,female,2025-04-02_10h54.41.012,lotterie_task,2024.2.4,Win32,60.24096386,60d3511c0fbe657b15fc577e,67ec14af82a94bf3ef3ef029,67ecf9e8218fe96f2e51b793,,,,,,,,,,,,,,,,,,,,,,,,,,,,[0.1833333615903501],[-0.05092592592592592],[1],[0],[0],[5.320799999998826],"[""coins_a_3"",""coins_a_3""]",0,[],[],0,60,60,64,1,79,49,-50,98,25,-45,26,26,0,55.11805512,58.3837877,-3.265732586,-50,-45,-5,-0.55,0.03,-0.58,,,,
,,,,,,41,female,2025-04-02_10h54.41.012,lotterie_task,2024.2.4,Win32,60.24096386,60d3511c0fbe657b15fc577e,67ec14af82a94bf3ef3ef029,67ecf9e8218fe96f2e51b793,,,,,,,,,,,,,,,,,,,,,,,,,,,,[-0.21111106872558594],[-0.05555555555555555],[1],[0],[0],[5.607099999999605],"[""coins_a_3"",""coins_a_3""]",0,[],[],0,61,61,39,1,55,16,-30,64,2,-25,13.66666667,13.66666667,0,34.7403064,37.25885428,-2.518547878,-30,-25,-5,-0.1,0.44,-0.54,,,,
,,,,,,41,female,2025-04-02_10h54.41.012,lotterie_task,2024.2.4,Win32,60.24096386,60d3511c0fbe657b15fc577e,67ec14af82a94bf3ef3ef029,67ecf9e8218fe96f2e51b793,,,,,,,,,,,,,,,,,,,,,,,,,,,,[0.2777777777777778],[-0.018518518518518517],[1],[0],[0],[3.6744999999999663],"[""coins_a_3"",""coins_a_3""]",0,[],[],0,62,62,26,1,52,40,-47,82,1,-38,15,15,0,44.11349,49.979996,-5.866505998,-47,-38,-9,-0.67,0.4,-1.07,,,,
,,,,,,41,female,2025-04-02_10h54.41.012,lotterie_task,2024.2.4,Win32,60.24096386,60d3511c0fbe657b15fc577e,67ec14af82a94bf3ef3ef029,67ecf9e8218fe96f2e51b793,,,,,,,,,,,,,,,,,,,,,,,,,,,,[0.20833333333333334],[-0.05925927338776765],[1],[0],[0],[3.9318000000007487],"[""coins_a_3"",""coins_a_3""]",0,[],[],0,63,63,44,1,69,51,-21,95,8,-4,33,33,0,38.88444419,44.11349,-5.22904581,-21,-4,-17,-0.6,0.67,-1.27,,,,
,,,,,,41,female,2025-04-02_10h54.41.012,lotterie_task,2024.2.4,Win32,60.24096386,60d3511c0fbe657b15fc577e,67ec14af82a94bf3ef3ef029,67ecf9e8218fe96f2e51b793,,,,,,,,,,,,,,,,,,,,,,,,,,,,[0.09444448682996961],[0.03518517812093099],[1],[0],[0],[7.186299999998937],"[""coins_a_3"",""coins_a_3""]",0,[],[],0,64,64,67,1,74,38,-25,94,11,-18,29,29,0,40.91454509,47.46226571,-6.547720623,-25,-18,-7,-0.32,0.51,-0.83,,,,
,,,,,,41,female,2025-04-02_10h54.41.012,lotterie_task,2024.2.4,Win32,60.24096386,60d3511c0fbe657b15fc577e,67ec14af82a94bf3ef3ef029,67ecf9e8218fe96f2e51b793,,,,,,,,,,,,,,,,,,,,,,,,,,,,[-0.07129626803927952],[0.026851830659089266],[1],[0],[0],[4.447699999999259],"[""coins_a_3"",""coins_a_3""]",0,[],[],0,65,65,57,1,69,40,-28,95,8,-22,27,27,0,40.65300317,49.61854492,-8.965541751,-28,-22,-6,-0.45,0.52,-0.97,,,,
,,,,,,41,female,2025-04-02_10h54.41.012,lotterie_task,2024.2.4,Win32,60.24096386,60d3511c0fbe657b15fc577e,67ec14af82a94bf3ef3ef029,67ecf9e8218fe96f2e51b793,,,,,,,,,,,,,,,,,,,,,,,,,,,,[0.15648149560998986],[-0.03055554849130136],[1],[0],[0],[3.685799999998949],"[""coins_a_3"",""coins_a_3""]",0,[],[],0,66,66,18,1,52,40,-57,82,4,-42,11.66666667,14.66666667,-3,48.80118396,51.18159391,-2.380409957,-57,-42,-15,-0.68,0.3,-0.98,,,,
,,,,,,41,female,2025-04-02_10h54.41.012,lotterie_task,2024.2.4,Win32,60.24096386,60d3511c0fbe657b15fc577e,67ec14af82a94bf3ef3ef029,67ecf9e8218fe96f2e51b793,,,,,,,,,,,,,,,,,,,,,,,,,,,,[0.14814814814814814],[-0.03055554849130136],[1],[0],[0],[5.526699999999323],"[""coins_a_3"",""coins_a_3""]",0,[],[],0,67,67,84,1,66,44,-27,85,4,-15,27.66666667,24.66666667,3,39.68486977,43.36152929,-3.676659515,-27,-15,-12,-0.55,0.61,-1.16,,,,
,,,,,,41,female,2025-04-02_10h54.41.012,lotterie_task,2024.2.4,Win32,60.24096386,60d3511c0fbe657b15fc577e,67ec14af82a94bf3ef3ef029,67ecf9e8218fe96f2e51b793,,,,,,,,,,,,,,,,,,,,,,,,,,,,[-0.17870366131817852],[-0.03055554849130136],[1],[0],[0],[2.9216999999991913],"[""coins_a_3"",""coins_a_3""]",0,[],[],0,68,68,12,1,57,37,-63,90,9,-59,10.33333333,13.33333333,-3,52.49338583,60.90612084,-8.412735011,-63,-59,-4,-0.63,0.11,-0.74,,,,
,,,,,,41,female,2025-04-02_10h54.41.012,lotterie_task,2024.2.4,Win32,60.24096386,60d3511c0fbe657b15fc577e,67ec14af82a94bf3ef3ef029,67ecf9e8218fe96f2e51b793,,,,,,,,,,,,,,,,,,,,,,,,,,,,[-0.17870366131817852],[-0.03055554849130136],[1],[0],[0],[3.0789000000004307],"[""coins_a_3"",""coins_a_3""]",0,[],[],0,69,69,70,1,66,42,-35,90,1,-18,24.33333333,24.33333333,0,43.08389748,47.07676945,-3.992871972,-35,-18,-17,-0.55,0.62,-1.17,,,,
,,,,,,41,female,2025-04-02_10h54.41.012,lotterie_task,2024.2.4,Win32,60.24096386,60d3511c0fbe657b15fc577e,67ec14af82a94bf3ef3ef029,67ecf9e8218fe96f2e51b793,,,,,,,,,,,,,,,,,,,,,,,,,,,,[-0.1277777353922526],[-0.02870372489646629],[1],[0],[0],[2.827799999998888],"[""coins_a_3"",""coins_a_3""]",0,[],[],0,70,70,68,1,90,21,-34,99,7,-29,25.66666667,25.66666667,0,50.73022329,53.89702115,-3.166797855,-34,-29,-5,0.14,0.48,-0.34,,,,
,,,,,,41,female,2025-04-02_10h54.41.012,lotterie_task,2024.2.4,Win32,60.24096386,60d3511c0fbe657b15fc577e,67ec14af82a94bf3ef3ef029,67ecf9e8218fe96f2e51b793,,,,,,,,,,,,,,,,,,,,,,,,,,,,[0.1537036895751953],[-0.02870372489646629],[1],[0],[0],[3.994099999999662],"[""coins_b_3"",""coins_b_3""]",0,[],[],0,71,71,8,1,63,50,-48,99,27,-43,21.66666667,27.66666667,-6,49.54683531,57.97317387,-8.426338566,-48,-43,-5,-0.67,0.02,-0.69,,,,
,,,,,,41,female,2025-04-02_10h54.41.012,lotterie_task,2024.2.4,Win32,60.24096386,60d3511c0fbe657b15fc577e,67ec14af82a94bf3ef3ef029,67ecf9e8218fe96f2e51b793,,,,,,,,,,,,,,,,,,,,,,,,,,,,[-0.13796297709147134],[-0.032407407407407406],[1],[0],[0],[6.200099999999566],"[""coins_b_3"",""coins_b_3""]",0,[],[],0,72,72,0,1,32,20,-50,54,6,-40,0.666666667,6.666666667,-6,36.16013766,38.37823457,-2.218096913,-50,-40,-10,-0.65,0.03,-0.68,,,,
,,,,,,41,female,2025-04-02_10h54.41.012,lotterie_task,2024.2.4,Win32,60.24096386,60d3511c0fbe657b15fc577e,67ec14af82a94bf3ef3ef029,67ecf9e8218fe96f2e51b793,,,,,,,,,,,,,,,,,,,,,,,,,,,,[0.17777782016330296],[-0.012037029972782842],[1],[0],[0],[3.7395999999996548],"[""coins_a_3"",""coins_a_3""]",0,[],[],0,73,73,60,1,91,16,-26,99,1,-19,27,27,0,48.39421453,51.5622601,-3.16804557,-26,-19,-7,0.33,0.63,-0.3,,,,
,,,,,,41,female,2025-04-02_10h54.41.012,lotterie_task,2024.2.4,Win32,60.24096386,60d3511c0fbe657b15fc577e,67ec14af82a94bf3ef3ef029,67ecf9e8218fe96f2e51b793,,,,,,,,,,,,,,,,,,,,,,,,,,,,[0.17777782016330296],[-0.012037029972782842],[1],[0],[0],[8.368900000000394],"[""coins_a_3"",""coins_a_3""]",0,[],[],0,74,74,23,1,64,52,-58,93,11,-46,19.33333333,19.33333333,0,54.90193277,57.05163353,-2.149700761,-58,-46,-12,-0.68,0.22,-0.9,,,,
,,,,,,41,female,2025-04-02_10h54.41.012,lotterie_task,2024.2.4,Win32,60.24096386,60d3511c0fbe657b15fc577e,67ec14af82a94bf3ef3ef029,67ecf9e8218fe96f2e51b793,,,,,,,,,,,,,,,,,,,,,,,,,,,,[-0.18518518518518517],[-0.07314816227665653],[1],[0],[0],[6.658500000000004],"[""coins_a_3"",""coins_a_3""]",0,[],[],0,75,75,65,1,48,35,-20,67,3,-7,21,21,0,29.47315162,32.78210894,-3.308957317,-20,-7,-13,-0.61,0.66,-1.27,,,,
,,,,,,41,female,2025-04-02_10h54.41.012,lotterie_task,2024.2.4,Win32,60.24096386,60d3511c0fbe657b15fc577e,67ec14af82a94bf3ef3ef029,67ecf9e8218fe96f2e51b793,,,,,,,,,,,,,,,,,,,,,,,,,,,,[0.07037035624186198],[-0.050000014128508394],[1],[0],[0],[2.2782999999989215],"[""coins_a_3"",""coins_a_3""]",0,[],[],0,76,76,82,1,74,47,-15,86,19,-8,35.33333333,32.33333333,3,37.25885428,39.51652256,-2.257668285,-15,-8,-7,-0.44,0.47,-0.91,,,,
,,,,,,41,female,2025-04-02_10h54.41.012,lotterie_task,2024.2.4,Win32,60.24096386,60d3511c0fbe657b15fc577e,67ec14af82a94bf3ef3ef029,67ecf9e8218fe96f2e51b793,,,,,,,,,,,,,,,,,,,,,,,,,,,,[0.07037035624186198],[-0.050000014128508394],[1],[0],[0],[3.3462999999987915],"[""coins_a_3"",""coins_a_3""]",0,[],[],0,77,77,30,1,59,49,-17,81,20,-10,30.33333333,30.33333333,0,33.71778298,37.86232369,-4.144540718,-17,-10,-7,-0.66,0.39,-1.05,,,,
,,,,,,41,female,2025-04-02_10h54.41.012,lotterie_task,2024.2.4,Win32,60.24096386,60d3511c0fbe657b15fc577e,67ec14af82a94bf3ef3ef029,67ecf9e8218fe96f2e51b793,,,,,,,,,,,,,,,,,,,,,,,,,,,,[0.19074072661223235],[-0.05092592592592592],[1],[0],[0],[3.8315999999996393],"[""coins_a_3"",""coins_a_3""]",0,[],[],0,78,78,96,1,63,60,-7,87,12,-1,38.66666667,32.66666667,6,32.31442746,38.78430381,-6.46987635,-7,-1,-6,-0.7,0.65,-1.35,,,,
,,,,,,41,female,2025-04-02_10h54.41.012,lotterie_task,2024.2.4,Win32,60.24096386,60d3511c0fbe657b15fc577e,67ec14af82a94bf3ef3ef029,67ecf9e8218fe96f2e51b793,,,,,,,,,,,,,,,,,,,,,,,,,,,,[0.14722223635073062],[-0.04444443738019025],[1],[0],[0],[5.607500000000073],"[""coins_b_3"",""coins_b_3""]",0,[],[],0,79,79,3,1,66,16,-25,85,5,-15,19,25,-6,37.21110945,43.20493799,-5.993828537,-25,-15,-10,0.12,0.6,-0.48,,,,
,,,,,,41,female,2025-04-02_10h54.41.012,lotterie_task,2024.2.4,Win32,60.24096386,60d3511c0fbe657b15fc577e,67ec14af82a94bf3ef3ef029,67ecf9e8218fe96f2e51b793,,,,,,,,,,,,,,,,,,,,,,,,,,,,[-0.2888888606318721],[-0.014814836007577402],[1],[0],[0],[7.750999999999976],"[""coins_a_3"",""coins_a_3""]",0,[],[],0,80,80,22,1,85,18,-17,93,4,-11,28.66666667,28.66666667,0,42.31889518,45.90085935,-3.581964172,-17,-11,-6,0.36,0.65,-0.29,,,,
,,,,,,41,female,2025-04-02_10h54.41.012,lotterie_task,2024.2.4,Win32,60.24096386,60d3511c0fbe657b15fc577e,67ec14af82a94bf3ef3ef029,67ecf9e8218fe96f2e51b793,,,,,,,,,,,,,,,,,,,,,,,,,,,,[-0.2888888606318721],[-0.014814836007577402],[1],[0],[0],[2.6112000000011903],"[""coins_a_3"",""coins_a_3""]",0,[],[],0,81,81,29,1,76,46,-41,95,20,-34,27,27,0,49.61854492,52.89612462,-3.277579702,-41,-34,-7,-0.52,0.2,-0.72,,,,
,,,,,,41,female,2025-04-02_10h54.41.012,lotterie_task,2024.2.4,Win32,60.24096386,60d3511c0fbe657b15fc577e,67ec14af82a94bf3ef3ef029,67ecf9e8218fe96f2e51b793,,,,,,,,,,,,,,,,,,,,,,,,,,,,[0.08981485720033999],[0.025000007064254197],[1],[0],[0],[4.99680000000069],"[""coins_a_3"",""coins_a_3""]",0,[],[],0,82,82,37,1,64,45,-19,85,10,-5,30,30,0,35.50586806,39.37003937,-3.86417131,-19,-5,-14,-0.56,0.63,-1.19,,,,
,,,,,,41,female,2025-04-02_10h54.41.012,lotterie_task,2024.2.4,Win32,60.24096386,60d3511c0fbe657b15fc577e,67ec14af82a94bf3ef3ef029,67ecf9e8218fe96f2e51b793,,,,,,,,,,,,,,,,,,,,,,,,,,,,[0.08981485720033999],[0.025000007064254197],[1],[0],[0],[5.044000000000096],"[""coins_a_3"",""coins_a_3""]",0,[],[],0,83,83,21,1,68,39,-23,88,15,-19,28,28,0,37.95611501,44.6392951,-6.683180086,-23,-19,-4,-0.41,0.41,-0.82,,,,
,,,,,,41,female,2025-04-02_10h54.41.012,lotterie_task,2024.2.4,Win32,60.24096386,60d3511c0fbe657b15fc577e,67ec14af82a94bf3ef3ef029,67ecf9e8218fe96f2e51b793,,,,,,,,,,,,,,,,,,,,,,,,,,,,[-0.1212962821677879],[-0.004629629629629629],[1],[0],[0],[2.9770999999996093],"[""coins_a_3"",""coins_a_3""]",0,[],[],0,84,84,47,1,63,47,-15,89,7,-1,31.66666667,31.66666667,0,33.63860216,40.67213078,-7.033528616,-15,-1,-14,-0.59,0.69,-1.28,,,,
,,,,,,41,female,2025-04-02_10h54.41.012,lotterie_task,2024.2.4,Win32,60.24096386,60d3511c0fbe657b15fc577e,67ec14af82a94bf3ef3ef029,67ecf9e8218fe96f2e51b793,,,,,,,,,,,,,,,,,,,,,,,,,,,,[0.11666665253815828],[-0.029629636693883826],[1],[0],[0],[4.180499999999938],"[""coins_a_3"",""coins_a_3""]",0,[],[],0,85,85,86,1,59,50,-48,83,10,-41,20.33333333,17.33333333,3,48.45845873,50.88767587,-2.429217144,-48,-41,-7,-0.69,0.21,-0.9,,,,
,,,,,,41,female,2025-04-02_10h54.41.012,lotterie_task,2024.2.4,Win32,60.24096386,60d3511c0fbe657b15fc577e,67ec14af82a94bf3ef3ef029,67ecf9e8218fe96f2e51b793,,,,,,,,,,,,,,,,,,,,,,,,,,,,[0.11666665253815828],[-0.029629636693883826],[1],[0],[0],[5.806699999999182],"[""coins_a_3"",""coins_a_3""]",0,[],[],0,86,86,50,1,60,39,-81,87,8,-77,6,6,0,62.11280061,66.96765388,-4.85485327,-81,-77,-4,-0.65,-0.04,-0.61,,,,
,,,,,,41,female,2025-04-02_10h54.41.012,lotterie_task,2024.2.4,Win32,60.24096386,60d3511c0fbe657b15fc577e,67ec14af82a94bf3ef3ef029,67ecf9e8218fe96f2e51b793,,,,,,,,,,,,,,,,,,,,,,,,,,,,[-0.13611108285409432],[-0.04259261378535518],[1],[0],[0],[7.70690000000036],"[""coins_a_3"",""coins_a_3""]",0,[],[],0,87,87,99,1,67,61,-10,90,14,-4,39.33333333,33.33333333,6,34.96982827,40.73764298,-5.767814715,-10,-4,-6,-0.69,0.6,-1.29,,,,
,,,,,,41,female,2025-04-02_10h54.41.012,lotterie_task,2024.2.4,Win32,60.24096386,60d3511c0fbe657b15fc577e,67ec14af82a94bf3ef3ef029,67ecf9e8218fe96f2e51b793,,,,,,,,,,,,,,,,,,,,,,,,,,,,[0.14722223635073062],[-0.07500002119276258],[1],[0],[0],[5.155800000000795],"[""coins_a_3"",""coins_a_3""]",0,[],[],0,88,88,36,1,73,32,-52,92,3,-42,17.66666667,17.66666667,0,52.02777036,55.67963921,-3.651868845,-52,-42,-10,-0.39,0.38,-0.77,,,,
,,,,,,41,female,2025-04-02_10h54.41.012,lotterie_task,2024.2.4,Win32,60.24096386,60d3511c0fbe657b15fc577e,67ec14af82a94bf3ef3ef029,67ecf9e8218fe96f2e51b793,,,,,,,,,,,,,,,,,,,,,,,,,,,,[-0.08425924513075086],[-0.08611110404685691],[1],[0],[0],[7.1893999999985],"[""coins_a_3"",""coins_a_3""]",0,[],[],0,89,89,76,1,52,45,-43,79,10,-35,18,18,0,43.2280773,46.88283268,-3.654755383,-43,-35,-8,-0.69,0.25,-0.94,,,,
,,,,,,41,female,2025-04-02_10h54.41.012,lotterie_task,2024.2.4,Win32,60.24096386,60d3511c0fbe657b15fc577e,67ec14af82a94bf3ef3ef029,67ecf9e8218fe96f2e51b793,,,,,,,,,,,,,,,,,,,,,,,,,,,,[0.34351857503255206],[-0.04722224341498481],[1],[0],[0],[2.5567999999989297],"[""coins_a_3"",""coins_a_3""]",0,[],[],0,90,90,75,1,38,34,-15,62,2,-7,19,19,0,24.0970261,30.62678566,-6.529759566,-15,-7,-8,-0.69,0.66,-1.35,,,,
,,,,,,41,female,2025-04-02_10h54.41.012,lotterie_task,2024.2.4,Win32,60.24096386,60d3511c0fbe657b15fc577e,67ec14af82a94bf3ef3ef029,67ecf9e8218fe96f2e51b793,,,,,,,,,,,,,,,,,,,,,,,,,,,,[0.2074074215359158],[-0.04907406700981988],[1],[0],[0],[7.818800000000692],"[""coins_b_3"",""coins_b_3""]",0,[],[],0,91,91,14,1,59,44,-37,88,14,-27,22,25,-3,42.16633728,47.58851402,-5.422176736,-37,-27,-10,-0.64,0.33,-0.97,,,,
,,,,,,41,female,2025-04-02_10h54.41.012,lotterie_task,2024.2.4,Win32,60.24096386,60d3511c0fbe657b15fc577e,67ec14af82a94bf3ef3ef029,67ecf9e8218fe96f2e51b793,,,,,,,,,,,,,,,,,,,,,,,,,,,,[0.21018522757071037],[-0.05462964375813802],[1],[0],[0],[5.585400000000391],"[""coins_a_3"",""coins_a_3""]",0,[],[],0,92,92,69,1,61,45,-48,87,13,-42,19.33333333,19.33333333,0,48.05783553,52.85409687,-4.796261339,-48,-42,-6,-0.65,0.18,-0.83,,,,
,,,,,,41,female,2025-04-02_10h54.41.012,lotterie_task,2024.2.4,Win32,60.24096386,60d3511c0fbe657b15fc577e,67ec14af82a94bf3ef3ef029,67ecf9e8218fe96f2e51b793,,,,,,,,,,,,,,,,,,,,,,,,,,,,[0.21018522757071037],[-0.05462964375813802],[1],[0],[0],[8.07759999999962],"[""coins_a_3"",""coins_a_3""]",0,[],[],0,93,93,11,1,50,31,-44,73,9,-36,12.33333333,15.33333333,-3,40.58187882,44.723844,-4.141965177,-44,-36,-8,-0.59,0.21,-0.8,,,,
,,,,,,41,female,2025-04-02_10h54.41.012,lotterie_task,2024.2.4,Win32,60.24096386,60d3511c0fbe657b15fc577e,67ec14af82a94bf3ef3ef029,67ecf9e8218fe96f2e51b793,,,,,,,,,,,,,,,,,,,,,,,,,,,,[-0.10462958724410445],[-0.08333333333333333],[1],[0],[0],[2.137200000001144],"[""coins_a_3"",""coins_a_3""]",0,[],[],0,94,94,20,1,55,38,-27,78,8,-20,22,22,0,35.33647785,41.21488404,-5.878406195,-27,-20,-7,-0.59,0.47,-1.06,,,,
,,,,,,41,female,2025-04-02_10h54.41.012,lotterie_task,2024.2.4,Win32,60.24096386,60d3511c0fbe657b15fc577e,67ec14af82a94bf3ef3ef029,67ecf9e8218fe96f2e51b793,,,,,,,,,,,,,,,,,,,,,,,,,,,,[0.17962964375813803],[-0.048148155212402344],[1],[0],[0],[2.8210000000000264],"[""coins_a_3"",""coins_a_3""]",0,[],[],0,95,95,42,1,73,38,-33,97,1,-20,26,26,0,44.09837488,50.93132631,-6.832951437,-33,-20,-13,-0.39,0.62,-1.01,,,,
,,,,,,41,female,2025-04-02_10h54.41.012,lotterie_task,2024.2.4,Win32,60.24096386,60d3511c0fbe657b15fc577e,67ec14af82a94bf3ef3ef029,67ecf9e8218fe96f2e51b793,,,,,,,,,,,,,,,,,,,,,,,,,,,,[-0.14074071248372397],[-0.06666667373092086],[1],[0],[0],[3.4755999999996448],"[""coins_a_3"",""coins_a_3""]",0,[],[],0,96,96,54,1,63,37,-54,90,4,-48,15.33333333,15.33333333,0,50.16195991,56.90537955,-6.743419642,-54,-48,-6,-0.57,0.29,-0.86,,,,
,,,,,,41,female,2025-04-02_10h54.41.012,lotterie_task,2024.2.4,Win32,60.24096386,60d3511c0fbe657b15fc577e,67ec14af82a94bf3ef3ef029,67ecf9e8218fe96f2e51b793,,,,,,,,,,,,,,,,,,,,,,,,,,,,[-0.16481477242928963],[-0.05555555555555555],[1],[0],[0],[3.7900999999995975],"[""coins_a_3"",""coins_a_3""]",0,[],[],0,97,97,52,1,59,50,-96,98,6,-91,4.333333333,4.333333333,0,71.04145894,77.16792656,-6.126467612,-96,-91,-5,-0.7,-0.03,-0.67,,,,
,,,,,,41,female,2025-04-02_10h54.41.012,lotterie_task,2024.2.4,Win32,60.24096386,60d3511c0fbe657b15fc577e,67ec14af82a94bf3ef3ef029,67ecf9e8218fe96f2e51b793,,,,,,,,,,,,,,,,,,,,,,,,,,,,[-0.1935185326470269],[-0.05833332626907914],[1],[0],[0],[5.482100000001537],"[""coins_a_3"",""coins_a_3""]",0,[],[],0,98,98,53,1,54,23,-50,70,3,-46,9,9,0,43.59663596,47.5464685,-3.949832543,-50,-46,-4,-0.45,0.19,-0.64,,,,
,,,,,,41,female,2025-04-02_10h54.41.012,lotterie_task,2024.2.4,Win32,60.24096386,60d3511c0fbe657b15fc577e,67ec14af82a94bf3ef3ef029,67ecf9e8218fe96f2e51b793,,,,,,,,,,,,,,,,,,,,,,,,,,,,[0.16203703703703703],[-0.07314816227665653],[1],[0],[0],[2.8507999999987987],"[""coins_a_3"",""coins_a_3""]",1,[861.1945999999997],[861.1945999999997],0,99,99,49,1,55,44,-34,91,3,-29,21.66666667,21.66666667,0,39.61761673,50.73679357,-11.11917684,-34,-29,-5,-0.67,0.5,-1.17,,,,
,,,,,,41,female,2025-04-02_10h54.41.012,lotterie_task,2024.2.4,Win32,60.24096386,60d3511c0fbe657b15fc577e,67ec14af82a94bf3ef3ef029,67ecf9e8218fe96f2e51b793,,,,,,,,,,,,,,,,,,,,,,,,,,,,[-0.1388888888888889],[-0.07500002119276258],[1],[0],[0],[9.054799999998863],"[""coins_a_3"",""coins_a_3""]",0,[],[],0,0,0,58,1,88,18,-15,83,9,-1,30.33333333,30.33333333,0,42.94440851,37.46405685,5.480351661,-15,-1,-14,0.41,0.67,-0.26,,,,
,,,,,,41,female,2025-04-02_10h54.41.012,lotterie_task,2024.2.4,Win32,60.24096386,60d3511c0fbe657b15fc577e,67ec14af82a94bf3ef3ef029,67ecf9e8218fe96f2e51b793,,,,,,,,,,,,,,,,,,,,,,,,,,,,[0.16944447270146124],[-0.06574076193350332],[1],[0],[0],[5.82430000000079],"[""coins_a_3"",""coins_a_3""]",0,[],[],0,1,1,89,1,94,19,-17,81,8,-2,32,29,3,46.23851209,36.99549522,9.243016866,-17,-2,-15,0.4,0.67,-0.27,,,,
,,,,,,41,female,2025-04-02_10h54.41.012,lotterie_task,2024.2.4,Win32,60.24096386,60d3511c0fbe657b15fc577e,67ec14af82a94bf3ef3ef029,67ecf9e8218fe96f2e51b793,,,,,,,,,,,,,,,,,,,,,,,,,,,,[0.16944447270146124],[-0.06574076193350332],[1],[0],[0],[8.68619999999919],"[""coins_b_3"",""coins_b_3""]",0,[],[],0,2,2,32,1,88,21,-90,58,41,-80,6.333333333,6.333333333,0,73.40451091,61.44012442,11.96438649,-90,-80,-10,-0.29,-0.67,0.38,,,,
,,,,,,41,female,2025-04-02_10h54.41.012,lotterie_task,2024.2.4,Win32,60.24096386,60d3511c0fbe657b15fc577e,67ec14af82a94bf3ef3ef029,67ecf9e8218fe96f2e51b793,,,,,,,,,,,,,,,,,,,,,,,,,,,,[0.16666666666666666],[-0.06944444444444445],[1],[0],[0],[12.601499999999987],"[""coins_b_3"",""coins_b_3""]",0,[],[],0,3,3,27,1,76,15,-33,63,23,-28,19.33333333,19.33333333,0,44.60443426,37.24095714,7.363477116,-33,-28,-5,0.14,-0.15,0.29,,,,
,,,,,,41,female,2025-04-02_10h54.41.012,lotterie_task,2024.2.4,Win32,60.24096386,60d3511c0fbe657b15fc577e,67ec14af82a94bf3ef3ef029,67ecf9e8218fe96f2e51b793,,,,,,,,,,,,,,,,,,,,,,,,,,,,[-0.23796293470594618],[-0.038888895953143085],[1],[0],[0],[6.39470000000108],"[""coins_b_3"",""coins_b_3""]",0,[],[],0,4,4,63,1,72,21,-90,54,35,-86,1,1,0,67.63135368,62.00537611,5.625977565,-90,-86,-4,-0.42,-0.66,0.24,,,,
,,,,,,41,female,2025-04-02_10h54.41.012,lotterie_task,2024.2.4,Win32,60.24096386,60d3511c0fbe657b15fc577e,67ec14af82a94bf3ef3ef029,67ecf9e8218fe96f2e51b793,,,,,,,,,,,,,,,,,,,,,,,,,,,,[-0.20092589766890914],[0.008333312140570747],[1],[0],[0],[2.335900000000379],"[""coins_a_3"",""coins_a_3""]",0,[],[],0,5,5,82,1,93,92,-16,86,78,-4,56.33333333,53.33333333,3,51.14901976,40.67213078,10.47688898,-16,-4,-12,-0.71,-0.69,-0.02,,,,
,,,,,,41,female,2025-04-02_10h54.41.012,lotterie_task,2024.2.4,Win32,60.24096386,60d3511c0fbe657b15fc577e,67ec14af82a94bf3ef3ef029,67ecf9e8218fe96f2e51b793,,,,,,,,,,,,,,,,,,,,,,,,,,,,[0.13703706529405382],[-0.07037039156313296],[1],[0],[0],[6.177599999999529],"[""coins_a_3"",""coins_a_3""]",0,[],[],0,6,6,86,1,90,42,-24,83,22,-6,36,33,3,46.73328578,37.15732319,9.575962592,-24,-6,-18,-0.19,0.42,-0.61,,,,
,,,,,,41,female,2025-04-02_10h54.41.012,lotterie_task,2024.2.4,Win32,60.24096386,60d3511c0fbe657b15fc577e,67ec14af82a94bf3ef3ef029,67ecf9e8218fe96f2e51b793,,,,,,,,,,,,,,,,,,,,,,,,,,,,[-0.09259259259259259],[-0.0787037037037037],[1],[0],[0],[8.17780000000073],"[""coins_a_3"",""coins_a_3""]",0,[],[],0,7,7,29,1,82,35,-17,58,49,-7,33.33333333,33.33333333,0,40.43375927,28.75567577,11.6780835,-17,-7,-10,-0.06,-0.66,0.6,,,,
,,,,,,41,female,2025-04-02_10h54.41.012,lotterie_task,2024.2.4,Win32,60.24096386,60d3511c0fbe657b15fc577e,67ec14af82a94bf3ef3ef029,67ecf9e8218fe96f2e51b793,,,,,,,,,,,,,,,,,,,,,,,,,,,,[0.10925928751627605],[-0.022222236350730614],[1],[0],[0],[7.942199999999275],"[""coins_b_3"",""coins_b_3""]",0,[],[],0,8,8,83,1,83,77,-23,99,33,-4,45.66666667,42.66666667,3,48.61641241,42.60151275,6.014899656,-23,-4,-19,-0.7,0.33,-1.03,,,,
,,,,,,41,female,2025-04-02_10h54.41.012,lotterie_task,2024.2.4,Win32,60.24096386,60d3511c0fbe657b15fc577e,67ec14af82a94bf3ef3ef029,67ecf9e8218fe96f2e51b793,,,,,,,,,,,,,,,,,,,,,,,,,,,,[-0.1712962962962963],[-0.01944446563720703],[1],[0],[0],[4.262400000000412],"[""coins_a_3"",""coins_a_3""]",0,[],[],0,9,9,71,1,74,55,-56,64,61,-52,24.33333333,24.33333333,0,57.33139532,53.98971095,3.341684362,-56,-52,-4,-0.65,-0.71,0.06,,,,
,,,,,,41,female,2025-04-02_10h54.41.012,lotterie_task,2024.2.4,Win32,60.24096386,60d3511c0fbe657b15fc577e,67ec14af82a94bf3ef3ef029,67ecf9e8218fe96f2e51b793,,,,,,,,,,,,,,,,,,,,,,,,,,,,[-0.09629631042480469],[-0.07407407407407407],[1],[0],[0],[4.322599999999625],"[""coins_b_3"",""coins_b_3""]",0,[],[],0,10,10,60,1,99,15,-82,88,18,-74,10.66666667,10.66666667,0,73.95644364,66.33919572,7.617247917,-82,-74,-8,-0.09,-0.16,0.07,,,,
,,,,,,41,female,2025-04-02_10h54.41.012,lotterie_task,2024.2.4,Win32,60.24096386,60d3511c0fbe657b15fc577e,67ec14af82a94bf3ef3ef029,67ecf9e8218fe96f2e51b793,,,,,,,,,,,,,,,,,,,,,,,,,,,,[-0.2666666242811415],[-0.06296295589870876],[1],[0],[0],[9.046400000000403],"[""coins_b_3"",""coins_b_3""]",0,[],[],0,11,11,49,1,84,58,-66,68,60,-52,25.33333333,25.33333333,0,65.44887742,54.78036956,10.66850786,-66,-52,-14,-0.62,-0.7,0.08,,,,
,,,,,,41,female,2025-04-02_10h54.41.012,lotterie_task,2024.2.4,Win32,60.24096386,60d3511c0fbe657b15fc577e,67ec14af82a94bf3ef3ef029,67ecf9e8218fe96f2e51b793,,,,,,,,,,,,,,,,,,,,,,,,,,,,[0.251851894237377],[-0.050000014128508394],[1],[0],[0],[4.891400000000317],"[""coins_b_3"",""coins_b_3""]",0,[],[],0,12,12,36,1,74,10,-57,50,28,-51,9,9,0,53.48520045,43.36665386,10.11854659,-57,-51,-6,-0.03,-0.57,0.54,,,,
,,,,,,41,female,2025-04-02_10h54.41.012,lotterie_task,2024.2.4,Win32,60.24096386,60d3511c0fbe657b15fc577e,67ec14af82a94bf3ef3ef029,67ecf9e8218fe96f2e51b793,,,,,,,,,,,,,,,,,,,,,,,,,,,,[0.1546296720151548],[-0.08055556261980976],[1],[0],[0],[10.443499999999972],"[""coins_b_3"",""coins_b_3""]",0,[],[],0,13,13,35,1,96,7,-31,90,8,-26,24,24,0,53.22280213,48.68949236,4.533309767,-31,-26,-5,0.45,0.46,-0.01,,,,
,,,,,,41,female,2025-04-02_10h54.41.012,lotterie_task,2024.2.4,Win32,60.24096386,60d3511c0fbe657b15fc577e,67ec14af82a94bf3ef3ef029,67ecf9e8218fe96f2e51b793,,,,,,,,,,,,,,,,,,,,,,,,,,,,[0.1546296720151548],[-0.08055556261980976],[1],[0],[0],[3.9078999999985626],"[""coins_b_3"",""coins_b_3""]",0,[],[],0,14,14,38,1,83,69,-20,73,72,-13,44,44,0,45.61432524,40.30715404,5.307171197,-20,-13,-7,-0.66,-0.71,0.05,,,,
,,,,,,41,female,2025-04-02_10h54.41.012,lotterie_task,2024.2.4,Win32,60.24096386,60d3511c0fbe657b15fc577e,67ec14af82a94bf3ef3ef029,67ecf9e8218fe96f2e51b793,,,,,,,,,,,,,,,,,,,,,,,,,,,,[-0.14074071248372397],[-0.07592593299018012],[1],[0],[0],[7.7004000000004],"[""coins_b_3"",""coins_b_3""]",0,[],[],0,15,15,76,1,62,22,-65,45,27,-53,6.333333333,6.333333333,0,53.01781671,42.59368759,10.42412913,-65,-53,-12,-0.42,-0.61,0.19,,,,
,,,,,,41,female,2025-04-02_10h54.41.012,lotterie_task,2024.2.4,Win32,60.24096386,60d3511c0fbe657b15fc577e,67ec14af82a94bf3ef3ef029,67ecf9e8218fe96f2e51b793,,,,,,,,,,,,,,,,,,,,,,,,,,,,[0.18425927338776765],[-0.05462964375813802],[1],[0],[0],[8.294000000000096],"[""coins_b_3"",""coins_b_3""]",0,[],[],0,16,16,11,1,91,17,-48,90,12,-33,20,23,-3,56.78614855,50.81338406,5.972764482,-48,-33,-15,0.08,0.31,-0.23,,,,
,,,,,,41,female,2025-04-02_10h54.41.012,lotterie_task,2024.2.4,Win32,60.24096386,60d3511c0fbe657b15fc577e,67ec14af82a94bf3ef3ef029,67ecf9e8218fe96f2e51b793,,,,,,,,,,,,,,,,,,,,,,,,,,,,[0.18425927338776765],[-0.05462964375813802],[1],[0],[0],[7.917600000001357],"[""coins_b_3"",""coins_b_3""]",0,[],[],0,17,17,61,1,50,11,-57,35,13,-44,1.333333333,1.333333333,0,44.21412545,33.2899718,10.92415365,-57,-44,-13,-0.32,-0.48,0.16,,,,
,,,,,,41,female,2025-04-02_10h54.41.012,lotterie_task,2024.2.4,Win32,60.24096386,60d3511c0fbe657b15fc577e,67ec14af82a94bf3ef3ef029,67ecf9e8218fe96f2e51b793,,,,,,,,,,,,,,,,,,,,,,,,,,,,[-0.2574073650218822],[-0.08240742153591579],[1],[0],[0],[3.990199999999163],"[""coins_b_3"",""coins_b_3""]",0,[],[],0,18,18,50,1,77,55,-64,66,50,-48,22.66666667,22.66666667,0,61.93724423,50.39400317,11.54324105,-64,-48,-16,-0.64,-0.65,0.01,,,,
,,,,,,41,female,2025-04-02_10h54.41.012,lotterie_task,2024.2.4,Win32,60.24096386,60d3511c0fbe657b15fc577e,67ec14af82a94bf3ef3ef029,67ecf9e8218fe96f2e51b793,,,,,,,,,,,,,,,,,,,,,,,,,,,,[0.10185185185185185],[-0.05925927338776765],[1],[0],[0],[3.9243000000008124],"[""coins_b_3"",""coins_b_3""]",0,[],[],0,19,19,24,1,73,16,-47,50,33,-41,14,14,0,49.01020302,39.50527391,9.50492911,-47,-41,-6,-0.06,-0.61,0.55,,,,
,,,,,,41,female,2025-04-02_10h54.41.012,lotterie_task,2024.2.4,Win32,60.24096386,60d3511c0fbe657b15fc577e,67ec14af82a94bf3ef3ef029,67ecf9e8218fe96f2e51b793,,,,,,,,,,,,,,,,,,,,,,,,,,,,[-0.12962962962962962],[-0.05185187304461444],[1],[0],[0],[7.890599999999495],"[""coins_b_3"",""coins_b_3""]",0,[],[],0,20,20,15,1,57,18,-72,61,10,-59,1,4,-3,54.01851534,49.17316341,4.845351932,-72,-59,-13,-0.44,-0.18,-0.26,,,,
,,,,,,41,female,2025-04-02_10h54.41.012,lotterie_task,2024.2.4,Win32,60.24096386,60d3511c0fbe657b15fc577e,67ec14af82a94bf3ef3ef029,67ecf9e8218fe96f2e51b793,,,,,,,,,,,,,,,,,,,,,,,,,,,,[-0.13055554142704717],[-0.05185187304461444],[1],[0],[0],[3.5938000000007833],"[""coins_b_3"",""coins_b_3""]",0,[],[],0,21,21,14,1,87,73,-46,79,78,-34,38,41,-3,59.67132198,53.03457991,6.636742064,-46,-34,-12,-0.68,-0.71,0.03,,,,
,,,,,,41,female,2025-04-02_10h54.41.012,lotterie_task,2024.2.4,Win32,60.24096386,60d3511c0fbe657b15fc577e,67ec14af82a94bf3ef3ef029,67ecf9e8218fe96f2e51b793,,,,,,,,,,,,,,,,,,,,,,,,,,,,[0.0888888747603805],[-0.0712963033605505],[1],[0],[0],[7.700699999999188],"[""coins_a_3"",""coins_a_3""]",0,[],[],0,22,22,90,1,90,63,-64,89,40,-58,29.66666667,23.66666667,6,67.14329618,61.11373732,6.029558865,-64,-58,-6,-0.62,-0.38,-0.24,,,,
,,,,,,41,female,2025-04-02_10h54.41.012,lotterie_task,2024.2.4,Win32,60.24096386,60d3511c0fbe657b15fc577e,67ec14af82a94bf3ef3ef029,67ecf9e8218fe96f2e51b793,,,,,,,,,,,,,,,,,,,,,,,,,,,,[0.11944445857295284],[-0.06944444444444445],[1],[0],[0],[6.476699999999255],"[""coins_a_3"",""coins_a_3""]",0,[],[],0,23,23,56,1,99,34,-24,83,38,-12,36.33333333,36.33333333,0,50.24163833,38.80148909,11.44014924,-24,-12,-12,0.07,-0.06,0.13,,,,
,,,,,,41,female,2025-04-02_10h54.41.012,lotterie_task,2024.2.4,Win32,60.24096386,60d3511c0fbe657b15fc577e,67ec14af82a94bf3ef3ef029,67ecf9e8218fe96f2e51b793,,,,,,,,,,,,,,,,,,,,,,,,,,,,[0.1148148289433232],[-0.07685184478759766],[1],[0],[0],[6.327900000000454],"[""coins_b_3"",""coins_b_3""]",0,[],[],0,24,24,59,1,77,36,-10,56,52,-5,34.33333333,34.33333333,0,35.53714801,27.86076493,7.676383088,-10,-5,-5,-0.07,-0.7,0.63,,,,
,,,,,,41,female,2025-04-02_10h54.41.012,lotterie_task,2024.2.4,Win32,60.24096386,60d3511c0fbe657b15fc577e,67ec14af82a94bf3ef3ef029,67ecf9e8218fe96f2e51b793,,,,,,,,,,,,,,,,,,,,,,,,,,,,[0.1148148289433232],[-0.07685184478759766],[1],[0],[0],[5.249300000000858],"[""coins_a_3"",""coins_a_3""]",0,[],[],0,25,25,66,1,92,42,-56,66,60,-48,26,26,0,61.47086031,52.38320341,9.08765689,-56,-48,-8,-0.37,-0.7,0.33,,,,
,,,,,,41,female,2025-04-02_10h54.41.012,lotterie_task,2024.2.4,Win32,60.24096386,60d3511c0fbe657b15fc577e,67ec14af82a94bf3ef3ef029,67ecf9e8218fe96f2e51b793,,,,,,,,,,,,,,,,,,,,,,,,,,,,[-0.10185185185185185],[-0.08796296296296297],[1],[0],[0],[2.900899999998501],"[""coins_b_3"",""coins_b_3""]",0,[],[],0,26,26,42,1,89,20,-61,76,18,-46,16,16,0,61.3025285,49.82636518,11.47616332,-61,-46,-15,-0.1,-0.06,-0.04,,,,
,,,,,,41,female,2025-04-02_10h54.41.012,lotterie_task,2024.2.4,Win32,60.24096386,60d3511c0fbe657b15fc577e,67ec14af82a94bf3ef3ef029,67ecf9e8218fe96f2e51b793,,,,,,,,,,,,,,,,,,,,,,,,,,,,[-0.10185185185185185],[-0.08796296296296297],[1],[0],[0],[4.508700000001227],"[""coins_a_3"",""coins_a_3""]",0,[],[],0,27,27,77,1,92,82,-79,91,65,-61,31.66666667,31.66666667,0,78.35957007,66.379381,11.98018907,-79,-61,-18,-0.7,-0.63,-0.07,,,,
,,,,,,41,female,2025-04-02_10h54.41.012,lotterie_task,2024.2.4,Win32,60.24096386,60d3511c0fbe657b15fc577e,67ec14af82a94bf3ef3ef029,67ecf9e8218fe96f2e51b793,,,,,,,,,,,,,,,,,,,,,,,,,,,,[-0.0990740458170573],[-0.07500002119276258],[1],[0],[0],[5.847800000000689],"[""coins_a_3"",""coins_a_3""]",0,[],[],0,28,28,97,1,91,61,-33,66,59,-24,39.66666667,33.66666667,6,52.82255411,40.87650779,11.94604632,-33,-24,-9,-0.54,-0.69,0.15,,,,
,,,,,,41,female,2025-04-02_10h54.41.012,lotterie_task,2024.2.4,Win32,60.24096386,60d3511c0fbe657b15fc577e,67ec14af82a94bf3ef3ef029,67ecf9e8218fe96f2e51b793,,,,,,,,,,,,,,,,,,,,,,,,,,,,[0.0749999858714916],[-0.05462964375813802],[1],[0],[0],[6.201999999999998],"[""coins_a_3"",""coins_a_3""]",0,[],[],0,29,29,53,1,63,24,-59,39,36,-47,9.333333333,9.333333333,0,50.87457344,39.85250585,11.02206759,-59,-47,-12,-0.41,-0.7,0.29,,,,
,,,,,,41,female,2025-04-02_10h54.41.012,lotterie_task,2024.2.4,Win32,60.24096386,60d3511c0fbe657b15fc577e,67ec14af82a94bf3ef3ef029,67ecf9e8218fe96f2e51b793,,,,,,,,,,,,,,,,,,,,,,,,,,,,[0.2361111111111111],[-0.05462964375813802],[1],[0],[0],[18.35850000000005],"[""coins_b_3"",""coins_b_3""]",0,[],[],0,30,30,55,1,83,34,-85,62,50,-80,10.66666667,10.66666667,0,70.54234347,64.29791771,6.244425757,-85,-80,-5,-0.46,-0.69,0.23,,,,
,,,,,,41,female,2025-04-02_10h54.41.012,lotterie_task,2024.2.4,Win32,60.24096386,60d3511c0fbe657b15fc577e,67ec14af82a94bf3ef3ef029,67ecf9e8218fe96f2e51b793,,,,,,,,,,,,,,,,,,,,,,,,,,,,[-0.18333329094780815],[-0.06388890301739727],[1],[0],[0],[4.549499999999853],"[""coins_b_3"",""coins_b_3""]",0,[],[],0,31,31,23,1,83,77,-71,76,70,-57,29.66666667,29.66666667,0,71.22421561,61.33152171,9.892693895,-71,-57,-14,-0.7,-0.7,0,,,,
,,,,,,41,female,2025-04-02_10h54.41.012,lotterie_task,2024.2.4,Win32,60.24096386,60d3511c0fbe657b15fc577e,67ec14af82a94bf3ef3ef029,67ecf9e8218fe96f2e51b793,,,,,,,,,,,,,,,,,,,,,,,,,,,,[-0.09074069835521557],[-0.056481502674244066],[1],[0],[0],[8.37440000000015],"[""coins_b_3"",""coins_b_3""]",0,[],[],0,32,32,73,1,96,27,-44,64,55,-40,26.33333333,26.33333333,0,57.15670467,47.0484384,10.10826627,-44,-40,-4,-0.02,-0.69,0.67,,,,
,,,,,,41,female,2025-04-02_10h54.41.012,lotterie_task,2024.2.4,Win32,60.24096386,60d3511c0fbe657b15fc577e,67ec14af82a94bf3ef3ef029,67ecf9e8218fe96f2e51b793,,,,,,,,,,,,,,,,,,,,,,,,,,,,[0.07407407407407407],[-0.043518525582772714],[1],[0],[0],[8.383199999999306],"[""coins_b_3"",""coins_b_3""]",0,[],[],0,33,33,54,1,62,43,-30,52,48,-25,25,25,0,39.65686153,35.39303133,4.263830204,-30,-25,-5,-0.59,-0.7,0.11,,,,
,,,,,,41,female,2025-04-02_10h54.41.012,lotterie_task,2024.2.4,Win32,60.24096386,60d3511c0fbe657b15fc577e,67ec14af82a94bf3ef3ef029,67ecf9e8218fe96f2e51b793,,,,,,,,,,,,,,,,,,,,,,,,,,,,[0.10092594005443432],[-0.04722224341498481],[1],[0],[0],[2.578999999999951],"[""coins_b_3"",""coins_b_3""]",0,[],[],0,34,34,74,1,81,41,-34,61,54,-27,29.33333333,29.33333333,0,47.66783215,39.93606001,7.731772147,-34,-27,-7,-0.35,-0.69,0.34,,,,
,,,,,,41,female,2025-04-02_10h54.41.012,lotterie_task,2024.2.4,Win32,60.24096386,60d3511c0fbe657b15fc577e,67ec14af82a94bf3ef3ef029,67ecf9e8218fe96f2e51b793,,,,,,,,,,,,,,,,,,,,,,,,,,,,[-0.13425925925925927],[-0.06944444444444445],[1],[0],[0],[5.0208000000006905],"[""coins_a_3"",""coins_a_3""]",0,[],[],0,35,35,94,1,58,32,-27,41,25,-21,21,15,6,35.56215217,26.28053779,9.281614373,-27,-21,-6,-0.43,-0.52,0.09,,,,
,,,,,,41,female,2025-04-02_10h54.41.012,lotterie_task,2024.2.4,Win32,60.24096386,60d3511c0fbe657b15fc577e,67ec14af82a94bf3ef3ef029,67ecf9e8218fe96f2e51b793,,,,,,,,,,,,,,,,,,,,,,,,,,,,[0.09629631042480469],[-0.06574076193350332],[1],[0],[0],[2.583699999999453],"[""coins_b_3"",""coins_b_3""]",0,[],[],0,36,36,70,1,70,22,-42,58,18,-26,16.66666667,16.66666667,0,45.87906809,34.30581421,11.57325388,-42,-26,-16,-0.17,-0.06,-0.11,,,,
,,,,,,41,female,2025-04-02_10h54.41.012,lotterie_task,2024.2.4,Win32,60.24096386,60d3511c0fbe657b15fc577e,67ec14af82a94bf3ef3ef029,67ecf9e8218fe96f2e51b793,,,,,,,,,,,,,,,,,,,,,,,,,,,,[0.09629631042480469],[-0.06574076193350332],[1],[0],[0],[3.7740000000001146],"[""coins_b_3"",""coins_b_3""]",0,[],[],0,37,37,28,1,72,17,-27,51,31,-20,20.66666667,20.66666667,0,40.49965706,29.89239963,10.60725743,-27,-20,-7,0.14,-0.48,0.62,,,,
,,,,,,41,female,2025-04-02_10h54.41.012,lotterie_task,2024.2.4,Win32,60.24096386,60d3511c0fbe657b15fc577e,67ec14af82a94bf3ef3ef029,67ecf9e8218fe96f2e51b793,,,,,,,,,,,,,,,,,,,,,,,,,,,,[-0.1935185326470269],[-0.06296295589870876],[1],[0],[0],[5.107000000000198],"[""coins_b_3"",""coins_b_3""]",0,[],[],0,38,38,30,1,64,24,-48,52,23,-35,13.33333333,13.33333333,0,46.34172586,36.16935474,10.17237112,-48,-35,-13,-0.33,-0.38,0.05,,,,
,,,,,,41,female,2025-04-02_10h54.41.012,lotterie_task,2024.2.4,Win32,60.24096386,60d3511c0fbe657b15fc577e,67ec14af82a94bf3ef3ef029,67ecf9e8218fe96f2e51b793,,,,,,,,,,,,,,,,,,,,,,,,,,,,[-0.09722222222222222],[-0.07222221515796802],[1],[0],[0],[10.778599999999642],"[""coins_b_3"",""coins_b_3""]",0,[],[],0,39,39,18,1,36,21,-30,39,17,-20,9,12,-3,28.24889378,24.34474618,3.904147602,-30,-20,-10,-0.56,-0.3,-0.26,,,,
,,,,,,41,female,2025-04-02_10h54.41.012,lotterie_task,2024.2.4,Win32,60.24096386,60d3511c0fbe657b15fc577e,67ec14af82a94bf3ef3ef029,67ecf9e8218fe96f2e51b793,,,,,,,,,,,,,,,,,,,,,,,,,,,,[0.14351851851851852],[-0.06481481481481481],[1],[0],[0],[2.971700000001192],"[""coins_a_3"",""coins_a_3""]",0,[],[],0,40,40,81,1,89,74,-13,90,55,-4,50,47,3,44.96665431,38.79003308,6.176621228,-13,-4,-9,-0.65,-0.3,-0.35,,,,
,,,,,,41,female,2025-04-02_10h54.41.012,lotterie_task,2024.2.4,Win32,60.24096386,60d3511c0fbe657b15fc577e,67ec14af82a94bf3ef3ef029,67ecf9e8218fe96f2e51b793,,,,,,,,,,,,,,,,,,,,,,,,,,,,[-0.07592589766890914],[-0.03796298415572555],[1],[0],[0],[4.125300000000834],"[""coins_b_3"",""coins_b_3""]",0,[],[],0,41,41,72,1,82,60,-65,69,63,-55,25.66666667,25.66666667,0,64.73707507,57.09251751,7.644557563,-65,-55,-10,-0.65,-0.7,0.05,,,,
,,,,,,41,female,2025-04-02_10h54.41.012,lotterie_task,2024.2.4,Win32,60.24096386,60d3511c0fbe657b15fc577e,67ec14af82a94bf3ef3ef029,67ecf9e8218fe96f2e51b793,,,,,,,,,,,,,,,,,,,,,,,,,,,,[0.13425925925925927],[-0.04907406700981988],[1],[0],[0],[2.23610000000167],"[""coins_b_3"",""coins_b_3""]",0,[],[],0,42,42,3,1,87,30,-64,70,56,-55,17.66666667,23.66666667,-6,62.25931434,55.91859162,6.34072272,-64,-55,-9,-0.29,-0.67,0.38,,,,
,,,,,,41,female,2025-04-02_10h54.41.012,lotterie_task,2024.2.4,Win32,60.24096386,60d3511c0fbe657b15fc577e,67ec14af82a94bf3ef3ef029,67ecf9e8218fe96f2e51b793,,,,,,,,,,,,,,,,,,,,,,,,,,,,[-0.10462958724410445],[-0.05370369663944951],[1],[0],[0],[7.4255999999995765],"[""coins_b_3"",""coins_b_3""]",0,[],[],0,43,43,51,1,75,28,-55,47,46,-45,16,16,0,53.7463177,43.13544559,10.61087211,-55,-45,-10,-0.32,-0.71,0.39,,,,
,,,,,,41,female,2025-04-02_10h54.41.012,lotterie_task,2024.2.4,Win32,60.24096386,60d3511c0fbe657b15fc577e,67ec14af82a94bf3ef3ef029,67ecf9e8218fe96f2e51b793,,,,,,,,,,,,,,,,,,,,,,,,,,,,[-0.10370367544668692],[-0.05555555555555555],[1],[0],[0],[5.56690000000026],"[""coins_b_3"",""coins_b_3""]",0,[],[],0,44,44,41,1,96,33,-14,80,42,-7,38.33333333,38.33333333,0,45.0653846,35.6121078,9.453276793,-14,-7,-7,0.18,-0.15,0.33,,,,
,,,,,,41,female,2025-04-02_10h54.41.012,lotterie_task,2024.2.4,Win32,60.24096386,60d3511c0fbe657b15fc577e,67ec14af82a94bf3ef3ef029,67ecf9e8218fe96f2e51b793,,,,,,,,,,,,,,,,,,,,,,,,,,,,[-0.22499995761447483],[-0.032407407407407406],[1],[0],[0],[4.635999999999967],"[""coins_b_3"",""coins_b_3""]",0,[],[],0,45,45,5,1,60,14,-23,64,12,-7,17,23,-6,33.950945,30.01110905,3.93983595,-23,-7,-16,0.13,0.5,-0.37,,,,
,,,,,,41,female,2025-04-02_10h54.41.012,lotterie_task,2024.2.4,Win32,60.24096386,60d3511c0fbe657b15fc577e,67ec14af82a94bf3ef3ef029,67ecf9e8218fe96f2e51b793,,,,,,,,,,,,,,,,,,,,,,,,,,,,[-0.22499995761447483],[-0.032407407407407406],[1],[0],[0],[3.9615999999996347],"[""coins_b_3"",""coins_b_3""]",0,[],[],0,46,46,79,1,78,23,-44,60,33,-36,19,19,0,49.88653793,40.42276586,9.463772067,-44,-36,-8,-0.12,-0.48,0.36,,,,
,,,,,,41,female,2025-04-02_10h54.41.012,lotterie_task,2024.2.4,Win32,60.24096386,60d3511c0fbe657b15fc577e,67ec14af82a94bf3ef3ef029,67ecf9e8218fe96f2e51b793,,,,,,,,,,,,,,,,,,,,,,,,,,,,[0.2611111534966363],[-0.08425928045202184],[1],[0],[0],[9.06109999999967],"[""coins_a_3"",""coins_a_3""]",0,[],[],0,47,47,99,1,94,36,-54,66,41,-49,25.33333333,19.33333333,6,60.88969991,49.38510797,11.50459195,-54,-49,-5,-0.26,-0.57,0.31,,,,
,,,,,,41,female,2025-04-02_10h54.41.012,lotterie_task,2024.2.4,Win32,60.24096386,60d3511c0fbe657b15fc577e,67ec14af82a94bf3ef3ef029,67ecf9e8218fe96f2e51b793,,,,,,,,,,,,,,,,,,,,,,,,,,,,[0.26018517105667677],[-0.06944444444444445],[1],[0],[0],[4.761099999999487],"[""coins_b_3"",""coins_b_3""]",0,[],[],0,48,48,40,1,84,75,-47,83,60,-31,37.33333333,37.33333333,0,59.74575764,49.22284926,10.52290838,-47,-31,-16,-0.7,-0.59,-0.11,,,,
,,,,,,41,female,2025-04-02_10h54.41.012,lotterie_task,2024.2.4,Win32,60.24096386,60d3511c0fbe657b15fc577e,67ec14af82a94bf3ef3ef029,67ecf9e8218fe96f2e51b793,,,,,,,,,,,,,,,,,,,,,,,,,,,,[0.17222220809371383],[-0.05185187304461444],[1],[0],[0],[7.424099999999726],"[""coins_a_3"",""coins_a_3""]",1,[1217.640200000001],[1217.6403000000007],0,49,49,93,1,65,54,-91,69,19,-78,9.333333333,3.333333333,6,71.08836442,61.02640594,10.06195848,-91,-78,-13,-0.69,-0.37,-0.32,,,,
,,,,,,41,female,2025-04-02_10h54.41.012,lotterie_task,2024.2.4,Win32,60.24096386,60d3511c0fbe657b15fc577e,67ec14af82a94bf3ef3ef029,67ecf9e8218fe96f2e51b793,,,,,,,,,,,,,,,,,,,,,,,,,,,,[-0.22407404581705728],[-0.023148148148148147],[1],[0],[0],[2.992299999998977],"[""coins_a_3"",""coins_a_3""]",0,[],[],0,50,50,0,1,75,73,-48,83,65,-30,33.33333333,39.33333333,-6,57.5171472,49.57373857,7.943408634,-48,-30,-18,-0.71,-0.64,-0.07,,,,
,,,,,,41,female,2025-04-02_10h54.41.012,lotterie_task,2024.2.4,Win32,60.24096386,60d3511c0fbe657b15fc577e,67ec14af82a94bf3ef3ef029,67ecf9e8218fe96f2e51b793,,,,,,,,,,,,,,,,,,,,,,,,,,,,[-0.22499995761447483],[-0.03055554849130136],[1],[0],[0],[3.910999999999831],"[""coins_a_3"",""coins_a_3""]",0,[],[],0,51,51,21,1,77,41,-37,76,27,-22,27,27,0,47.58150901,40.00833247,7.573176548,-37,-22,-15,-0.42,0,-0.42,,,,
,,,,,,41,female,2025-04-02_10h54.41.012,lotterie_task,2024.2.4,Win32,60.24096386,60d3511c0fbe657b15fc577e,67ec14af82a94bf3ef3ef029,67ecf9e8218fe96f2e51b793,,,,,,,,,,,,,,,,,,,,,,,,,,,,[0.18425927338776765],[-0.03518517812093099],[1],[0],[0],[4.252900000000409],"[""coins_a_3"",""coins_a_3""]",0,[],[],0,52,52,95,1,56,51,-81,67,14,-73,8.666666667,2.666666667,6,63.43675766,57.71385353,5.722904132,-81,-73,-8,-0.7,-0.29,-0.41,,,,
,,,,,,41,female,2025-04-02_10h54.41.012,lotterie_task,2024.2.4,Win32,60.24096386,60d3511c0fbe657b15fc577e,67ec14af82a94bf3ef3ef029,67ecf9e8218fe96f2e51b793,,,,,,,,,,,,,,,,,,,,,,,,,,,,[-0.2564814532244647],[-0.03796298415572555],[1],[0],[0],[5.467400000000453],"[""coins_b_3"",""coins_b_3""]",0,[],[],0,53,53,10,1,60,35,-20,63,33,-12,25,28,-3,33.41656276,30.82207001,2.594492745,-20,-12,-8,-0.42,-0.24,-0.18,,,,
,,,,,,41,female,2025-04-02_10h54.41.012,lotterie_task,2024.2.4,Win32,60.24096386,60d3511c0fbe657b15fc577e,67ec14af82a94bf3ef3ef029,67ecf9e8218fe96f2e51b793,,,,,,,,,,,,,,,,,,,,,,,,,,,,[0.09629631042480469],[-0.026851865980360243],[1],[0],[0],[2.8015999999997803],"[""coins_b_3"",""coins_b_3""]",0,[],[],0,54,54,31,1,91,6,-27,80,2,-12,23.33333333,23.33333333,0,49.70803646,40.47495796,9.233078497,-27,-12,-15,0.48,0.64,-0.16,,,,
,,,,,,41,female,2025-04-02_10h54.41.012,lotterie_task,2024.2.4,Win32,60.24096386,60d3511c0fbe657b15fc577e,67ec14af82a94bf3ef3ef029,67ecf9e8218fe96f2e51b793,,,,,,,,,,,,,,,,,,,,,,,,,,,,[-0.0953703279848452],[-0.026851865980360243],[1],[0],[0],[5.604900000000498],"[""coins_b_3"",""coins_b_3""]",0,[],[],0,55,55,75,1,58,9,-18,53,10,-14,16.33333333,16.33333333,0,31.45720197,27.71682201,3.740379958,-18,-14,-4,0.34,0.33,0.01,,,,
,,,,,,41,female,2025-04-02_10h54.41.012,lotterie_task,2024.2.4,Win32,60.24096386,60d3511c0fbe657b15fc577e,67ec14af82a94bf3ef3ef029,67ecf9e8218fe96f2e51b793,,,,,,,,,,,,,,,,,,,,,,,,,,,,[0.07222225047923901],[-0.027777777777777776],[1],[0],[0],[5.768599999999651],"[""coins_b_3"",""coins_b_3""]",0,[],[],0,56,56,43,1,78,60,-46,63,61,-32,30.66666667,30.66666667,0,54.70730197,44.31954673,10.38775524,-46,-32,-14,-0.65,-0.71,0.06,,,,
,,,,,,41,female,2025-04-02_10h54.41.012,lotterie_task,2024.2.4,Win32,60.24096386,60d3511c0fbe657b15fc577e,67ec14af82a94bf3ef3ef029,67ecf9e8218fe96f2e51b793,,,,,,,,,,,,,,,,,,,,,,,,,,,,[-0.17870366131817852],[-0.02592591886167173],[1],[0],[0],[14.499199999999291],"[""coins_a_3"",""coins_a_3""]",0,[],[],0,57,57,85,1,53,43,-8,49,31,-1,29.33333333,26.33333333,3,26.71246068,20.67741656,6.035044121,-8,-1,-7,-0.63,-0.33,-0.3,,,,
,,,,,,41,female,2025-04-02_10h54.41.012,lotterie_task,2024.2.4,Win32,60.24096386,60d3511c0fbe657b15fc577e,67ec14af82a94bf3ef3ef029,67ecf9e8218fe96f2e51b793,,,,,,,,,,,,,,,,,,,,,,,,,,,,[-0.17870366131817852],[-0.02592591886167173],[1],[0],[0],[3.162499999999909],"[""coins_a_3"",""coins_a_3""]",0,[],[],0,58,58,80,1,96,32,-13,92,15,-1,38.33333333,35.33333333,3,44.723844,40.59830319,4.125540807,-13,-1,-12,0.21,0.63,-0.42,,,,
,,,,,,41,female,2025-04-02_10h54.41.012,lotterie_task,2024.2.4,Win32,60.24096386,60d3511c0fbe657b15fc577e,67ec14af82a94bf3ef3ef029,67ecf9e8218fe96f2e51b793,,,,,,,,,,,,,,,,,,,,,,,,,,,,[-0.17870366131817852],[-0.02592591886167173],[1],[0],[0],[3.3735999999996693],"[""coins_b_3"",""coins_b_3""]",0,[],[],0,59,59,69,1,90,28,-61,83,25,-51,19,19,0,61.97311245,54.86954225,7.1035702,-61,-51,-10,-0.21,-0.16,-0.05,,,,
,,,,,,41,female,2025-04-02_10h54.41.012,lotterie_task,2024.2.4,Win32,60.24096386,60d3511c0fbe657b15fc577e,67ec14af82a94bf3ef3ef029,67ecf9e8218fe96f2e51b793,,,,,,,,,,,,,,,,,,,,,,,,,,,,[-0.12222219396520544],[-0.0212962892320421],[1],[0],[0],[3.5587000000011813],"[""coins_b_3"",""coins_b_3""]",0,[],[],0,60,60,16,1,37,20,-43,33,26,-36,4.666666667,7.666666667,-3,34.41253002,31.00895928,3.403570739,-43,-36,-7,-0.58,-0.68,0.1,,,,
,,,,,,41,female,2025-04-02_10h54.41.012,lotterie_task,2024.2.4,Win32,60.24096386,60d3511c0fbe657b15fc577e,67ec14af82a94bf3ef3ef029,67ecf9e8218fe96f2e51b793,,,,,,,,,,,,,,,,,,,,,,,,,,,,[0.15833331920482493],[-0.032407407407407406],[1],[0],[0],[2.6958999999985735],"[""coins_a_3"",""coins_a_3""]",0,[],[],0,61,61,45,1,67,50,-25,66,32,-6,30.66666667,30.66666667,0,39.96943276,29.40899333,10.56043943,-25,-6,-19,-0.61,-0.07,-0.54,,,,
,,,,,,41,female,2025-04-02_10h54.41.012,lotterie_task,2024.2.4,Win32,60.24096386,60d3511c0fbe657b15fc577e,67ec14af82a94bf3ef3ef029,67ecf9e8218fe96f2e51b793,,,,,,,,,,,,,,,,,,,,,,,,,,,,[0.15833331920482493],[-0.03055554849130136],[1],[0],[0],[8.148300000000745],"[""coins_b_3"",""coins_b_3""]",0,[],[],0,62,62,19,1,94,31,-45,90,39,-40,26.66666667,29.66666667,-3,56.82917873,53.48104545,3.348133286,-45,-40,-5,-0.11,-0.26,0.15,,,,
,,,,,,41,female,2025-04-02_10h54.41.012,lotterie_task,2024.2.4,Win32,60.24096386,60d3511c0fbe657b15fc577e,67ec14af82a94bf3ef3ef029,67ecf9e8218fe96f2e51b793,,,,,,,,,,,,,,,,,,,,,,,,,,,,[0.2620370652940538],[-0.061111132303873696],[1],[0],[0],[4.7452000000009775],"[""coins_b_3"",""coins_b_3""]",0,[],[],0,63,63,4,1,77,47,-55,89,39,-41,23,29,-6,56.49778757,53.54126135,2.95652622,-55,-41,-14,-0.56,-0.27,-0.29,,,,
,,,,,,41,female,2025-04-02_10h54.41.012,lotterie_task,2024.2.4,Win32,60.24096386,60d3511c0fbe657b15fc577e,67ec14af82a94bf3ef3ef029,67ecf9e8218fe96f2e51b793,,,,,,,,,,,,,,,,,,,,,,,,,,,,[0.10185185185185185],[-0.05185187304461444],[1],[0],[0],[7.630999999999858],"[""coins_b_3"",""coins_b_3""]",0,[],[],0,64,64,57,1,39,5,-20,23,9,-8,8,8,0,24.17988144,12.67543556,11.50444588,-20,-8,-12,0.18,-0.12,0.3,,,,
,,,,,,41,female,2025-04-02_10h54.41.012,lotterie_task,2024.2.4,Win32,60.24096386,60d3511c0fbe657b15fc577e,67ec14af82a94bf3ef3ef029,67ecf9e8218fe96f2e51b793,,,,,,,,,,,,,,,,,,,,,,,,,,,,[0.10185185185185185],[-0.05185187304461444],[1],[0],[0],[2.9240999999997257],"[""coins_a_3"",""coins_a_3""]",0,[],[],0,65,65,87,1,98,82,-10,87,77,-3,56.66666667,53.66666667,3,47.59084879,40.27681991,7.314028882,-10,-3,-7,-0.65,-0.67,0.02,,,,
,,,,,,41,female,2025-04-02_10h54.41.012,lotterie_task,2024.2.4,Win32,60.24096386,60d3511c0fbe657b15fc577e,67ec14af82a94bf3ef3ef029,67ecf9e8218fe96f2e51b793,,,,,,,,,,,,,,,,,,,,,,,,,,,,[0.11018519931369358],[-0.05370369663944951],[1],[0],[0],[7.3453000000008615],"[""coins_b_3"",""coins_b_3""]",0,[],[],0,66,66,48,1,76,36,-11,65,40,-4,33.66666667,33.66666667,0,35.55590278,28.52289529,7.033007489,-11,-4,-7,-0.1,-0.32,0.22,,,,
,,,,,,41,female,2025-04-02_10h54.41.012,lotterie_task,2024.2.4,Win32,60.24096386,60d3511c0fbe657b15fc577e,67ec14af82a94bf3ef3ef029,67ecf9e8218fe96f2e51b793,,,,,,,,,,,,,,,,,,,,,,,,,,,,[-0.12222219396520544],[-0.06944444444444445],[1],[0],[0],[4.894800000000714],"[""coins_b_3"",""coins_b_3""]",0,[],[],0,67,67,67,1,94,58,-17,96,40,-1,45,45,0,46.23851209,39.75759885,6.480913232,-17,-1,-16,-0.4,0.19,-0.59,,,,
,,,,,,41,female,2025-04-02_10h54.41.012,lotterie_task,2024.2.4,Win32,60.24096386,60d3511c0fbe657b15fc577e,67ec14af82a94bf3ef3ef029,67ecf9e8218fe96f2e51b793,,,,,,,,,,,,,,,,,,,,,,,,,,,,[-0.12222219396520544],[-0.06944444444444445],[1],[0],[0],[4.484699999999293],"[""coins_a_3"",""coins_a_3""]",0,[],[],0,68,68,91,1,96,80,-56,99,42,-39,40,34,6,68.19579655,56.62155067,11.57424588,-56,-39,-17,-0.68,-0.21,-0.47,,,,
,,,,,,41,female,2025-04-02_10h54.41.012,lotterie_task,2024.2.4,Win32,60.24096386,60d3511c0fbe657b15fc577e,67ec14af82a94bf3ef3ef029,67ecf9e8218fe96f2e51b793,,,,,,,,,,,,,,,,,,,,,,,,,,,,[0.14629632455331307],[-0.061111132303873696],[1],[0],[0],[6.776600000001508],"[""coins_b_3"",""coins_b_3""]",0,[],[],0,69,69,9,1,89,61,-86,90,63,-71,21.33333333,27.33333333,-6,76.75212628,70.40044192,6.351684365,-86,-71,-15,-0.64,-0.63,-0.01,,,,
,,,,,,41,female,2025-04-02_10h54.41.012,lotterie_task,2024.2.4,Win32,60.24096386,60d3511c0fbe657b15fc577e,67ec14af82a94bf3ef3ef029,67ecf9e8218fe96f2e51b793,,,,,,,,,,,,,,,,,,,,,,,,,,,,[0.10092594005443432],[-0.032407407407407406],[1],[0],[0],[8.420099999999593],"[""coins_b_3"",""coins_b_3""]",0,[],[],0,70,70,46,1,74,59,-14,72,54,-7,39.66666667,39.66666667,0,38.43898484,33.80663972,4.632345124,-14,-7,-7,-0.63,-0.56,-0.07,,,,
,,,,,,41,female,2025-04-02_10h54.41.012,lotterie_task,2024.2.4,Win32,60.24096386,60d3511c0fbe657b15fc577e,67ec14af82a94bf3ef3ef029,67ecf9e8218fe96f2e51b793,,,,,,,,,,,,,,,,,,,,,,,,,,,,[0.1287037178322121],[-0.04259261378535518],[1],[0],[0],[4.947499999999991],"[""coins_b_3"",""coins_b_3""]",0,[],[],0,71,71,6,1,74,64,-60,72,67,-43,26,32,-6,60.94806532,53.07227776,7.875787563,-60,-43,-17,-0.69,-0.7,0.01,,,,
,,,,,,41,female,2025-04-02_10h54.41.012,lotterie_task,2024.2.4,Win32,60.24096386,60d3511c0fbe657b15fc577e,67ec14af82a94bf3ef3ef029,67ecf9e8218fe96f2e51b793,,,,,,,,,,,,,,,,,,,,,,,,,,,,[-0.17037038449887876],[-0.023148148148148147],[1],[0],[0],[8.311500000000024],"[""coins_b_3"",""coins_b_3""]",0,[],[],0,72,72,12,1,78,38,-68,84,24,-51,16,19,-3,61.60086579,55.22680509,6.374060709,-68,-51,-17,-0.49,-0.14,-0.35,,,,
,,,,,,41,female,2025-04-02_10h54.41.012,lotterie_task,2024.2.4,Win32,60.24096386,60d3511c0fbe657b15fc577e,67ec14af82a94bf3ef3ef029,67ecf9e8218fe96f2e51b793,,,,,,,,,,,,,,,,,,,,,,,,,,,,[-0.1814814673529731],[-0.02592591886167173],[1],[0],[0],[3.948699999999235],"[""coins_b_3"",""coins_b_3""]",0,[],[],0,73,73,20,1,80,41,-11,67,46,-3,36.66666667,36.66666667,0,37.27674282,29.32954521,7.947197614,-11,-3,-8,-0.17,-0.45,0.28,,,,
,,,,,,41,female,2025-04-02_10h54.41.012,lotterie_task,2024.2.4,Win32,60.24096386,60d3511c0fbe657b15fc577e,67ec14af82a94bf3ef3ef029,67ecf9e8218fe96f2e51b793,,,,,,,,,,,,,,,,,,,,,,,,,,,,[0.2462962821677879],[-0.03981480775056062],[1],[0],[0],[10.823499999999967],"[""coins_b_3"",""coins_b_3""]",0,[],[],0,74,74,68,1,98,57,-67,91,49,-52,29.33333333,29.33333333,0,70.14429572,60.01296156,10.13133416,-67,-52,-15,-0.53,-0.46,-0.07,,,,
,,,,,,41,female,2025-04-02_10h54.41.012,lotterie_task,2024.2.4,Win32,60.24096386,60d3511c0fbe657b15fc577e,67ec14af82a94bf3ef3ef029,67ecf9e8218fe96f2e51b793,,,,,,,,,,,,,,,,,,,,,,,,,,,,[-0.3388888747603805],[-0.025000007064254197],[1],[0],[0],[5.625599999999849],"[""coins_b_3"",""coins_b_3""]",0,[],[],0,75,75,39,1,70,13,-28,63,8,-16,18.33333333,18.33333333,0,40.18568015,33.06895153,7.116728613,-28,-16,-12,0.2,0.44,-0.24,,,,
,,,,,,41,female,2025-04-02_10h54.41.012,lotterie_task,2024.2.4,Win32,60.24096386,60d3511c0fbe657b15fc577e,67ec14af82a94bf3ef3ef029,67ecf9e8218fe96f2e51b793,,,,,,,,,,,,,,,,,,,,,,,,,,,,[0.12962962962962962],[-0.025000007064254197],[1],[0],[0],[4.47780000000057],"[""coins_b_3"",""coins_b_3""]",0,[],[],0,76,76,1,1,76,15,-21,57,42,-11,23.33333333,29.33333333,-6,40.03609483,29.16999981,10.86609502,-21,-11,-10,0.3,-0.57,0.87,,,,
,,,,,,41,female,2025-04-02_10h54.41.012,lotterie_task,2024.2.4,Win32,60.24096386,60d3511c0fbe657b15fc577e,67ec14af82a94bf3ef3ef029,67ecf9e8218fe96f2e51b793,,,,,,,,,,,,,,,,,,,,,,,,,,,,[-0.2925925784640842],[-0.02870372489646629],[1],[0],[0],[10.032500000000027],"[""coins_b_3"",""coins_b_3""]",0,[],[],0,77,77,2,1,55,29,-25,52,42,-17,19.66666667,25.66666667,-6,33.31999733,30.44484996,2.875147376,-25,-17,-8,-0.4,-0.65,0.25,,,,
,,,,,,41,female,2025-04-02_10h54.41.012,lotterie_task,2024.2.4,Win32,60.24096386,60d3511c0fbe657b15fc577e,67ec14af82a94bf3ef3ef029,67ecf9e8218fe96f2e51b793,,,,,,,,,,,,,,,,,,,,,,,,,,,,[-0.2925925784640842],[-0.02870372489646629],[1],[0],[0],[3.5254999999999654],"[""coins_a_3"",""coins_a_3""]",0,[],[],0,78,78,88,1,89,46,-19,85,23,-1,38.66666667,35.66666667,3,44.39469438,36.23380864,8.160885733,-19,-1,-18,-0.24,0.48,-0.72,,,,
,,,,,,41,female,2025-04-02_10h54.41.012,lotterie_task,2024.2.4,Win32,60.24096386,60d3511c0fbe657b15fc577e,67ec14af82a94bf3ef3ef029,67ecf9e8218fe96f2e51b793,,,,,,,,,,,,,,,,,,,,,,,,,,,,[-0.2925925784640842],[-0.02870372489646629],[1],[0],[0],[5.687300000000732],"[""coins_b_3"",""coins_b_3""]",0,[],[],0,79,79,34,1,67,46,-21,65,36,-9,30.66666667,30.66666667,0,37.52628708,30.44484996,7.081437126,-21,-9,-12,-0.54,-0.26,-0.28,,,,
,,,,,,41,female,2025-04-02_10h54.41.012,lotterie_task,2024.2.4,Win32,60.24096386,60d3511c0fbe657b15fc577e,67ec14af82a94bf3ef3ef029,67ecf9e8218fe96f2e51b793,,,,,,,,,,,,,,,,,,,,,,,,,,,,[-0.2907407548692491],[-0.02870372489646629],[1],[0],[0],[4.151000000000067],"[""coins_b_3"",""coins_b_3""]",0,[],[],0,80,80,37,1,88,66,-26,87,52,-11,42.66666667,42.66666667,0,49.37835783,40.54901013,8.829347706,-26,-11,-15,-0.6,-0.33,-0.27,,,,
,,,,,,41,female,2025-04-02_10h54.41.012,lotterie_task,2024.2.4,Win32,60.24096386,60d3511c0fbe657b15fc577e,67ec14af82a94bf3ef3ef029,67ecf9e8218fe96f2e51b793,,,,,,,,,,,,,,,,,,,,,,,,,,,,[0.18796299121997975],[-0.029629636693883826],[1],[0],[0],[6.222199999999248],"[""coins_b_3"",""coins_b_3""]",0,[],[],0,81,81,65,1,85,73,-22,97,49,-10,45.33333333,45.33333333,0,47.86323107,43.75944343,4.103787649,-22,-10,-12,-0.67,-0.13,-0.54,,,,
,,,,,,41,female,2025-04-02_10h54.41.012,lotterie_task,2024.2.4,Win32,60.24096386,60d3511c0fbe657b15fc577e,67ec14af82a94bf3ef3ef029,67ecf9e8218fe96f2e51b793,,,,,,,,,,,,,,,,,,,,,,,,,,,,[0.18796299121997975],[-0.029629636693883826],[1],[0],[0],[4.922899999998435],"[""coins_b_3"",""coins_b_3""]",0,[],[],0,82,82,26,1,78,21,-82,61,26,-70,5.666666667,5.666666667,0,66.21345952,55.37949881,10.83396071,-82,-70,-12,-0.33,-0.5,0.17,,,,
,,,,,,41,female,2025-04-02_10h54.41.012,lotterie_task,2024.2.4,Win32,60.24096386,60d3511c0fbe657b15fc577e,67ec14af82a94bf3ef3ef029,67ecf9e8218fe96f2e51b793,,,,,,,,,,,,,,,,,,,,,,,,,,,,[0.18796299121997975],[-0.029629636693883826],[1],[0],[0],[4.544900000000325],"[""coins_b_3"",""coins_b_3""]",0,[],[],0,83,83,8,1,83,41,-57,84,47,-46,22.33333333,28.33333333,-6,58.65909042,54.68901982,3.9700706,-57,-46,-11,-0.45,-0.47,0.02,,,,
,,,,,,41,female,2025-04-02_10h54.41.012,lotterie_task,2024.2.4,Win32,60.24096386,60d3511c0fbe657b15fc577e,67ec14af82a94bf3ef3ef029,67ecf9e8218fe96f2e51b793,,,,,,,,,,,,,,,,,,,,,,,,,,,,[-0.11388884650336371],[-0.029629636693883826],[1],[0],[0],[4.8756999999993695],"[""coins_b_3"",""coins_b_3""]",0,[],[],0,84,84,44,1,96,4,-46,81,12,-39,18,18,0,58.81042991,49.17316341,9.637266501,-46,-39,-7,0.34,0.18,0.16,,,,
,,,,,,41,female,2025-04-02_10h54.41.012,lotterie_task,2024.2.4,Win32,60.24096386,60d3511c0fbe657b15fc577e,67ec14af82a94bf3ef3ef029,67ecf9e8218fe96f2e51b793,,,,,,,,,,,,,,,,,,,,,,,,,,,,[-0.1351851710566768],[-0.014814836007577402],[1],[0],[0],[7.087599999999611],"[""coins_b_3"",""coins_b_3""]",0,[],[],0,85,85,78,1,85,53,-67,66,63,-58,23.66666667,23.66666667,0,65.42850211,57.76004001,7.668462102,-67,-58,-9,-0.58,-0.71,0.13,,,,
,,,,,,41,female,2025-04-02_10h54.41.012,lotterie_task,2024.2.4,Win32,60.24096386,60d3511c0fbe657b15fc577e,67ec14af82a94bf3ef3ef029,67ecf9e8218fe96f2e51b793,,,,,,,,,,,,,,,,,,,,,,,,,,,,[0.16944447270146124],[-0.017592606721100985],[1],[0],[0],[9.922900000000254],"[""coins_b_3"",""coins_b_3""]",0,[],[],0,86,86,13,1,81,17,-68,69,21,-51,10,13,-3,61.03004724,49.31531202,11.71473522,-68,-51,-17,-0.17,-0.24,0.07,,,,
,,,,,,41,female,2025-04-02_10h54.41.012,lotterie_task,2024.2.4,Win32,60.24096386,60d3511c0fbe657b15fc577e,67ec14af82a94bf3ef3ef029,67ecf9e8218fe96f2e51b793,,,,,,,,,,,,,,,,,,,,,,,,,,,,[-0.05555555555555555],[-0.017592606721100985],[1],[0],[0],[4.591499999999996],"[""coins_a_3"",""coins_a_3""]",0,[],[],0,87,87,96,1,87,70,-27,80,50,-18,43.33333333,37.33333333,6,50.21509291,40.99864496,9.216447942,-27,-18,-9,-0.65,-0.43,-0.22,,,,
,,,,,,41,female,2025-04-02_10h54.41.012,lotterie_task,2024.2.4,Win32,60.24096386,60d3511c0fbe657b15fc577e,67ec14af82a94bf3ef3ef029,67ecf9e8218fe96f2e51b793,,,,,,,,,,,,,,,,,,,,,,,,,,,,[0.1111111111111111],[-0.017592606721100985],[1],[0],[0],[4.574500000000171],"[""coins_b_3"",""coins_b_3""]",0,[],[],0,88,88,64,1,95,25,-45,69,46,-40,25,25,0,57.15476066,46.91126375,10.24349691,-45,-40,-5,0,-0.58,0.58,,,,
,,,,,,41,female,2025-04-02_10h54.41.012,lotterie_task,2024.2.4,Win32,60.24096386,60d3511c0fbe657b15fc577e,67ec14af82a94bf3ef3ef029,67ecf9e8218fe96f2e51b793,,,,,,,,,,,,,,,,,,,,,,,,,,,,[-0.1638888606318721],[-0.04259261378535518],[1],[0],[0],[4.8385999999995875],"[""coins_b_3"",""coins_b_3""]",0,[],[],0,89,89,7,1,83,39,-20,88,37,-5,34,40,-6,42.19794624,38.02630668,4.171639554,-20,-5,-15,-0.18,0.12,-0.3,,,,
,,,,,,41,female,2025-04-02_10h54.41.012,lotterie_task,2024.2.4,Win32,60.24096386,60d3511c0fbe657b15fc577e,67ec14af82a94bf3ef3ef029,67ecf9e8218fe96f2e51b793,,,,,,,,,,,,,,,,,,,,,,,,,,,,[-0.1638888606318721],[-0.04259261378535518],[1],[0],[0],[6.4613000000006195],"[""coins_a_3"",""coins_a_3""]",0,[],[],0,90,90,92,1,64,37,-54,65,7,-43,15.66666667,9.666666667,6,50.479919,44.13111777,6.348801231,-54,-43,-11,-0.56,0.09,-0.65,,,,
,,,,,,41,female,2025-04-02_10h54.41.012,lotterie_task,2024.2.4,Win32,60.24096386,60d3511c0fbe657b15fc577e,67ec14af82a94bf3ef3ef029,67ecf9e8218fe96f2e51b793,,,,,,,,,,,,,,,,,,,,,,,,,,,,[0.1324074356644242],[-0.037037037037037035],[1],[0],[0],[2.1357999999988806],"[""coins_b_3"",""coins_b_3""]",0,[],[],0,91,91,33,1,75,27,-60,59,34,-51,14,14,0,55.87486018,47.08148964,8.793370539,-60,-51,-9,-0.34,-0.56,0.22,,,,
,,,,,,41,female,2025-04-02_10h54.41.012,lotterie_task,2024.2.4,Win32,60.24096386,60d3511c0fbe657b15fc577e,67ec14af82a94bf3ef3ef029,67ecf9e8218fe96f2e51b793,,,,,,,,,,,,,,,,,,,,,,,,,,,,[0.1324074356644242],[-0.037037037037037035],[1],[0],[0],[3.311599999999771],"[""coins_a_3"",""coins_a_3""]",0,[],[],0,92,92,62,1,67,46,-24,68,38,-17,29.66666667,29.66666667,0,38.90444133,35.19785347,3.706587865,-24,-17,-7,-0.56,-0.34,-0.22,,,,
,,,,,,41,female,2025-04-02_10h54.41.012,lotterie_task,2024.2.4,Win32,60.24096386,60d3511c0fbe657b15fc577e,67ec14af82a94bf3ef3ef029,67ecf9e8218fe96f2e51b793,,,,,,,,,,,,,,,,,,,,,,,,,,,,[0.12685189423737703],[-0.037037037037037035],[1],[0],[0],[3.991199999999253],"[""coins_b_3"",""coins_b_3""]",0,[],[],0,93,93,25,1,86,27,-87,69,30,-73,8.666666667,8.666666667,0,71.80683966,59.90177144,11.90506822,-87,-73,-14,-0.37,-0.49,0.12,,,,
,,,,,,41,female,2025-04-02_10h54.41.012,lotterie_task,2024.2.4,Win32,60.24096386,60d3511c0fbe657b15fc577e,67ec14af82a94bf3ef3ef029,67ecf9e8218fe96f2e51b793,,,,,,,,,,,,,,,,,,,,,,,,,,,,[-0.24166665253815828],[-0.014814836007577402],[1],[0],[0],[6.33400000000006],"[""coins_a_3"",""coins_a_3""]",0,[],[],0,94,94,22,1,92,37,-21,95,22,-9,36,36,0,46.13747573,43.59663596,2.540839773,-21,-9,-12,-0.03,0.45,-0.48,,,,
,,,,,,41,female,2025-04-02_10h54.41.012,lotterie_task,2024.2.4,Win32,60.24096386,60d3511c0fbe657b15fc577e,67ec14af82a94bf3ef3ef029,67ecf9e8218fe96f2e51b793,,,,,,,,,,,,,,,,,,,,,,,,,,,,[-0.21574069835521556],[-0.05185187304461444],[1],[0],[0],[8.213099999999486],"[""coins_a_3"",""coins_a_3""]",0,[],[],0,95,95,84,1,78,66,-11,64,61,-1,44.33333333,41.33333333,3,39.43207944,29.95923156,9.472847881,-11,-1,-10,-0.66,-0.7,0.04,,,,
,,,,,,41,female,2025-04-02_10h54.41.012,lotterie_task,2024.2.4,Win32,60.24096386,60d3511c0fbe657b15fc577e,67ec14af82a94bf3ef3ef029,67ecf9e8218fe96f2e51b793,,,,,,,,,,,,,,,,,,,,,,,,,,,,[-0.21111106872558594],[-0.046296296296296294],[1],[0],[0],[8.587199999999257],"[""coins_b_3"",""coins_b_3""]",0,[],[],0,96,96,17,1,73,41,-12,65,47,-1,34,37,-3,35.05234181,27.85677655,7.19556526,-12,-1,-11,-0.29,-0.49,0.2,,,,
,,,,,,41,female,2025-04-02_10h54.41.012,lotterie_task,2024.2.4,Win32,60.24096386,60d3511c0fbe657b15fc577e,67ec14af82a94bf3ef3ef029,67ecf9e8218fe96f2e51b793,,,,,,,,,,,,,,,,,,,,,,,,,,,,[-0.21574069835521556],[-0.03518517812093099],[1],[0],[0],[6.083799999998973],"[""coins_a_3"",""coins_a_3""]",0,[],[],0,97,97,98,1,62,55,-47,57,37,-42,23.33333333,17.33333333,6,49.8152141,42.74212078,7.073093316,-47,-42,-5,-0.7,-0.59,-0.11,,,,
,,,,,,41,female,2025-04-02_10h54.41.012,lotterie_task,2024.2.4,Win32,60.24096386,60d3511c0fbe657b15fc577e,67ec14af82a94bf3ef3ef029,67ecf9e8218fe96f2e51b793,,,,,,,,,,,,,,,,,,,,,,,,,,,,[-0.21666668079517507],[-0.03518517812093099],[1],[0],[0],[4.586000000000013],"[""coins_b_3"",""coins_b_3""]",0,[],[],0,98,98,47,1,51,40,-31,42,41,-23,20,20,0,36.34097779,30.40833219,5.932645598,-31,-23,-8,-0.66,-0.71,0.05,,,,
,,,,,,41,female,2025-04-02_10h54.41.012,lotterie_task,2024.2.4,Win32,60.24096386,60d3511c0fbe657b15fc577e,67ec14af82a94bf3ef3ef029,67ecf9e8218fe96f2e51b793,,,,,,,,,,,,,,,,,,,,,,,,,,,,[-0.21203705116554541],[-0.03796298415572555],[1],[0],[0],[8.740299999999024],"[""coins_b_3"",""coins_b_3""]",0,[],[],0,99,99,52,1,36,7,-38,19,18,-32,1.666666667,1.666666667,0,30.44484996,23.80942857,6.635421386,-38,-32,-6,-0.26,-0.71,0.45,,,,
,,,,,,41,female,2025-04-02_10h54.41.012,lotterie_task,2024.2.4,Win32,60.24096386,60d3511c0fbe657b15fc577e,67ec14af82a94bf3ef3ef029,67ecf9e8218fe96f2e51b793,,,,,,,,,,,,,,,,,,,,,,,,,,,,,,,,,,,,,,,,,,,,,,,,,,,,,,,,,,,,,3.5,space,21.6226,
