agree_button.numClicks,agree_button.timesOn,agree_button.timesOff,decline_button.numClicks,decline_button.timesOn,decline_button.timesOff,age,sex,occupation,date,expName,psychopyVersion,OS,frameRate,PROLIFIC_PID,STUDY_ID,SESSION_ID,continue_button.numClicks,continue_button.timesOn,continue_button.timesOff,mouse_resp_3.x,mouse_resp_3.y,mouse_resp_3.leftButton,mouse_resp_3.midButton,mouse_resp_3.rightButton,mouse_resp_3.time,mouse_resp_3.clicked_name,questions_loop.thisRepN,questions_loop.thisTrialN,questions_loop.thisN,questions_loop.thisIndex,questions_loop.ran,text_response_box.text,submit_button.numClicks,submit_button.timesOn,submit_button.timesOff,questions_loop_2.thisRepN,questions_loop_2.thisTrialN,questions_loop_2.thisN,questions_loop_2.thisIndex,questions_loop_2.ran,continue_button_3.numClicks,continue_button_3.timesOn,continue_button_3.timesOff,block_init.started,block_init.stopped,mouse_resp.x,mouse_resp.y,mouse_resp.leftButton,mouse_resp.midButton,mouse_resp.rightButton,mouse_resp.time,mouse_resp.clicked_name,trials.thisRepN,trials.thisTrialN,trials.thisN,trials.thisIndex,trials.ran,outcome_a1,outcome_a2,outcome_a3,outcome_b1,outcome_b2,outcome_b3,ev_a,ev_b,ev_diff,var_a,var_b,var_diff,loss_a,loss_b,loss_diff,skew_a,skew_b,skew_diff,lottery_type,sanity_check,continue_button_2.numClicks,continue_button_2.timesOn,continue_button_2.timesOff,bonus_payment,end_resp.keys,end_resp.rt,end_resp.duration
1,[6.471099999994042],[6.471099999994042],0,[],[],60,female,retired educator,2025-05-25_11h31.31.011,lotterie_task,2024.2.4,MacIntel,57.80346821,667c3c4d32f4b404c46e325d,6833360e90b16110aa465fd4,683337b2bf39a2667ac7042c,,,,,,,,,,,,,,,,,,,,,,,,,,,,,,,,,,,,,,,,,,,,,,,,,,,,,,,,,,,,,,,,,,,,
,,,,,,60,female,retired educator,2025-05-25_11h31.31.011,lotterie_task,2024.2.4,MacIntel,57.80346821,667c3c4d32f4b404c46e325d,6833360e90b16110aa465fd4,683337b2bf39a2667ac7042c,,,,,,,,,,,,,,,,,,,,,,,,,,,,,,,,,,,,,,,,,,,,,,,,,,,,,,,,,,,,,,,,,,,,
,,,,,,60,female,retired educator,2025-05-25_11h31.31.011,lotterie_task,2024.2.4,MacIntel,57.80346821,667c3c4d32f4b404c46e325d,6833360e90b16110aa465fd4,683337b2bf39a2667ac7042c,1,[37.07560000000895],[37.07560000000895],,,,,,,,,,,,,,,,,,,,,,,,,,,,,,,,,,,,,,,,,,,,,,,,,,,,,,,,,,,,,,,,,
,,,,,,60,female,retired educator,2025-05-25_11h31.31.011,lotterie_task,2024.2.4,MacIntel,57.80346821,667c3c4d32f4b404c46e325d,6833360e90b16110aa465fd4,683337b2bf39a2667ac7042c,,,,[0.2425324164496528],[-0.2595782470703125],[1],[0],[0],[40.120099999994046],"[""coins_b"",""coins_b""]",0,0,0,0,1,,,,,,,,,,,,,,,,,,,,,,,,,,,,,,,,,,,,,,,,,,,,,,,,,,,,,
,,,,,,60,female,retired educator,2025-05-25_11h31.31.011,lotterie_task,2024.2.4,MacIntel,57.80346821,667c3c4d32f4b404c46e325d,6833360e90b16110aa465fd4,683337b2bf39a2667ac7042c,,,,[0.20195088704427083],[-0.2694683159722222],[1],[0],[0],[22.156999999999996],"[""coins_b"",""coins_b""]",1,0,1,0,1,,,,,,,,,,,,,,,,,,,,,,,,,,,,,,,,,,,,,,,,,,,,,,,,,,,,,
,,,,,,60,female,retired educator,2025-05-25_11h31.31.011,lotterie_task,2024.2.4,MacIntel,57.80346821,667c3c4d32f4b404c46e325d,6833360e90b16110aa465fd4,683337b2bf39a2667ac7042c,,,,,,,,,,,,,,,,33,1,[161.855200000003],[161.855200000003],0,0,0,0,1,,,,,,,,,,,,,,,,,,,,,,,,,,,,,,,,,,,,,,,,,,,,
,,,,,,60,female,retired educator,2025-05-25_11h31.31.011,lotterie_task,2024.2.4,MacIntel,57.80346821,667c3c4d32f4b404c46e325d,6833360e90b16110aa465fd4,683337b2bf39a2667ac7042c,,,,,,,,,,,,,,,,33,1,[170.60150000000002],[170.60150000000002],1,0,1,0,1,,,,,,,,,,,,,,,,,,,,,,,,,,,,,,,,,,,,,,,,,,,,
,,,,,,60,female,retired educator,2025-05-25_11h31.31.011,lotterie_task,2024.2.4,MacIntel,57.80346821,667c3c4d32f4b404c46e325d,6833360e90b16110aa465fd4,683337b2bf39a2667ac7042c,,,,,,,,,,,,,,,,,,,,,,,,,1,[181.64709999999405],[181.64709999999405],,,,,,,,,,,,,,,,,,,,,,,,,,,,,,,,,,,,,,,,,
,,,,,,60,female,retired educator,2025-05-25_11h31.31.011,lotterie_task,2024.2.4,MacIntel,57.80346821,667c3c4d32f4b404c46e325d,6833360e90b16110aa465fd4,683337b2bf39a2667ac7042c,,,,,,,,,,,,,,,,,,,,,,,,,,,,,,,,,,,,,,,,,,,,,,,,,,,,,,,,,,,,,,,,,,,,
,,,,,,60,female,retired educator,2025-05-25_11h31.31.011,lotterie_task,2024.2.4,MacIntel,57.80346821,667c3c4d32f4b404c46e325d,6833360e90b16110aa465fd4,683337b2bf39a2667ac7042c,,,,,,,,,,,,,,,,,,,,,,,,,,,,181.8386,181.8388,[-0.32910861545138886],[0.025299411349826387],[1],[0],[0],[8.954000000000008],"[""coins_b_3"",""coins_b_3""]",0,0,0,8,1,69,24,-23,60,43,-15,23.33333333,29.33333333,-6,37.56180093,32.10745846,5.454342465,-23,-15,-8,-0.03,-0.56,0.53,old,False,,,,,,,
,,,,,,60,female,retired educator,2025-05-25_11h31.31.011,lotterie_task,2024.2.4,MacIntel,57.80346821,667c3c4d32f4b404c46e325d,6833360e90b16110aa465fd4,683337b2bf39a2667ac7042c,,,,,,,,,,,,,,,,,,,,,,,,,,,,,,[-0.2332454087999132],[-0.0003786892361111111],[1],[0],[0],[14.739799999997018],"[""coins_b_3"",""coins_b_3""]",0,1,1,25,1,91,67,-10,95,46,-2,49.33333333,46.33333333,3,43.08389748,39.60078563,3.483111855,-10,-2,-8,-0.55,0.01,-0.56,old,False,,,,,,,
,,,,,,60,female,retired educator,2025-05-25_11h31.31.011,lotterie_task,2024.2.4,MacIntel,57.80346821,667c3c4d32f4b404c46e325d,6833360e90b16110aa465fd4,683337b2bf39a2667ac7042c,,,,,,,,,,,,,,,,,,,,,,,,,,,,,,[-0.2463625759548611],[-0.009177076551649305],[1],[0],[0],[13.603799999997022],"[""coins_a_3"",""coins_a_3""]",0,2,2,35,1,56,42,-72,65,9,-66,8.666666667,2.666666667,6,57.32558087,53.66770185,3.657879018,-72,-66,-6,-0.68,-0.18,-0.5,old,False,,,,,,,
,,,,,,60,female,retired educator,2025-05-25_11h31.31.011,lotterie_task,2024.2.4,MacIntel,57.80346821,667c3c4d32f4b404c46e325d,6833360e90b16110aa465fd4,683337b2bf39a2667ac7042c,,,,,,,,,,,,,,,,,,,,,,,,,,,,,,[-0.3027287122938368],[-0.007536485460069444],[1],[0],[0],[5.835200000002999],"[""coins_a_3"",""coins_a_3""]",0,3,3,38,1,90,44,-48,88,16,-45,28.66666667,19.66666667,9,57.37207993,54.3588897,3.013190235,-48,-45,-3,-0.38,0.1,-0.48,old,False,,,,,,,
,,,,,,60,female,retired educator,2025-05-25_11h31.31.011,lotterie_task,2024.2.4,MacIntel,57.80346821,667c3c4d32f4b404c46e325d,6833360e90b16110aa465fd4,683337b2bf39a2667ac7042c,,,,,,,,,,,,,,,,,,,,,,,,,,,,,,[-0.2489810519748264],[-0.02340576171875],[1],[0],[0],[9.871999999999986],"[""coins_b_3"",""coins_b_3""]",0,4,4,11,1,88,33,-10,73,59,-3,37,43,-6,40.10818703,33.02524287,7.082944157,-10,-3,-7,0.15,-0.61,0.76,old,False,,,,,,,
,,,,,,60,female,retired educator,2025-05-25_11h31.31.011,lotterie_task,2024.2.4,MacIntel,57.80346821,667c3c4d32f4b404c46e325d,6833360e90b16110aa465fd4,683337b2bf39a2667ac7042c,,,,,,,,,,,,,,,,,,,,,,,,,,,,,,[-0.2833515082465278],[-0.028799336751302085],[1],[0],[0],[8.193599999994035],"[""coins_b_3"",""coins_b_3""]",0,5,5,21,1,70,12,-66,45,34,-63,5.333333333,5.333333333,0,55.72152985,48.52719741,7.194332436,-66,-63,-3,-0.18,-0.68,0.5,old,False,,,,,,,
,,,,,,60,female,retired educator,2025-05-25_11h31.31.011,lotterie_task,2024.2.4,MacIntel,57.80346821,667c3c4d32f4b404c46e325d,6833360e90b16110aa465fd4,683337b2bf39a2667ac7042c,,,,,,,,,,,,,,,,,,,,,,,,,,,,,,[0.11500244140625],[-0.03283657497829861],[1],[0],[0],[3.787100000008934],"[""coins_b_3"",""coins_b_3""]",0,6,6,4,1,80,2,-60,69,30,-50,7.333333333,16.33333333,-9,57.27904406,49.5333782,7.745665868,-60,-50,-10,0.14,-0.39,0.53,old,False,,,,,,,
,,,,,,60,female,retired educator,2025-05-25_11h31.31.011,lotterie_task,2024.2.4,MacIntel,57.80346821,667c3c4d32f4b404c46e325d,6833360e90b16110aa465fd4,683337b2bf39a2667ac7042c,,,,,,,,,,,,,,,,,,,,,,,,,,,,,,[0.1277325439453125],[-0.027999742296006946],[1],[0],[0],[13.68839999999102],"[""coins_b_3"",""coins_b_3""]",0,7,7,28,1,83,50,-11,85,29,-1,40.66666667,37.66666667,3,38.93869826,35.64017708,3.298521182,-11,-1,-10,-0.35,0.35,-0.7,old,False,,,,,,,
,,,,,,60,female,retired educator,2025-05-25_11h31.31.011,lotterie_task,2024.2.4,MacIntel,57.80346821,667c3c4d32f4b404c46e325d,6833360e90b16110aa465fd4,683337b2bf39a2667ac7042c,,,,,,,,,,,,,,,,,,,,,,,,,,,,,,[0.12122504340277777],[-0.037212999131944445],[1],[0],[0],[4.09520000000299],"[""coins_b_3"",""coins_b_3""]",0,8,8,19,1,92,60,-21,99,43,-11,43.66666667,43.66666667,0,47.55581516,44.90978611,2.646029045,-21,-11,-10,-0.47,0.02,-0.49,old,False,,,,,,,
,,,,,,60,female,retired educator,2025-05-25_11h31.31.011,lotterie_task,2024.2.4,MacIntel,57.80346821,667c3c4d32f4b404c46e325d,6833360e90b16110aa465fd4,683337b2bf39a2667ac7042c,,,,,,,,,,,,,,,,,,,,,,,,,,,,,,[-0.2729806179470486],[0.003322414822048611],[1],[0],[0],[3.432299999997042],"[""coins_b_3"",""coins_b_3""]",0,9,9,3,1,75,4,-67,57,43,-61,4,13,-9,57.97125725,52.63712252,5.334134731,-67,-61,-6,0,-0.67,0.67,old,False,,,,,,,
,,,,,,60,female,retired educator,2025-05-25_11h31.31.011,lotterie_task,2024.2.4,MacIntel,57.80346821,667c3c4d32f4b404c46e325d,6833360e90b16110aa465fd4,683337b2bf39a2667ac7042c,,,,,,,,,,,,,,,,,,,,,,,,,,,,,,[-0.23435156928168402],[-0.018545396592881944],[1],[0],[0],[5.27059999999409],"[""coins_b_3"",""coins_b_3""]",0,10,10,5,1,76,3,-64,59,38,-55,5,14,-9,57.17225434,49.53786431,7.634390037,-64,-55,-9,0.05,-0.61,0.66,old,False,,,,,,,
,,,,,,60,female,retired educator,2025-05-25_11h31.31.011,lotterie_task,2024.2.4,MacIntel,57.80346821,667c3c4d32f4b404c46e325d,6833360e90b16110aa465fd4,683337b2bf39a2667ac7042c,,,,,,,,,,,,,,,,,,,,,,,,,,,,,,[-0.23700819227430556],[-0.020648532443576388],[1],[0],[0],[3.208099999994033],"[""coins_b_3"",""coins_b_3""]",0,11,11,15,1,63,2,-47,49,23,-45,6,9,-3,44.99629614,39.63163719,5.36465895,-47,-45,-2,0.13,-0.49,0.62,old,False,,,,,,,
,,,,,,60,female,retired educator,2025-05-25_11h31.31.011,lotterie_task,2024.2.4,MacIntel,57.80346821,667c3c4d32f4b404c46e325d,6833360e90b16110aa465fd4,683337b2bf39a2667ac7042c,,,,,,,,,,,,,,,,,,,,,,,,,,,,,,[-0.23648810492621528],[-0.025610283745659723],[1],[0],[0],[5.3219000000059395],"[""coins_b_3"",""coins_b_3""]",0,12,12,7,1,93,31,-8,70,68,-4,38.66666667,44.66666667,-6,41.5879256,34.42221505,7.165710549,-8,-4,-4,0.27,-0.71,0.98,old,False,,,,,,,
,,,,,,60,female,retired educator,2025-05-25_11h31.31.011,lotterie_task,2024.2.4,MacIntel,57.80346821,667c3c4d32f4b404c46e325d,6833360e90b16110aa465fd4,683337b2bf39a2667ac7042c,,,,,,,,,,,,,,,,,,,,,,,,,,,,,,[0.16974656846788194],[-0.06770138210720486],[1],[0],[0],[6.720799999997041],"[""coins_b_3"",""coins_b_3""]",0,13,13,26,1,93,58,-8,94,41,-1,47.66666667,44.66666667,3,41.87547678,38.87015422,3.005322563,-8,-1,-7,-0.36,0.14,-0.5,old,False,,,,,,,
,,,,,,60,female,retired educator,2025-05-25_11h31.31.011,lotterie_task,2024.2.4,MacIntel,57.80346821,667c3c4d32f4b404c46e325d,6833360e90b16110aa465fd4,683337b2bf39a2667ac7042c,,,,,,,,,,,,,,,,,,,,,,,,,,,,,,[0.2622195095486111],[-0.03811787923177083],[1],[0],[0],[7.668800000011913],"[""coins_b_3"",""coins_b_3""]",0,14,14,13,1,53,9,-17,37,30,-13,15,18,-3,28.89059824,22.10580618,6.784792065,-17,-13,-4,0.3,-0.65,0.95,old,False,,,,,,,
,,,,,,60,female,retired educator,2025-05-25_11h31.31.011,lotterie_task,2024.2.4,MacIntel,57.80346821,667c3c4d32f4b404c46e325d,6833360e90b16110aa465fd4,683337b2bf39a2667ac7042c,,,,,,,,,,,,,,,,,,,,,,,,,,,,,,[0.2501987711588542],[-0.03537692599826389],[1],[0],[0],[5.762299999997026],"[""coins_a_3"",""coins_a_3""]",0,15,15,36,1,68,25,-12,60,2,-8,27,18,9,32.69046752,29.97776954,2.712697979,-12,-8,-4,0.09,0.65,-0.56,old,False,,,,,,,
,,,,,,60,female,retired educator,2025-05-25_11h31.31.011,lotterie_task,2024.2.4,MacIntel,57.80346821,667c3c4d32f4b404c46e325d,6833360e90b16110aa465fd4,683337b2bf39a2667ac7042c,,,,,,,,,,,,,,,,,,,,,,,,,,,,,,[-0.26628709581163196],[-0.019555596245659723],[1],[0],[0],[4.956299999996986],"[""coins_b_3"",""coins_b_3""]",0,16,16,29,1,80,72,-12,88,45,-2,46.66666667,43.66666667,3,41.61196409,36.7544404,4.857523695,-12,-2,-10,-0.69,-0.05,-0.64,old,False,,,,,,,
,,,,,,60,female,retired educator,2025-05-25_11h31.31.011,lotterie_task,2024.2.4,MacIntel,57.80346821,667c3c4d32f4b404c46e325d,6833360e90b16110aa465fd4,683337b2bf39a2667ac7042c,,,,,,,,,,,,,,,,,,,,,,,,,,,,,,[0.12219143337673612],[-0.050181410047743055],[1],[0],[0],[10.320499999999981],"[""coins_b_3"",""coins_b_3""]",0,17,17,12,1,98,41,-24,75,68,-19,38.33333333,41.33333333,-3,49.8419725,42.75771535,7.084257142,-24,-19,-5,-0.08,-0.69,0.61,old,False,,,,,,,
,,,,,,60,female,retired educator,2025-05-25_11h31.31.011,lotterie_task,2024.2.4,MacIntel,57.80346821,667c3c4d32f4b404c46e325d,6833360e90b16110aa465fd4,683337b2bf39a2667ac7042c,,,,,,,,,,,,,,,,,,,,,,,,,,,,,,[0.12185350206163194],[-0.033925069173177086],[1],[0],[0],[4.143099999994035],"[""coins_b_3"",""coins_b_3""]",0,18,18,16,1,55,15,-13,42,31,-7,19,22,-3,27.90459938,20.99206199,6.91253739,-13,-7,-6,0.21,-0.56,0.77,old,False,,,,,,,
,,,,,,60,female,retired educator,2025-05-25_11h31.31.011,lotterie_task,2024.2.4,MacIntel,57.80346821,667c3c4d32f4b404c46e325d,6833360e90b16110aa465fd4,683337b2bf39a2667ac7042c,,,,,,,,,,,,,,,,,,,,,,,,,,,,,,[0.11373189290364584],[-0.03380116780598958],[1],[0],[0],[13.185399999991091],"[""coins_b_3"",""coins_b_3""]",0,19,19,40,1,97,58,-61,98,20,-51,31.33333333,22.33333333,9,67.20284386,60.85136719,6.351476665,-61,-51,-10,-0.53,0.06,-0.59,old,False,,,,,,,
,,,,,,60,female,retired educator,2025-05-25_11h31.31.011,lotterie_task,2024.2.4,MacIntel,57.80346821,667c3c4d32f4b404c46e325d,6833360e90b16110aa465fd4,683337b2bf39a2667ac7042c,,,,,,,,,,,,,,,,,,,,,,,,,,,,,,[0.11347588433159722],[-0.03458095974392361],[1],[0],[0],[3.6303999999910275],"[""coins_b_3"",""coins_b_3""]",0,20,20,0,1,67,11,-13,61,36,-5,21.66666667,30.66666667,-9,33.51948024,27.20702524,6.312455003,-13,-5,-8,0.45,-0.29,0.74,old,False,,,,,,,
,,,,,,60,female,retired educator,2025-05-25_11h31.31.011,lotterie_task,2024.2.4,MacIntel,57.80346821,667c3c4d32f4b404c46e325d,6833360e90b16110aa465fd4,683337b2bf39a2667ac7042c,,,,,,,,,,,,,,,,,,,,,,,,,,,,,,[-0.20743238661024305],[0.057116834852430555],[1],[0],[0],[2.677899999991098],"[""coins_b_3"",""coins_b_3""]",0,21,21,2,1,88,17,-44,82,43,-37,20.33333333,29.33333333,-9,53.94029621,49.5333782,4.406918017,-44,-37,-7,0.09,-0.39,0.48,old,False,,,,,,,
,,,,,,60,female,retired educator,2025-05-25_11h31.31.011,lotterie_task,2024.2.4,MacIntel,57.80346821,667c3c4d32f4b404c46e325d,6833360e90b16110aa465fd4,683337b2bf39a2667ac7042c,,,,,,,,,,,,,,,,,,,,,,,,,,,,,,[0.16745354546440971],[-0.02039089626736111],[1],[0],[0],[2.7824999999999704],"[""coins_b_3"",""coins_b_3""]",0,22,22,27,1,99,51,-13,95,36,-3,45.66666667,42.66666667,3,45.87906809,40.28509512,5.59397297,-13,-3,-10,-0.17,0.24,-0.41,old,False,,,,,,,
,,,,,,60,female,retired educator,2025-05-25_11h31.31.011,lotterie_task,2024.2.4,MacIntel,57.80346821,667c3c4d32f4b404c46e325d,6833360e90b16110aa465fd4,683337b2bf39a2667ac7042c,,,,,,,,,,,,,,,,,,,,,,,,,,,,,,[-0.24891574435763889],[-0.027984890407986112],[1],[0],[0],[13.091600000008953],"[""coins_a_3"",""coins_a_3""]",0,23,23,20,1,64,24,-23,50,35,-20,21.66666667,21.66666667,0,35.55590278,30.09245014,5.463452634,-23,-20,-3,-0.1,-0.58,0.48,old,False,,,,,,,
,,,,,,60,female,retired educator,2025-05-25_11h31.31.011,lotterie_task,2024.2.4,MacIntel,57.80346821,667c3c4d32f4b404c46e325d,6833360e90b16110aa465fd4,683337b2bf39a2667ac7042c,,,,,,,,,,,,,,,,,,,,,,,,,,,,,,[-0.21345540364583335],[-0.028241441514756944],[1],[0],[0],[3.2737000000029752],"[""coins_a_3"",""coins_a_3""]",0,24,24,37,1,91,81,-24,99,44,-22,49.33333333,40.33333333,9,52.01495511,49.46603773,2.548917383,-24,-22,-2,-0.69,-0.11,-0.58,old,False,,,,,,,
,,,,,,60,female,retired educator,2025-05-25_11h31.31.011,lotterie_task,2024.2.4,MacIntel,57.80346821,667c3c4d32f4b404c46e325d,6833360e90b16110aa465fd4,683337b2bf39a2667ac7042c,,,,,,,,,,,,,,,,,,,,,,,,,,,,,,[0.12360120985243056],[-0.053264634874131946],[1],[0],[0],[4.249899999991044],"[""coins_b_3"",""coins_b_3""]",0,25,25,9,1,83,23,-56,70,49,-51,16.66666667,22.66666667,-6,56.92294987,52.7909925,4.131957375,-56,-51,-5,-0.17,-0.62,0.45,old,False,,,,,,,
,,,,,,60,female,retired educator,2025-05-25_11h31.31.011,lotterie_task,2024.2.4,MacIntel,57.80346821,667c3c4d32f4b404c46e325d,6833360e90b16110aa465fd4,683337b2bf39a2667ac7042c,,,,,,,,,,,,,,,,,,,,,,,,,,,,,,[0.1183505588107639],[-0.04090450710720486],[1],[0],[0],[4.471400000005929],"[""coins_b_3"",""coins_b_3""]",0,26,26,23,1,95,48,-30,71,67,-25,37.66666667,37.66666667,0,51.55148451,44.3421044,7.209380118,-30,-25,-5,-0.29,-0.7,0.41,old,False,,,,,,,
,,,,,,60,female,retired educator,2025-05-25_11h31.31.011,lotterie_task,2024.2.4,MacIntel,57.80346821,667c3c4d32f4b404c46e325d,6833360e90b16110aa465fd4,683337b2bf39a2667ac7042c,,,,,,,,,,,,,,,,,,,,,,,,,,,,,,[-0.13775492350260415],[-0.025882737901475696],[1],[0],[0],[9.243499999999983],"[""coins_b_3"",""coins_b_3""]",0,27,27,31,1,74,43,-22,76,14,-13,31.66666667,25.66666667,6,40.00277768,37.25885428,2.743923402,-22,-13,-9,-0.4,0.44,-0.84,old,False,,,,,,,
,,,,,,60,female,retired educator,2025-05-25_11h31.31.011,lotterie_task,2024.2.4,MacIntel,57.80346821,667c3c4d32f4b404c46e325d,6833360e90b16110aa465fd4,683337b2bf39a2667ac7042c,,,,,,,,,,,,,,,,,,,,,,,,,,,,,,[-0.17226555718315972],[-0.023292507595486112],[1],[0],[0],[8.345599999994079],"[""coins_a_3"",""coins_a_3""]",0,28,28,39,1,84,27,-36,73,4,-29,25,16,9,49.01020302,42.49705872,6.513144298,-36,-29,-7,-0.06,0.4,-0.46,old,False,,,,,,,
,,,,,,60,female,retired educator,2025-05-25_11h31.31.011,lotterie_task,2024.2.4,MacIntel,57.80346821,667c3c4d32f4b404c46e325d,6833360e90b16110aa465fd4,683337b2bf39a2667ac7042c,,,,,,,,,,,,,,,,,,,,,,,,,,,,,,[-0.14199673122829862],[-0.036285332573784725],[1],[0],[0],[7.293099999994013],"[""coins_a_3"",""coins_a_3""]",0,29,29,33,1,61,54,-82,79,11,-75,11,5,6,65.82299497,63.01322612,2.809768844,-82,-75,-7,-0.7,-0.14,-0.56,old,False,,,,,,,
,,,,,,60,female,retired educator,2025-05-25_11h31.31.011,lotterie_task,2024.2.4,MacIntel,57.80346821,667c3c4d32f4b404c46e325d,6833360e90b16110aa465fd4,683337b2bf39a2667ac7042c,,,,,,,,,,,,,,,,,,,,,,,,,,,,,,[0.1327682156032986],[-0.039398125542534725],[1],[0],[0],[3.8122999999969807],"[""coins_b_3"",""coins_b_3""]",0,30,30,24,1,91,75,-12,94,55,-4,51.33333333,48.33333333,3,45.25728916,40.28509512,4.97219404,-12,-4,-8,-0.64,-0.24,-0.4,old,False,,,,,,,
,,,,,,60,female,retired educator,2025-05-25_11h31.31.011,lotterie_task,2024.2.4,MacIntel,57.80346821,667c3c4d32f4b404c46e325d,6833360e90b16110aa465fd4,683337b2bf39a2667ac7042c,,,,,,,,,,,,,,,,,,,,,,,,,,,,,,[-0.21455240885416665],[0.016080254448784723],[1],[0],[0],[2.818599999994035],"[""coins_b_3"",""coins_b_3""]",0,31,31,10,1,67,19,-22,60,38,-16,21.33333333,27.33333333,-6,36.37153955,31.93048004,4.441059506,-22,-16,-6,0.1,-0.46,0.56,old,False,,,,,,,
,,,,,,60,female,retired educator,2025-05-25_11h31.31.011,lotterie_task,2024.2.4,MacIntel,57.80346821,667c3c4d32f4b404c46e325d,6833360e90b16110aa465fd4,683337b2bf39a2667ac7042c,,,,,,,,,,,,,,,,,,,,,,,,,,,,,,[-0.26925876193576387],[-0.016165093315972223],[1],[0],[0],[2.7077999999970075],"[""coins_b_3"",""coins_b_3""]",0,32,32,14,1,53,8,-34,41,23,-28,9,12,-3,35.52463934,29.22327839,6.301360944,-34,-28,-6,0.04,-0.51,0.55,old,False,,,,,,,
,,,,,,60,female,retired educator,2025-05-25_11h31.31.011,lotterie_task,2024.2.4,MacIntel,57.80346821,667c3c4d32f4b404c46e325d,6833360e90b16110aa465fd4,683337b2bf39a2667ac7042c,,,,,,,,,,,,,,,,,,,,,,,,,,,,,,[-0.27470201280381945],[-0.022919175889756945],[1],[0],[0],[2.598799999997027],"[""coins_b_3"",""coins_b_3""]",0,33,33,6,1,80,10,-63,59,46,-60,9,15,-6,58.3837877,53.2979049,5.085882805,-63,-60,-3,-0.03,-0.68,0.65,old,False,,,,,,,
,,,,,,60,female,retired educator,2025-05-25_11h31.31.011,lotterie_task,2024.2.4,MacIntel,57.80346821,667c3c4d32f4b404c46e325d,6833360e90b16110aa465fd4,683337b2bf39a2667ac7042c,,,,,,,,,,,,,,,,,,,,,,,,,,,,,,[-0.2773576185438368],[-0.02528228759765625],[1],[0],[0],[3.291899999991074],"[""coins_b_3"",""coins_b_3""]",0,34,34,34,1,94,70,-40,98,38,-30,41.33333333,35.33333333,6,58.33999962,52.2897908,6.050208816,-40,-30,-10,-0.62,-0.08,-0.54,old,False,,,,,,,
,,,,,,60,female,retired educator,2025-05-25_11h31.31.011,lotterie_task,2024.2.4,MacIntel,57.80346821,667c3c4d32f4b404c46e325d,6833360e90b16110aa465fd4,683337b2bf39a2667ac7042c,,,,,,,,,,,,,,,,,,,,,,,,,,,,,,[-0.17520222981770833],[-0.047268269856770836],[1],[0],[0],[11.096700000002954],"[""coins_b_3"",""coins_b_3""]",0,35,35,30,1,81,24,-16,74,4,-7,29.66666667,23.66666667,6,39.80228916,35.8732336,3.929055559,-16,-7,-9,0.21,0.66,-0.45,old,False,,,,,,,
,,,,,,60,female,retired educator,2025-05-25_11h31.31.011,lotterie_task,2024.2.4,MacIntel,57.80346821,667c3c4d32f4b404c46e325d,6833360e90b16110aa465fd4,683337b2bf39a2667ac7042c,,,,,,,,,,,,,,,,,,,,,,,,,,,,,,[-0.17905788845486112],[-0.019199557834201388],[1],[0],[0],[2.093900000005931],"[""coins_b_3"",""coins_b_3""]",0,36,36,22,1,66,31,-13,68,19,-3,28,28,0,32.3213036,29.67602849,2.645275119,-13,-3,-10,-0.14,0.43,-0.57,old,False,,,,,,,
,,,,,,60,female,retired educator,2025-05-25_11h31.31.011,lotterie_task,2024.2.4,MacIntel,57.80346821,667c3c4d32f4b404c46e325d,6833360e90b16110aa465fd4,683337b2bf39a2667ac7042c,,,,,,,,,,,,,,,,,,,,,,,,,,,,,,[-0.20437249077690972],[-0.03237155490451389],[1],[0],[0],[1.894199999988075],"[""coins_b_3"",""coins_b_3""]",0,37,37,18,1,77,25,-58,53,45,-54,14.66666667,14.66666667,0,55.59576323,48.66438351,6.93137972,-58,-54,-4,-0.27,-0.69,0.42,old,False,,,,,,,
,,,,,,60,female,retired educator,2025-05-25_11h31.31.011,lotterie_task,2024.2.4,MacIntel,57.80346821,667c3c4d32f4b404c46e325d,6833360e90b16110aa465fd4,683337b2bf39a2667ac7042c,,,,,,,,,,,,,,,,,,,,,,,,,,,,,,[-0.20437249077690972],[-0.033943108452690975],[1],[0],[0],[1.976400000005981],"[""coins_b_3"",""coins_b_3""]",0,38,38,1,1,85,2,-81,57,52,-76,2,11,-9,67.76921622,61.55214591,6.217070303,-81,-76,-5,0,-0.7,0.7,old,False,,,,,,,
,,,,,,60,female,retired educator,2025-05-25_11h31.31.011,lotterie_task,2024.2.4,MacIntel,57.80346821,667c3c4d32f4b404c46e325d,6833360e90b16110aa465fd4,683337b2bf39a2667ac7042c,,,,,,,,,,,,,,,,,,,,,,,,,,,,,,[0.1354549831814236],[-0.04942294650607639],[1],[0],[0],[7.0355999999940195],"[""coins_b_3"",""coins_b_3""]",0,39,39,41,1,91,54,-88,96,14,-80,19,10,9,77.1535266,71.90734779,5.246178806,-88,-80,-8,-0.59,-0.08,-0.51,old,False,,,,,,,
,,,,,,60,female,retired educator,2025-05-25_11h31.31.011,lotterie_task,2024.2.4,MacIntel,57.80346821,667c3c4d32f4b404c46e325d,6833360e90b16110aa465fd4,683337b2bf39a2667ac7042c,,,,,,,,,,,,,,,,,,,,,,,,,,,,,,[-0.13621826171875],[-0.0194683837890625],[1],[0],[0],[3.230799999996975],"[""coins_b_3"",""coins_b_3""]",0,40,40,32,1,93,64,-10,95,40,-6,49,43,6,43.36665386,41.28760912,2.079044738,-10,-6,-4,-0.48,0.11,-0.59,old,False,,,,,,,
,,,,,,60,female,retired educator,2025-05-25_11h31.31.011,lotterie_task,2024.2.4,MacIntel,57.80346821,667c3c4d32f4b404c46e325d,6833360e90b16110aa465fd4,683337b2bf39a2667ac7042c,,,,,,,,,,,,,,,,,,,,,,,,,,,,,,[-0.16376512315538194],[-0.03779025607638889],[1],[0],[0],[2.494000000000028],"[""coins_b_3"",""coins_b_3""]",0,41,41,42,1,39,22,-40,47,30,-33,7,14.67,7.67,1044.67,1036.22,-8.45,40,33,-7,0.05,0.1,0.05,old,true,,,,,,,
,,,,,,60,female,retired educator,2025-05-25_11h31.31.011,lotterie_task,2024.2.4,MacIntel,57.80346821,667c3c4d32f4b404c46e325d,6833360e90b16110aa465fd4,683337b2bf39a2667ac7042c,,,,,,,,,,,,,,,,,,,,,,,,,,,,,,[0.1136907958984375],[-0.06290540907118056],[1],[0],[0],[4.732299999996997],"[""coins_b_3"",""coins_b_3""]",0,42,42,17,1,99,35,-16,88,50,-11,39.33333333,42.33333333,-3,47.0484384,40.77853466,6.269903738,-16,-11,-5,0.14,-0.28,0.42,old,False,,,,,,,
,,,,,,60,female,retired educator,2025-05-25_11h31.31.011,lotterie_task,2024.2.4,MacIntel,57.80346821,667c3c4d32f4b404c46e325d,6833360e90b16110aa465fd4,683337b2bf39a2667ac7042c,,,,,,,,,,,,,,,,,,,,,,,,,,,,480.9169,480.9169,[-0.22251085069444446],[-0.011932169596354167],[1],[0],[0],[3.9962000000030002],"[""coins_b_3"",""coins_b_3""]",0,0,0,15,1,73,32,-44,95,17,-42,20.33333333,23.33333333,-3,48.47221426,56.10902086,-7.6368066,-44,-42,-2,-0.35,0.17,-0.52,new,False,1,[480.918900000006],[480.918900000006],,,,
,,,,,,60,female,retired educator,2025-05-25_11h31.31.011,lotterie_task,2024.2.4,MacIntel,57.80346821,667c3c4d32f4b404c46e325d,6833360e90b16110aa465fd4,683337b2bf39a2667ac7042c,,,,,,,,,,,,,,,,,,,,,,,,,,,,,,[-0.22413370768229166],[-0.0159466552734375],[1],[0],[0],[3.195100000009006],"[""coins_b_3"",""coins_b_3""]",0,1,1,14,1,51,25,-16,72,5,-8,20,23,-3,27.58018612,35.05234181,-7.47215569,-16,-8,-8,-0.27,0.63,-0.9,new,False,,,,,,,
,,,,,,60,female,retired educator,2025-05-25_11h31.31.011,lotterie_task,2024.2.4,MacIntel,57.80346821,667c3c4d32f4b404c46e325d,6833360e90b16110aa465fd4,683337b2bf39a2667ac7042c,,,,,,,,,,,,,,,,,,,,,,,,,,,,,,[0.15385403103298612],[-0.028397386338975695],[1],[0],[0],[3.113599999993994],"[""coins_b_3"",""coins_b_3""]",0,2,2,31,1,82,41,-36,94,3,-28,29,23,6,48.91489207,51.77515492,-2.860262842,-36,-28,-8,-0.35,0.52,-0.87,new,False,,,,,,,
,,,,,,60,female,retired educator,2025-05-25_11h31.31.011,lotterie_task,2024.2.4,MacIntel,57.80346821,667c3c4d32f4b404c46e325d,6833360e90b16110aa465fd4,683337b2bf39a2667ac7042c,,,,,,,,,,,,,,,,,,,,,,,,,,,,,,[0.15254496256510416],[-0.023920355902777777],[1],[0],[0],[1.876699999988091],"[""coins_b_3"",""coins_b_3""]",0,3,3,9,1,56,49,-15,84,31,-7,30,36,-6,31.94787421,37.31844941,-5.370575202,-15,-7,-8,-0.68,0.2,-0.88,new,False,,,,,,,
,,,,,,60,female,retired educator,2025-05-25_11h31.31.011,lotterie_task,2024.2.4,MacIntel,57.80346821,667c3c4d32f4b404c46e325d,6833360e90b16110aa465fd4,683337b2bf39a2667ac7042c,,,,,,,,,,,,,,,,,,,,,,,,,,,,,,[-0.12541476779513888],[-0.0069233534071180556],[1],[0],[0],[1.960700000003044],"[""coins_b_3"",""coins_b_3""]",0,4,4,22,1,65,61,-27,97,23,-21,33,33,0,42.45782221,48.68949236,-6.231670156,-27,-21,-6,-0.7,0.3,-1,new,False,,,,,,,
,,,,,,60,female,retired educator,2025-05-25_11h31.31.011,lotterie_task,2024.2.4,MacIntel,57.80346821,667c3c4d32f4b404c46e325d,6833360e90b16110aa465fd4,683337b2bf39a2667ac7042c,,,,,,,,,,,,,,,,,,,,,,,,,,,,,,[-0.1283682590060764],[-0.009619547526041666],[1],[0],[0],[1.3732999999970161],"[""coins_b_3"",""coins_b_3""]",0,5,5,42,1,45,12,-30,50,15,-25,9,13.33,4.33,916,902.22,-13.78,30,25,-5,0.2,0.3,0.1,new,true,,,,,,,
,,,,,,60,female,retired educator,2025-05-25_11h31.31.011,lotterie_task,2024.2.4,MacIntel,57.80346821,667c3c4d32f4b404c46e325d,6833360e90b16110aa465fd4,683337b2bf39a2667ac7042c,,,,,,,,,,,,,,,,,,,,,,,,,,,,,,[0.12888956705729165],[-0.02220099555121528],[1],[0],[0],[1.5910999999940714],"[""coins_b_3"",""coins_b_3""]",0,6,6,11,1,62,41,-30,88,24,-21,24.33333333,30.33333333,-6,39.36439452,44.723844,-5.359449486,-30,-21,-9,-0.56,0.21,-0.77,new,False,,,,,,,
,,,,,,60,female,retired educator,2025-05-25_11h31.31.011,lotterie_task,2024.2.4,MacIntel,57.80346821,667c3c4d32f4b404c46e325d,6833360e90b16110aa465fd4,683337b2bf39a2667ac7042c,,,,,,,,,,,,,,,,,,,,,,,,,,,,,,[0.12356892903645833],[-0.023536207411024305],[1],[0],[0],[3.024000000000001],"[""coins_b_3"",""coins_b_3""]",0,7,7,25,1,62,55,-78,93,7,-70,13,10,3,64.41014413,66.57827473,-2.168130606,-78,-70,-8,-0.7,0.07,-0.77,new,False,,,,,,,
,,,,,,60,female,retired educator,2025-05-25_11h31.31.011,lotterie_task,2024.2.4,MacIntel,57.80346821,667c3c4d32f4b404c46e325d,6833360e90b16110aa465fd4,683337b2bf39a2667ac7042c,,,,,,,,,,,,,,,,,,,,,,,,,,,,,,[-0.18891655815972222],[-0.007078653971354167],[1],[0],[0],[4.091700000003016],"[""coins_b_3"",""coins_b_3""]",0,8,8,30,1,86,35,-10,92,6,-5,37,31,6,39.2173431,43.36665386,-4.149310754,-10,-5,-5,0.08,0.67,-0.59,new,False,,,,,,,
,,,,,,60,female,retired educator,2025-05-25_11h31.31.011,lotterie_task,2024.2.4,MacIntel,57.80346821,667c3c4d32f4b404c46e325d,6833360e90b16110aa465fd4,683337b2bf39a2667ac7042c,,,,,,,,,,,,,,,,,,,,,,,,,,,,,,[-0.219830322265625],[-0.002923583984375],[1],[0],[0],[7.256400000005897],"[""coins_a_3"",""coins_a_3""]",0,9,9,40,1,94,45,-8,97,10,-3,43.66666667,34.66666667,9,41.65199742,44.39469438,-2.74269696,-8,-3,-5,-0.05,0.66,-0.71,new,False,,,,,,,
,,,,,,60,female,retired educator,2025-05-25_11h31.31.011,lotterie_task,2024.2.4,MacIntel,57.80346821,667c3c4d32f4b404c46e325d,6833360e90b16110aa465fd4,683337b2bf39a2667ac7042c,,,,,,,,,,,,,,,,,,,,,,,,,,,,,,[0.13846354166666666],[0.005146484375],[1],[0],[0],[3.6634000000060496],"[""coins_b_3"",""coins_b_3""]",0,10,10,17,1,59,17,-45,75,4,-39,10.33333333,13.33333333,-3,42.71871825,47.00590979,-4.287191544,-45,-39,-6,-0.23,0.29,-0.52,new,False,,,,,,,
,,,,,,60,female,retired educator,2025-05-25_11h31.31.011,lotterie_task,2024.2.4,MacIntel,57.80346821,667c3c4d32f4b404c46e325d,6833360e90b16110aa465fd4,683337b2bf39a2667ac7042c,,,,,,,,,,,,,,,,,,,,,,,,,,,,,,[0.1350067138671875],[0.007108968098958333],[1],[0],[0],[2.2167000000030157],"[""coins_b_3"",""coins_b_3""]",0,11,11,10,1,58,27,-28,78,17,-20,19,25,-6,35.56215217,40.40627014,-4.844117975,-28,-20,-8,-0.33,0.29,-0.62,new,False,,,,,,,
,,,,,,60,female,retired educator,2025-05-25_11h31.31.011,lotterie_task,2024.2.4,MacIntel,57.80346821,667c3c4d32f4b404c46e325d,6833360e90b16110aa465fd4,683337b2bf39a2667ac7042c,,,,,,,,,,,,,,,,,,,,,,,,,,,,,,[0.12326863606770834],[0.010385877821180556],[1],[0],[0],[9.784599999994043],"[""coins_a_3"",""coins_a_3""]",0,12,12,32,1,61,33,-4,66,7,-1,30,24,6,26.62079388,29.87752779,-3.25673391,-4,-1,-3,-0.17,0.67,-0.84,new,False,,,,,,,
,,,,,,60,female,retired educator,2025-05-25_11h31.31.011,lotterie_task,2024.2.4,MacIntel,57.80346821,667c3c4d32f4b404c46e325d,6833360e90b16110aa465fd4,683337b2bf39a2667ac7042c,,,,,,,,,,,,,,,,,,,,,,,,,,,,,,[-0.11910563151041667],[0.043280232747395835],[1],[0],[0],[2.279300000011972],"[""coins_b_3"",""coins_b_3""]",0,13,13,4,1,40,34,-14,62,29,-4,20,29,-9,24.16609195,26.94438717,-2.778295223,-14,-4,-10,-0.67,0,-0.67,new,False,,,,,,,
,,,,,,60,female,retired educator,2025-05-25_11h31.31.011,lotterie_task,2024.2.4,MacIntel,57.80346821,667c3c4d32f4b404c46e325d,6833360e90b16110aa465fd4,683337b2bf39a2667ac7042c,,,,,,,,,,,,,,,,,,,,,,,,,,,,,,[-0.12392768012152777],[0.03413065592447917],[1],[0],[0],[1.914400000006026],"[""coins_b_3"",""coins_b_3""]",0,14,14,3,1,62,43,-86,99,27,-80,6.333333333,15.33333333,-9,65.74867975,73.54061614,-7.79193639,-86,-80,-6,-0.66,-0.23,-0.43,new,False,,,,,,,
,,,,,,60,female,retired educator,2025-05-25_11h31.31.011,lotterie_task,2024.2.4,MacIntel,57.80346821,667c3c4d32f4b404c46e325d,6833360e90b16110aa465fd4,683337b2bf39a2667ac7042c,,,,,,,,,,,,,,,,,,,,,,,,,,,,,,[-0.09719794379340278],[0.06470713297526041],[1],[0],[0],[2.2454999999999927],"[""coins_b_3"",""coins_b_3""]",0,15,15,16,1,66,55,-73,97,23,-63,16,19,-3,63.09252465,65.38093504,-2.28841039,-73,-63,-10,-0.69,-0.09,-0.6,new,False,,,,,,,
,,,,,,60,female,retired educator,2025-05-25_11h31.31.011,lotterie_task,2024.2.4,MacIntel,57.80346821,667c3c4d32f4b404c46e325d,6833360e90b16110aa465fd4,683337b2bf39a2667ac7042c,,,,,,,,,,,,,,,,,,,,,,,,,,,,,,[0.0671585422092014],[0.03720737033420139],[1],[0],[0],[8.569900000005987],"[""coins_a_3"",""coins_a_3""]",0,16,16,41,1,83,36,-11,86,2,-7,36,27,9,38.3753393,41.88078318,-3.505443879,-11,-7,-4,0,0.68,-0.68,new,False,,,,,,,
,,,,,,60,female,retired educator,2025-05-25_11h31.31.011,lotterie_task,2024.2.4,MacIntel,57.80346821,667c3c4d32f4b404c46e325d,6833360e90b16110aa465fd4,683337b2bf39a2667ac7042c,,,,,,,,,,,,,,,,,,,,,,,,,,,,,,[0.058448486328125],[0.03720737033420139],[1],[0],[0],[2.9927000000029693],"[""coins_a_3"",""coins_a_3""]",0,17,17,37,1,74,56,-98,99,2,-96,10.66666667,1.666666667,9,77.18952145,79.60876557,-2.419244116,-98,-96,-2,-0.68,-0.01,-0.67,new,False,,,,,,,
,,,,,,60,female,retired educator,2025-05-25_11h31.31.011,lotterie_task,2024.2.4,MacIntel,57.80346821,667c3c4d32f4b404c46e325d,6833360e90b16110aa465fd4,683337b2bf39a2667ac7042c,,,,,,,,,,,,,,,,,,,,,,,,,,,,,,[-0.13654520670572917],[0.010715264214409723],[1],[0],[0],[3.541500000000042],"[""coins_a_3"",""coins_a_3""]",0,18,18,28,1,60,59,-71,98,2,-61,16,13,3,61.51964456,65.37583651,-3.856191956,-71,-61,-10,-0.71,0.25,-0.96,new,False,,,,,,,
,,,,,,60,female,retired educator,2025-05-25_11h31.31.011,lotterie_task,2024.2.4,MacIntel,57.80346821,667c3c4d32f4b404c46e325d,6833360e90b16110aa465fd4,683337b2bf39a2667ac7042c,,,,,,,,,,,,,,,,,,,,,,,,,,,,,,[0.10524712456597222],[-0.0020292833116319444],[1],[0],[0],[3.8017000000029384],"[""coins_b_3"",""coins_b_3""]",0,19,19,6,1,59,34,-23,76,30,-18,23.33333333,29.33333333,-6,34.31552936,38.37823457,-4.062705208,-23,-18,-5,-0.44,-0.03,-0.41,new,False,,,,,,,
,,,,,,60,female,retired educator,2025-05-25_11h31.31.011,lotterie_task,2024.2.4,MacIntel,57.80346821,667c3c4d32f4b404c46e325d,6833360e90b16110aa465fd4,683337b2bf39a2667ac7042c,,,,,,,,,,,,,,,,,,,,,,,,,,,,,,[-0.10395155164930556],[-0.015664808485243056],[1],[0],[0],[6.597499999999968],"[""coins_a_3"",""coins_a_3""]",0,20,20,19,1,70,31,-60,87,5,-51,13.66666667,13.66666667,0,54.46915539,56.6705881,-2.20143271,-60,-51,-9,-0.45,0.23,-0.68,new,False,,,,,,,
,,,,,,60,female,retired educator,2025-05-25_11h31.31.011,lotterie_task,2024.2.4,MacIntel,57.80346821,667c3c4d32f4b404c46e325d,6833360e90b16110aa465fd4,683337b2bf39a2667ac7042c,,,,,,,,,,,,,,,,,,,,,,,,,,,,,,[-0.12418023003472223],[-0.025794881184895833],[1],[0],[0],[2.9337999999969497],"[""coins_a_3"",""coins_a_3""]",0,21,21,39,1,85,45,-46,95,4,-42,28,19,9,54.81483984,56.92685365,-2.112013812,-46,-42,-4,-0.44,0.38,-0.82,new,False,,,,,,,
,,,,,,60,female,retired educator,2025-05-25_11h31.31.011,lotterie_task,2024.2.4,MacIntel,57.80346821,667c3c4d32f4b404c46e325d,6833360e90b16110aa465fd4,683337b2bf39a2667ac7042c,,,,,,,,,,,,,,,,,,,,,,,,,,,,,,[-0.11679938422309027],[-0.05345330132378472],[1],[0],[0],[5.310700000003067],"[""coins_a_3"",""coins_a_3""]",0,22,22,20,1,71,36,-38,93,11,-35,23,23,0,45.43860326,52.94021786,-7.501614591,-38,-35,-3,-0.41,0.33,-0.74,new,False,,,,,,,
,,,,,,60,female,retired educator,2025-05-25_11h31.31.011,lotterie_task,2024.2.4,MacIntel,57.80346821,667c3c4d32f4b404c46e325d,6833360e90b16110aa465fd4,683337b2bf39a2667ac7042c,,,,,,,,,,,,,,,,,,,,,,,,,,,,,,[-0.14309983995225695],[-0.0154931640625],[1],[0],[0],[4.263599999994085],"[""coins_a_3"",""coins_a_3""]",0,23,23,36,1,83,52,-36,96,9,-33,33,24,9,50.4050262,53.72150407,-3.31647787,-36,-33,-3,-0.51,0.4,-0.91,new,False,,,,,,,
,,,,,,60,female,retired educator,2025-05-25_11h31.31.011,lotterie_task,2024.2.4,MacIntel,57.80346821,667c3c4d32f4b404c46e325d,6833360e90b16110aa465fd4,683337b2bf39a2667ac7042c,,,,,,,,,,,,,,,,,,,,,,,,,,,,,,[0.16087754991319445],[-0.03556813557942708],[1],[0],[0],[3.858799999997018],"[""coins_b_3"",""coins_b_3""]",0,24,24,13,1,74,29,-58,96,13,-55,15,18,-3,54.79051013,61.74679479,-6.956284661,-58,-55,-3,-0.37,0.12,-0.49,new,False,,,,,,,
,,,,,,60,female,retired educator,2025-05-25_11h31.31.011,lotterie_task,2024.2.4,MacIntel,57.80346821,667c3c4d32f4b404c46e325d,6833360e90b16110aa465fd4,683337b2bf39a2667ac7042c,,,,,,,,,,,,,,,,,,,,,,,,,,,,,,[0.11559129503038194],[-0.018856981065538195],[1],[0],[0],[9.568299999997066],"[""coins_b_3"",""coins_b_3""]",0,25,25,34,1,76,38,-12,82,9,-7,34,28,6,36.037018,38.73843914,-2.701421131,-12,-7,-5,-0.17,0.62,-0.79,new,False,,,,,,,
,,,,,,60,female,retired educator,2025-05-25_11h31.31.011,lotterie_task,2024.2.4,MacIntel,57.80346821,667c3c4d32f4b404c46e325d,6833360e90b16110aa465fd4,683337b2bf39a2667ac7042c,,,,,,,,,,,,,,,,,,,,,,,,,,,,,,[-0.14791422526041667],[-0.024131808810763888],[1],[0],[0],[4.239000000000033],"[""coins_b_3"",""coins_b_3""]",0,26,26,24,1,82,33,-22,91,7,-14,31,28,3,42.48136847,45.36518489,-2.883816424,-22,-14,-8,-0.07,0.6,-0.67,new,False,,,,,,,
,,,,,,60,female,retired educator,2025-05-25_11h31.31.011,lotterie_task,2024.2.4,MacIntel,57.80346821,667c3c4d32f4b404c46e325d,6833360e90b16110aa465fd4,683337b2bf39a2667ac7042c,,,,,,,,,,,,,,,,,,,,,,,,,,,,,,[0.09669745551215278],[0.0024586995442708332],[1],[0],[0],[3.223299999997039],"[""coins_b_3"",""coins_b_3""]",0,27,27,12,1,56,39,-80,86,11,-73,5,8,-3,60.50344343,64.94613152,-4.442688096,-80,-73,-7,-0.67,-0.07,-0.6,new,False,,,,,,,
,,,,,,60,female,retired educator,2025-05-25_11h31.31.011,lotterie_task,2024.2.4,MacIntel,57.80346821,667c3c4d32f4b404c46e325d,6833360e90b16110aa465fd4,683337b2bf39a2667ac7042c,,,,,,,,,,,,,,,,,,,,,,,,,,,,,,[-0.13366183810763888],[-0.009970974392361111],[1],[0],[0],[1.7933999999910384],"[""coins_b_3"",""coins_b_3""]",0,28,28,5,1,67,58,-29,93,49,-19,32,41,-9,43.28972164,46.07240678,-2.782685138,-29,-19,-10,-0.68,-0.26,-0.42,new,False,,,,,,,
,,,,,,60,female,retired educator,2025-05-25_11h31.31.011,lotterie_task,2024.2.4,MacIntel,57.80346821,667c3c4d32f4b404c46e325d,6833360e90b16110aa465fd4,683337b2bf39a2667ac7042c,,,,,,,,,,,,,,,,,,,,,,,,,,,,,,[-0.13165323893229167],[-0.0141925048828125],[1],[0],[0],[1.0582999999969616],"[""coins_b_3"",""coins_b_3""]",0,29,29,2,1,41,39,-29,73,26,-21,17,26,-9,32.53715825,38.3753393,-5.838181059,-29,-21,-8,-0.71,0,-0.71,new,False,,,,,,,
,,,,,,60,female,retired educator,2025-05-25_11h31.31.011,lotterie_task,2024.2.4,MacIntel,57.80346821,667c3c4d32f4b404c46e325d,6833360e90b16110aa465fd4,683337b2bf39a2667ac7042c,,,,,,,,,,,,,,,,,,,,,,,,,,,,,,[0.11207139756944444],[-0.014964430067274305],[1],[0],[0],[8.18920000000287],"[""coins_a_3"",""coins_a_3""]",0,30,30,21,1,63,62,-52,88,34,-49,24.33333333,24.33333333,0,53.97736151,56.34615239,-2.368790878,-52,-49,-3,-0.71,-0.25,-0.46,new,False,,,,,,,
,,,,,,60,female,retired educator,2025-05-25_11h31.31.011,lotterie_task,2024.2.4,MacIntel,57.80346821,667c3c4d32f4b404c46e325d,6833360e90b16110aa465fd4,683337b2bf39a2667ac7042c,,,,,,,,,,,,,,,,,,,,,,,,,,,,,,[-0.11522962782118056],[-0.015014207628038194],[1],[0],[0],[4.115499999999997],"[""coins_b_3"",""coins_b_3""]",0,31,31,1,1,45,40,-49,77,30,-44,12,21,-9,43.18178628,49.80629144,-6.624505153,-49,-44,-5,-0.7,-0.27,-0.43,new,False,,,,,,,
,,,,,,60,female,retired educator,2025-05-25_11h31.31.011,lotterie_task,2024.2.4,MacIntel,57.80346821,667c3c4d32f4b404c46e325d,6833360e90b16110aa465fd4,683337b2bf39a2667ac7042c,,,,,,,,,,,,,,,,,,,,,,,,,,,,,,[-0.1412268744574653],[-0.028086954752604167],[1],[0],[0],[2.863200000002962],"[""coins_a_3"",""coins_a_3""]",0,32,32,38,1,75,60,-69,99,6,-66,22,13,9,64.63745044,67.54257916,-2.905128718,-69,-66,-3,-0.68,0.15,-0.83,new,False,,,,,,,
,,,,,,60,female,retired educator,2025-05-25_11h31.31.011,lotterie_task,2024.2.4,MacIntel,57.80346821,667c3c4d32f4b404c46e325d,6833360e90b16110aa465fd4,683337b2bf39a2667ac7042c,,,,,,,,,,,,,,,,,,,,,,,,,,,,,,[-0.18340718587239582],[-0.05933614095052083],[1],[0],[0],[3.007900000005975],"[""coins_a_3"",""coins_a_3""]",0,33,33,35,1,75,51,-33,96,10,-31,31,25,6,46.30334761,52.92132525,-6.617977643,-33,-31,-2,-0.57,0.4,-0.97,new,False,,,,,,,
,,,,,,60,female,retired educator,2025-05-25_11h31.31.011,lotterie_task,2024.2.4,MacIntel,57.80346821,667c3c4d32f4b404c46e325d,6833360e90b16110aa465fd4,683337b2bf39a2667ac7042c,,,,,,,,,,,,,,,,,,,,,,,,,,,,,,[0.11275858561197917],[-0.04428365071614583],[1],[0],[0],[7.716000000000008],"[""coins_b_3"",""coins_b_3""]",0,34,34,23,1,57,33,-39,75,10,-34,17,17,0,40.79215611,44.77350407,-3.981347961,-39,-34,-5,-0.53,0.23,-0.76,new,False,,,,,,,
,,,,,,60,female,retired educator,2025-05-25_11h31.31.011,lotterie_task,2024.2.4,MacIntel,57.80346821,667c3c4d32f4b404c46e325d,6833360e90b16110aa465fd4,683337b2bf39a2667ac7042c,,,,,,,,,,,,,,,,,,,,,,,,,,,,,,[0.08938856336805556],[-0.0235107421875],[1],[0],[0],[8.30780000001198],"[""coins_a_3"",""coins_a_3""]",0,35,35,29,1,59,53,-70,91,2,-60,14,11,3,59.44745579,61.97311245,-2.525656659,-70,-60,-10,-0.7,0.21,-0.91,new,False,,,,,,,
,,,,,,60,female,retired educator,2025-05-25_11h31.31.011,lotterie_task,2024.2.4,MacIntel,57.80346821,667c3c4d32f4b404c46e325d,6833360e90b16110aa465fd4,683337b2bf39a2667ac7042c,,,,,,,,,,,,,,,,,,,,,,,,,,,,,,[0.09768018934461806],[-0.008575981987847222],[1],[0],[0],[4.257299999996917],"[""coins_b_3"",""coins_b_3""]",0,36,36,7,1,72,24,-26,91,16,-19,23.33333333,29.33333333,-6,40.01110957,45.88633299,-5.875223425,-26,-19,-7,-0.02,0.41,-0.43,new,False,,,,,,,
,,,,,,60,female,retired educator,2025-05-25_11h31.31.011,lotterie_task,2024.2.4,MacIntel,57.80346821,667c3c4d32f4b404c46e325d,6833360e90b16110aa465fd4,683337b2bf39a2667ac7042c,,,,,,,,,,,,,,,,,,,,,,,,,,,,,,[0.08620612250434027],[-0.011597256130642362],[1],[0],[0],[6.500499999999988],"[""coins_a_3"",""coins_a_3""]",0,37,37,26,1,67,34,-14,82,3,-7,29,26,3,33.2565783,39.80787192,-6.551293622,-14,-7,-7,-0.22,0.67,-0.89,new,False,,,,,,,
,,,,,,60,female,retired educator,2025-05-25_11h31.31.011,lotterie_task,2024.2.4,MacIntel,57.80346821,667c3c4d32f4b404c46e325d,6833360e90b16110aa465fd4,683337b2bf39a2667ac7042c,,,,,,,,,,,,,,,,,,,,,,,,,,,,,,[-0.10915262858072916],[-0.00034132215711805557],[1],[0],[0],[2.498799999997118],"[""coins_b_3"",""coins_b_3""]",0,38,38,8,1,76,31,-39,96,19,-29,22.66666667,28.66666667,-6,47.31689856,51.48678363,-4.169885078,-39,-29,-10,-0.26,0.28,-0.54,new,False,,,,,,,
,,,,,,60,female,retired educator,2025-05-25_11h31.31.011,lotterie_task,2024.2.4,MacIntel,57.80346821,667c3c4d32f4b404c46e325d,6833360e90b16110aa465fd4,683337b2bf39a2667ac7042c,,,,,,,,,,,,,,,,,,,,,,,,,,,,,,[-0.11600423177083333],[-0.01213650173611111],[1],[0],[0],[2.4750999999939722],"[""coins_b_3"",""coins_b_3""]",0,39,39,18,1,65,35,-38,81,15,-34,20.66666667,20.66666667,0,43.25377312,47.1192341,-3.865460983,-38,-34,-4,-0.46,0.18,-0.64,new,False,,,,,,,
,,,,,,60,female,retired educator,2025-05-25_11h31.31.011,lotterie_task,2024.2.4,MacIntel,57.80346821,667c3c4d32f4b404c46e325d,6833360e90b16110aa465fd4,683337b2bf39a2667ac7042c,,,,,,,,,,,,,,,,,,,,,,,,,,,,,,[0.15681057400173612],[-0.03203277587890625],[1],[0],[0],[3.917900000005943],"[""coins_a_3"",""coins_a_3""]",0,40,40,27,1,73,35,-13,82,8,-4,31.66666667,28.66666667,3,35.18838192,38.02922853,-2.840846604,-13,-4,-9,-0.14,0.65,-0.79,new,False,,,,,,,
,,,,,,60,female,retired educator,2025-05-25_11h31.31.011,lotterie_task,2024.2.4,MacIntel,57.80346821,667c3c4d32f4b404c46e325d,6833360e90b16110aa465fd4,683337b2bf39a2667ac7042c,,,,,,,,,,,,,,,,,,,,,,,,,,,,,,[-0.1260443115234375],[-0.029622870551215277],[1],[0],[0],[5.980699999988133],"[""coins_a_3"",""coins_a_3""]",0,41,41,33,1,84,38,-47,98,2,-43,25,19,6,54.26478293,58.80476171,-4.53997878,-47,-43,-4,-0.35,0.41,-0.76,new,False,,,,,,,
,,,,,,60,female,retired educator,2025-05-25_11h31.31.011,lotterie_task,2024.2.4,MacIntel,57.80346821,667c3c4d32f4b404c46e325d,6833360e90b16110aa465fd4,683337b2bf39a2667ac7042c,,,,,,,,,,,,,,,,,,,,,,,,,,,,,,[-0.17050686306423612],[-0.028522610134548612],[1],[0],[0],[3.871100000008937],"[""coins_b_3"",""coins_b_3""]",0,42,42,0,1,35,19,-36,66,5,-26,6,15,-9,30.40833219,38.21866909,-7.810336894,-36,-26,-10,-0.56,0.37,-0.93,new,False,,,,,,,
,,,,,,60,female,retired educator,2025-05-25_11h31.31.011,lotterie_task,2024.2.4,MacIntel,57.80346821,667c3c4d32f4b404c46e325d,6833360e90b16110aa465fd4,683337b2bf39a2667ac7042c,,,,,,,,,,,,,,,,,,,,,,,,,,,,696.6278,696.6279,[-0.0784893798828125],[-0.030799831814236112],[1],[0],[0],[3.891600000008907],"[""coins_a_3"",""coins_a_3""]",0,0,0,20,1,57,19,-12,42,29,-7,21.33333333,21.33333333,0,28.21740991,20.72572208,7.491687838,-12,-7,-5,0.12,-0.5,0.62,old,False,1,[696.630100000009],[696.630100000009],,,,
,,,,,,60,female,retired educator,2025-05-25_11h31.31.011,lotterie_task,2024.2.4,MacIntel,57.80346821,667c3c4d32f4b404c46e325d,6833360e90b16110aa465fd4,683337b2bf39a2667ac7042c,,,,,,,,,,,,,,,,,,,,,,,,,,,,,,[0.09491767035590278],[-0.0025153944227430556],[1],[0],[0],[3.6895000000000664],"[""coins_b_3"",""coins_b_3""]",0,1,1,11,1,79,13,-40,74,33,-37,17.33333333,23.33333333,-6,48.67808085,45.82818153,2.849899325,-40,-37,-3,0.13,-0.31,0.44,old,False,,,,,,,
,,,,,,60,female,retired educator,2025-05-25_11h31.31.011,lotterie_task,2024.2.4,MacIntel,57.80346821,667c3c4d32f4b404c46e325d,6833360e90b16110aa465fd4,683337b2bf39a2667ac7042c,,,,,,,,,,,,,,,,,,,,,,,,,,,,,,[-0.10256930881076388],[-0.010512356228298611],[1],[0],[0],[4.004899999991153],"[""coins_b_3"",""coins_b_3""]",0,2,2,42,1,65,50,-10,72,55,-4,35,41,6,900,860,-40,10,4,-6,-0.2,0.05,0.25,old,true,,,,,,,
,,,,,,60,female,retired educator,2025-05-25_11h31.31.011,lotterie_task,2024.2.4,MacIntel,57.80346821,667c3c4d32f4b404c46e325d,6833360e90b16110aa465fd4,683337b2bf39a2667ac7042c,,,,,,,,,,,,,,,,,,,,,,,,,,,,,,[-0.09407355414496528],[-0.006422119140625],[1],[0],[0],[3.261899999991101],"[""coins_b_3"",""coins_b_3""]",0,3,3,24,1,53,40,-11,50,25,-2,27.33333333,24.33333333,3,27.62044331,21.23414441,6.386298903,-11,-2,-9,-0.59,-0.05,-0.54,old,False,,,,,,,
,,,,,,60,female,retired educator,2025-05-25_11h31.31.011,lotterie_task,2024.2.4,MacIntel,57.80346821,667c3c4d32f4b404c46e325d,6833360e90b16110aa465fd4,683337b2bf39a2667ac7042c,,,,,,,,,,,,,,,,,,,,,,,,,,,,,,[0.1493484836154514],[-0.031394721137152776],[1],[0],[0],[4.235000000000014],"[""coins_b_3"",""coins_b_3""]",0,4,4,15,1,74,21,-46,56,42,-40,16.33333333,19.33333333,-3,49.10080334,42.34251869,6.758284654,-46,-40,-6,-0.14,-0.65,0.51,old,False,,,,,,,
,,,,,,60,female,retired educator,2025-05-25_11h31.31.011,lotterie_task,2024.2.4,MacIntel,57.80346821,667c3c4d32f4b404c46e325d,6833360e90b16110aa465fd4,683337b2bf39a2667ac7042c,,,,,,,,,,,,,,,,,,,,,,,,,,,,,,[0.2198468017578125],[0.005340847439236111],[1],[0],[0],[5.954600000008895],"[""coins_b_3"",""coins_b_3""]",0,5,5,18,1,98,42,-26,70,68,-24,38,38,0,50.70174224,43.84822307,6.853519172,-26,-24,-2,-0.12,-0.71,0.59,old,False,,,,,,,
,,,,,,60,female,retired educator,2025-05-25_11h31.31.011,lotterie_task,2024.2.4,MacIntel,57.80346821,667c3c4d32f4b404c46e325d,6833360e90b16110aa465fd4,683337b2bf39a2667ac7042c,,,,,,,,,,,,,,,,,,,,,,,,,,,,,,[-0.09067654079861111],[-0.007930976019965277],[1],[0],[0],[7.645599999994033],"[""coins_b_3"",""coins_b_3""]",0,6,6,26,1,87,78,-16,94,52,-6,49.66666667,46.66666667,3,46.57848812,40.99864496,5.579843156,-16,-6,-10,-0.69,-0.19,-0.5,old,False,,,,,,,
,,,,,,60,female,retired educator,2025-05-25_11h31.31.011,lotterie_task,2024.2.4,MacIntel,57.80346821,667c3c4d32f4b404c46e325d,6833360e90b16110aa465fd4,683337b2bf39a2667ac7042c,,,,,,,,,,,,,,,,,,,,,,,,,,,,,,[-0.10409294976128472],[-0.010168626573350695],[1],[0],[0],[4.113200000002962],"[""coins_b_3"",""coins_b_3""]",0,7,7,36,1,70,51,-43,75,10,-34,26,17,9,49.40310382,44.77350407,4.629599747,-43,-34,-9,-0.63,0.23,-0.86,old,False,,,,,,,
,,,,,,60,female,retired educator,2025-05-25_11h31.31.011,lotterie_task,2024.2.4,MacIntel,57.80346821,667c3c4d32f4b404c46e325d,6833360e90b16110aa465fd4,683337b2bf39a2667ac7042c,,,,,,,,,,,,,,,,,,,,,,,,,,,,,,[-0.10471320258246528],[-0.007985161675347222],[1],[0],[0],[2.206799999997088],"[""coins_b_3"",""coins_b_3""]",0,8,8,8,1,48,21,-20,41,36,-10,16.33333333,22.33333333,-6,27.95631513,22.9540604,5.002254727,-20,-10,-10,-0.25,-0.68,0.43,old,False,,,,,,,
,,,,,,60,female,retired educator,2025-05-25_11h31.31.011,lotterie_task,2024.2.4,MacIntel,57.80346821,667c3c4d32f4b404c46e325d,6833360e90b16110aa465fd4,683337b2bf39a2667ac7042c,,,,,,,,,,,,,,,,,,,,,,,,,,,,,,[0.06737698025173611],[-0.02041252983940972],[1],[0],[0],[2.169599999994034],"[""coins_b_3"",""coins_b_3""]",0,9,9,31,1,79,63,-12,80,36,-4,43.33333333,37.33333333,6,39.6680672,34.30581421,5.362252988,-12,-4,-8,-0.62,0.06,-0.68,old,False,,,,,,,
,,,,,,60,female,retired educator,2025-05-25_11h31.31.011,lotterie_task,2024.2.4,MacIntel,57.80346821,667c3c4d32f4b404c46e325d,6833360e90b16110aa465fd4,683337b2bf39a2667ac7042c,,,,,,,,,,,,,,,,,,,,,,,,,,,,,,[-0.1211883544921875],[-0.008922254774305555],[1],[0],[0],[2.959399999991092],"[""coins_b_3"",""coins_b_3""]",0,10,10,28,1,58,38,-11,53,25,-2,28.33333333,25.33333333,3,28.98658694,22.45489306,6.531693879,-11,-2,-9,-0.46,0.02,-0.48,old,False,,,,,,,
,,,,,,60,female,retired educator,2025-05-25_11h31.31.011,lotterie_task,2024.2.4,MacIntel,57.80346821,667c3c4d32f4b404c46e325d,6833360e90b16110aa465fd4,683337b2bf39a2667ac7042c,,,,,,,,,,,,,,,,,,,,,,,,,,,,,,[-0.09866455078125],[-0.0032248942057291666],[1],[0],[0],[6.6624000000059596],"[""coins_b_3"",""coins_b_3""]",0,11,11,29,1,85,68,-15,91,43,-5,46,43,3,43.68828981,39.19183588,4.496453927,-15,-5,-10,-0.63,0,-0.63,old,False,,,,,,,
,,,,,,60,female,retired educator,2025-05-25_11h31.31.011,lotterie_task,2024.2.4,MacIntel,57.80346821,667c3c4d32f4b404c46e325d,6833360e90b16110aa465fd4,683337b2bf39a2667ac7042c,,,,,,,,,,,,,,,,,,,,,,,,,,,,,,[-0.10787841796875],[-0.0004806857638888889],[1],[0],[0],[1.8469000000059168],"[""coins_b_3"",""coins_b_3""]",0,12,12,5,1,48,3,-24,46,23,-15,9,18,-9,29.69848481,25.15286597,4.545618837,-24,-15,-9,0.29,-0.29,0.58,old,False,,,,,,,
,,,,,,60,female,retired educator,2025-05-25_11h31.31.011,lotterie_task,2024.2.4,MacIntel,57.80346821,667c3c4d32f4b404c46e325d,6833360e90b16110aa465fd4,683337b2bf39a2667ac7042c,,,,,,,,,,,,,,,,,,,,,,,,,,,,,,[0.08682562934027778],[-0.008768141004774306],[1],[0],[0],[2.1277999999970234],"[""coins_b_3"",""coins_b_3""]",0,13,13,16,1,61,12,-35,44,34,-31,12.66666667,15.66666667,-3,39.19467084,33.24989557,5.944775267,-35,-31,-4,0.03,-0.66,0.69,old,False,,,,,,,
,,,,,,60,female,retired educator,2025-05-25_11h31.31.011,lotterie_task,2024.2.4,MacIntel,57.80346821,667c3c4d32f4b404c46e325d,6833360e90b16110aa465fd4,683337b2bf39a2667ac7042c,,,,,,,,,,,,,,,,,,,,,,,,,,,,,,[-0.14267015245225695],[-0.012180955674913195],[1],[0],[0],[4.578299999997057],"[""coins_a_3"",""coins_a_3""]",0,14,14,33,1,46,30,-55,47,6,-50,7,1,6,44.32456054,39.75759885,4.566961681,-55,-50,-5,-0.64,-0.19,-0.45,old,False,,,,,,,
,,,,,,60,female,retired educator,2025-05-25_11h31.31.011,lotterie_task,2024.2.4,MacIntel,57.80346821,667c3c4d32f4b404c46e325d,6833360e90b16110aa465fd4,683337b2bf39a2667ac7042c,,,,,,,,,,,,,,,,,,,,,,,,,,,,,,[0.1553124321831597],[-0.04036865234375],[1],[0],[0],[2.206799999997088],"[""coins_b_3"",""coins_b_3""]",0,15,15,12,1,59,9,-67,40,31,-61,0.333333333,3.333333333,-3,51.80304581,45.63867755,6.164368259,-67,-61,-6,-0.25,-0.69,0.44,old,False,,,,,,,
,,,,,,60,female,retired educator,2025-05-25_11h31.31.011,lotterie_task,2024.2.4,MacIntel,57.80346821,667c3c4d32f4b404c46e325d,6833360e90b16110aa465fd4,683337b2bf39a2667ac7042c,,,,,,,,,,,,,,,,,,,,,,,,,,,,,,[0.13890190972222222],[-0.03807400173611111],[1],[0],[0],[2.7558999999911293],"[""coins_a_3"",""coins_a_3""]",0,16,16,19,1,53,8,-35,40,19,-33,8.666666667,8.666666667,0,35.92894222,30.68477726,5.244164957,-35,-33,-2,0.03,-0.47,0.5,old,False,,,,,,,
,,,,,,60,female,retired educator,2025-05-25_11h31.31.011,lotterie_task,2024.2.4,MacIntel,57.80346821,667c3c4d32f4b404c46e325d,6833360e90b16110aa465fd4,683337b2bf39a2667ac7042c,,,,,,,,,,,,,,,,,,,,,,,,,,,,,,[0.12844340006510416],[-0.009951646592881945],[1],[0],[0],[5.509100000008857],"[""coins_a_3"",""coins_a_3""]",0,17,17,39,1,91,79,-11,99,39,-6,53,44,9,45.51922671,43.01162634,2.507600372,-11,-6,-5,-0.67,0.17,-0.84,old,False,,,,,,,
,,,,,,60,female,retired educator,2025-05-25_11h31.31.011,lotterie_task,2024.2.4,MacIntel,57.80346821,667c3c4d32f4b404c46e325d,6833360e90b16110aa465fd4,683337b2bf39a2667ac7042c,,,,,,,,,,,,,,,,,,,,,,,,,,,,,,[0.10455349392361112],[0.005632120768229167],[1],[0],[0],[4.093100000008917],"[""coins_b_3"",""coins_b_3""]",0,18,18,17,1,96,19,-78,77,43,-74,12.33333333,15.33333333,-3,71.19144768,64.67525716,6.516190515,-78,-74,-4,-0.14,-0.56,0.42,old,False,,,,,,,
,,,,,,60,female,retired educator,2025-05-25_11h31.31.011,lotterie_task,2024.2.4,MacIntel,57.80346821,667c3c4d32f4b404c46e325d,6833360e90b16110aa465fd4,683337b2bf39a2667ac7042c,,,,,,,,,,,,,,,,,,,,,,,,,,,,,,[0.121016845703125],[0.006320868598090278],[1],[0],[0],[2.2465000000000828],"[""coins_b_3"",""coins_b_3""]",0,19,19,22,1,74,5,-55,57,19,-52,8,8,0,52.70673581,45.17373868,7.532997129,-55,-52,-3,0.09,-0.35,0.44,old,False,,,,,,,
,,,,,,60,female,retired educator,2025-05-25_11h31.31.011,lotterie_task,2024.2.4,MacIntel,57.80346821,667c3c4d32f4b404c46e325d,6833360e90b16110aa465fd4,683337b2bf39a2667ac7042c,,,,,,,,,,,,,,,,,,,,,,,,,,,,,,[-0.22608710394965278],[0.024027472601996527],[1],[0],[0],[2.826999999999998],"[""coins_b_3"",""coins_b_3""]",0,20,20,14,1,63,16,-47,44,40,-43,10.66666667,13.66666667,-3,45.0653846,40.10264608,4.962738522,-47,-43,-4,-0.18,-0.7,0.52,old,False,,,,,,,
,,,,,,60,female,retired educator,2025-05-25_11h31.31.011,lotterie_task,2024.2.4,MacIntel,57.80346821,667c3c4d32f4b404c46e325d,6833360e90b16110aa465fd4,683337b2bf39a2667ac7042c,,,,,,,,,,,,,,,,,,,,,,,,,,,,,,[-0.159127197265625],[-0.017302076551649306],[1],[0],[0],[3.4246000000089225],"[""coins_b_3"",""coins_b_3""]",0,21,21,7,1,82,31,-53,64,62,-48,20,26,-6,55.6596802,52.33227175,3.327408449,-53,-48,-5,-0.29,-0.71,0.42,old,False,,,,,,,
,,,,,,60,female,retired educator,2025-05-25_11h31.31.011,lotterie_task,2024.2.4,MacIntel,57.80346821,667c3c4d32f4b404c46e325d,6833360e90b16110aa465fd4,683337b2bf39a2667ac7042c,,,,,,,,,,,,,,,,,,,,,,,,,,,,,,[-0.21114210340711806],[0.014494832356770833],[1],[0],[0],[6.850100000008865],"[""coins_b_3"",""coins_b_3""]",0,22,22,13,1,79,16,-61,58,42,-57,11.33333333,14.33333333,-3,57.24993935,50.86146762,6.388471726,-61,-57,-4,-0.12,-0.65,0.53,old,False,,,,,,,
,,,,,,60,female,retired educator,2025-05-25_11h31.31.011,lotterie_task,2024.2.4,MacIntel,57.80346821,667c3c4d32f4b404c46e325d,6833360e90b16110aa465fd4,683337b2bf39a2667ac7042c,,,,,,,,,,,,,,,,,,,,,,,,,,,,,,[0.11078925238715277],[-0.011119588216145834],[1],[0],[0],[6.024400000005926],"[""coins_b_3"",""coins_b_3""]",0,23,23,21,1,70,57,-28,78,40,-19,33,33,0,43.45879274,39.90822806,3.550564686,-28,-19,-9,-0.66,-0.26,-0.4,old,False,,,,,,,
,,,,,,60,female,retired educator,2025-05-25_11h31.31.011,lotterie_task,2024.2.4,MacIntel,57.80346821,667c3c4d32f4b404c46e325d,6833360e90b16110aa465fd4,683337b2bf39a2667ac7042c,,,,,,,,,,,,,,,,,,,,,,,,,,,,,,[0.09679185655381944],[0.0067608642578125],[1],[0],[0],[2.7681000000089853],"[""coins_b_3"",""coins_b_3""]",0,24,24,25,1,98,58,-16,96,41,-6,46.66666667,43.66666667,3,47.22522866,41.6839964,5.541232266,-16,-6,-10,-0.35,0.1,-0.45,old,False,,,,,,,
,,,,,,60,female,retired educator,2025-05-25_11h31.31.011,lotterie_task,2024.2.4,MacIntel,57.80346821,667c3c4d32f4b404c46e325d,6833360e90b16110aa465fd4,683337b2bf39a2667ac7042c,,,,,,,,,,,,,,,,,,,,,,,,,,,,,,[-0.35572007921006943],[0.02001959906684028],[1],[0],[0],[12.552300000011883],"[""coins_b_3"",""coins_b_3""]",0,25,25,30,1,77,69,-21,82,39,-14,41.66666667,35.66666667,6,44.43222054,39.26264835,5.16957219,-21,-14,-7,-0.69,-0.13,-0.56,old,False,,,,,,,
,,,,,,60,female,retired educator,2025-05-25_11h31.31.011,lotterie_task,2024.2.4,MacIntel,57.80346821,667c3c4d32f4b404c46e325d,6833360e90b16110aa465fd4,683337b2bf39a2667ac7042c,,,,,,,,,,,,,,,,,,,,,,,,,,,,,,[-0.3445956759982639],[0.008650851779513889],[1],[0],[0],[1.9612999999969816],"[""coins_b_3"",""coins_b_3""]",0,26,26,3,1,91,22,-54,72,61,-47,19.66666667,28.66666667,-9,59.21899095,53.69254035,5.526450601,-54,-47,-7,-0.06,-0.68,0.62,old,False,,,,,,,
,,,,,,60,female,retired educator,2025-05-25_11h31.31.011,lotterie_task,2024.2.4,MacIntel,57.80346821,667c3c4d32f4b404c46e325d,6833360e90b16110aa465fd4,683337b2bf39a2667ac7042c,,,,,,,,,,,,,,,,,,,,,,,,,,,,,,[-0.3445956759982639],[0.008650851779513889],[1],[0],[0],[1.9445999999940113],"[""coins_a_3"",""coins_a_3""]",0,27,27,32,1,46,32,-39,42,9,-30,13,7,6,37.21110945,29.42787794,7.783231513,-39,-30,-9,-0.63,-0.1,-0.53,old,False,,,,,,,
,,,,,,60,female,retired educator,2025-05-25_11h31.31.011,lotterie_task,2024.2.4,MacIntel,57.80346821,667c3c4d32f4b404c46e325d,6833360e90b16110aa465fd4,683337b2bf39a2667ac7042c,,,,,,,,,,,,,,,,,,,,,,,,,,,,,,[0.14987752278645833],[-0.0184503173828125],[1],[0],[0],[4.848999999999933],"[""coins_b_3"",""coins_b_3""]",0,28,28,2,1,82,11,-76,60,51,-67,5.666666667,14.66666667,-9,64.61338011,57.86382482,6.749555292,-76,-67,-9,-0.12,-0.69,0.57,old,False,,,,,,,
,,,,,,60,female,retired educator,2025-05-25_11h31.31.011,lotterie_task,2024.2.4,MacIntel,57.80346821,667c3c4d32f4b404c46e325d,6833360e90b16110aa465fd4,683337b2bf39a2667ac7042c,,,,,,,,,,,,,,,,,,,,,,,,,,,,,,[-0.19865315755208332],[-0.004086201985677084],[1],[0],[0],[6.4529999999999745],"[""coins_b_3"",""coins_b_3""]",0,29,29,23,1,78,43,-10,60,54,-3,37,37,0,36.17549815,28.39013913,7.785359021,-10,-3,-7,-0.24,-0.68,0.44,old,False,,,,,,,
,,,,,,60,female,retired educator,2025-05-25_11h31.31.011,lotterie_task,2024.2.4,MacIntel,57.80346821,667c3c4d32f4b404c46e325d,6833360e90b16110aa465fd4,683337b2bf39a2667ac7042c,,,,,,,,,,,,,,,,,,,,,,,,,,,,,,[0.14176513671875],[-0.010320977105034723],[1],[0],[0],[8.291600000008998],"[""coins_a_3"",""coins_a_3""]",0,30,30,40,1,80,43,-35,75,18,-32,29.33333333,20.33333333,9,47.93282336,43.71371511,4.219108251,-35,-32,-3,-0.4,0.08,-0.48,old,False,,,,,,,
,,,,,,60,female,retired educator,2025-05-25_11h31.31.011,lotterie_task,2024.2.4,MacIntel,57.80346821,667c3c4d32f4b404c46e325d,6833360e90b16110aa465fd4,683337b2bf39a2667ac7042c,,,,,,,,,,,,,,,,,,,,,,,,,,,,,,[-0.25108473036024304],[-0.006018439398871527],[1],[0],[0],[4.930099999994013],"[""coins_b_3"",""coins_b_3""]",0,31,31,0,1,92,2,-70,66,50,-65,8,17,-9,66.2721661,58.34952156,7.92264454,-70,-65,-5,0.14,-0.67,0.81,old,False,,,,,,,
,,,,,,60,female,retired educator,2025-05-25_11h31.31.011,lotterie_task,2024.2.4,MacIntel,57.80346821,667c3c4d32f4b404c46e325d,6833360e90b16110aa465fd4,683337b2bf39a2667ac7042c,,,,,,,,,,,,,,,,,,,,,,,,,,,,,,[0.12232496473524306],[-0.04940884060329861],[1],[0],[0],[3.8586000000088916],"[""coins_b_3"",""coins_b_3""]",0,32,32,41,1,79,40,-26,73,13,-20,31,22,9,43.33589736,38.49675311,4.83914425,-26,-20,-6,-0.3,0.34,-0.64,old,False,,,,,,,
,,,,,,60,female,retired educator,2025-05-25_11h31.31.011,lotterie_task,2024.2.4,MacIntel,57.80346821,667c3c4d32f4b404c46e325d,6833360e90b16110aa465fd4,683337b2bf39a2667ac7042c,,,,,,,,,,,,,,,,,,,,,,,,,,,,,,[0.1437225341796875],[-0.00033372667100694446],[1],[0],[0],[2.7642000000029157],"[""coins_b_3"",""coins_b_3""]",0,33,33,10,1,85,24,-45,67,54,-39,21.33333333,27.33333333,-6,53.10576449,47.20404879,5.901715701,-45,-39,-6,-0.08,-0.67,0.59,old,False,,,,,,,
,,,,,,60,female,retired educator,2025-05-25_11h31.31.011,lotterie_task,2024.2.4,MacIntel,57.80346821,667c3c4d32f4b404c46e325d,6833360e90b16110aa465fd4,683337b2bf39a2667ac7042c,,,,,,,,,,,,,,,,,,,,,,,,,,,,,,[-0.09256395128038195],[0.016319580078125],[1],[0],[0],[2.4149999999999636],"[""coins_b_3"",""coins_b_3""]",0,34,34,9,1,56,8,-52,40,33,-43,4,10,-6,44.18144407,37.58545818,6.595985888,-52,-43,-9,-0.14,-0.69,0.55,old,False,,,,,,,
,,,,,,60,female,retired educator,2025-05-25_11h31.31.011,lotterie_task,2024.2.4,MacIntel,57.80346821,667c3c4d32f4b404c46e325d,6833360e90b16110aa465fd4,683337b2bf39a2667ac7042c,,,,,,,,,,,,,,,,,,,,,,,,,,,,,,[-0.18684122721354166],[0.0044962904188368055],[1],[0],[0],[2.3738999999910675],"[""coins_b_3"",""coins_b_3""]",0,35,35,4,1,60,5,-41,53,30,-32,8,17,-9,41.28760912,35.89800366,5.389605459,-41,-32,-9,0.11,-0.5,0.61,old,False,,,,,,,
,,,,,,60,female,retired educator,2025-05-25_11h31.31.011,lotterie_task,2024.2.4,MacIntel,57.80346821,667c3c4d32f4b404c46e325d,6833360e90b16110aa465fd4,683337b2bf39a2667ac7042c,,,,,,,,,,,,,,,,,,,,,,,,,,,,,,[0.13085700141059028],[-0.0027278645833333334],[1],[0],[0],[4.85829999999703],"[""coins_b_3"",""coins_b_3""]",0,36,36,1,1,65,13,-18,61,36,-10,20,29,-9,34.24422092,29.40521496,4.839005967,-18,-10,-8,0.3,-0.34,0.64,old,False,,,,,,,
,,,,,,60,female,retired educator,2025-05-25_11h31.31.011,lotterie_task,2024.2.4,MacIntel,57.80346821,667c3c4d32f4b404c46e325d,6833360e90b16110aa465fd4,683337b2bf39a2667ac7042c,,,,,,,,,,,,,,,,,,,,,,,,,,,,,,[0.11988749186197917],[-0.00923733181423611],[1],[0],[0],[4.735599999994065],"[""coins_a_3"",""coins_a_3""]",0,37,37,37,1,65,57,-40,69,18,-32,27.33333333,18.33333333,9,47.72374205,41.23375101,6.489991045,-40,-32,-8,-0.69,0.01,-0.7,old,False,,,,,,,
,,,,,,60,female,retired educator,2025-05-25_11h31.31.011,lotterie_task,2024.2.4,MacIntel,57.80346821,667c3c4d32f4b404c46e325d,6833360e90b16110aa465fd4,683337b2bf39a2667ac7042c,,,,,,,,,,,,,,,,,,,,,,,,,,,,,,[-0.16791653103298612],[-0.017421875],[1],[0],[0],[6.235100000008856],"[""coins_b_3"",""coins_b_3""]",0,38,38,6,1,99,52,-13,90,75,-9,46,52,-6,45.92022067,43.56604182,2.354178852,-13,-9,-4,-0.19,-0.64,0.45,old,False,,,,,,,
,,,,,,60,female,retired educator,2025-05-25_11h31.31.011,lotterie_task,2024.2.4,MacIntel,57.80346821,667c3c4d32f4b404c46e325d,6833360e90b16110aa465fd4,683337b2bf39a2667ac7042c,,,,,,,,,,,,,,,,,,,,,,,,,,,,,,[0.13788825141059027],[0.00727264404296875],[1],[0],[0],[3.139499999999998],"[""coins_b_3"",""coins_b_3""]",0,39,39,27,1,57,44,-13,53,29,-3,29.33333333,26.33333333,3,30.40102337,22.93953405,7.461489329,-13,-3,-10,-0.61,-0.17,-0.44,old,False,,,,,,,
,,,,,,60,female,retired educator,2025-05-25_11h31.31.011,lotterie_task,2024.2.4,MacIntel,57.80346821,667c3c4d32f4b404c46e325d,6833360e90b16110aa465fd4,683337b2bf39a2667ac7042c,,,,,,,,,,,,,,,,,,,,,,,,,,,,,,[-0.09616400824652778],[-0.010851508246527778],[1],[0],[0],[4.323499999999967],"[""coins_b_3"",""coins_b_3""]",0,40,40,34,1,73,52,-43,84,13,-33,27.33333333,21.33333333,6,50.4667107,48.12714642,2.339564283,-43,-33,-10,-0.62,0.25,-0.87,old,False,,,,,,,
,,,,,,60,female,retired educator,2025-05-25_11h31.31.011,lotterie_task,2024.2.4,MacIntel,57.80346821,667c3c4d32f4b404c46e325d,6833360e90b16110aa465fd4,683337b2bf39a2667ac7042c,,,,,,,,,,,,,,,,,,,,,,,,,,,,,,[0.24182291666666667],[-0.0347552490234375],[1],[0],[0],[5.373400000005972],"[""coins_a_3"",""coins_a_3""]",0,41,41,35,1,64,62,-48,70,29,-39,26,20,6,52.33227175,44.95182607,7.380445685,-48,-39,-9,-0.71,-0.29,-0.42,old,False,,,,,,,
,,,,,,60,female,retired educator,2025-05-25_11h31.31.011,lotterie_task,2024.2.4,MacIntel,57.80346821,667c3c4d32f4b404c46e325d,6833360e90b16110aa465fd4,683337b2bf39a2667ac7042c,,,,,,,,,,,,,,,,,,,,,,,,,,,,,,[0.13757256401909723],[-0.012122802734375],[1],[0],[0],[6.778199999988033],"[""coins_a_3"",""coins_a_3""]",0,42,42,38,1,79,64,-29,81,28,-22,38,29,9,47.77028365,42.05551886,5.714764789,-29,-22,-7,-0.66,0.04,-0.7,old,False,,,,,,,
,,,,,,60,female,retired educator,2025-05-25_11h31.31.011,lotterie_task,2024.2.4,MacIntel,57.80346821,667c3c4d32f4b404c46e325d,6833360e90b16110aa465fd4,683337b2bf39a2667ac7042c,,,,,,,,,,,,,,,,,,,,,,,,,,,,919.1715,919.1715,[0.16950154622395833],[0.019310811360677083],[1],[0],[0],[5.997500000000059],"[""coins_a_3"",""coins_a_3""]",0,0,0,35,1,86,32,-13,90,5,-8,35,29,6,40.47221269,43.45879274,-2.986580053,-13,-8,-5,0.11,0.66,-0.55,new,False,1,[919.173800000012],[919.173800000012],,,,
,,,,,,60,female,retired educator,2025-05-25_11h31.31.011,lotterie_task,2024.2.4,MacIntel,57.80346821,667c3c4d32f4b404c46e325d,6833360e90b16110aa465fd4,683337b2bf39a2667ac7042c,,,,,,,,,,,,,,,,,,,,,,,,,,,,,,[-0.18893507215711805],[0.015932176378038194],[1],[0],[0],[7.858700000002955],"[""coins_a_3"",""coins_a_3""]",0,1,1,34,1,86,41,-34,96,4,-25,31,25,6,49.49747468,51.58165048,-2.084175801,-34,-25,-9,-0.29,0.54,-0.83,new,False,,,,,,,
,,,,,,60,female,retired educator,2025-05-25_11h31.31.011,lotterie_task,2024.2.4,MacIntel,57.80346821,667c3c4d32f4b404c46e325d,6833360e90b16110aa465fd4,683337b2bf39a2667ac7042c,,,,,,,,,,,,,,,,,,,,,,,,,,,,,,[-0.18728529188368057],[0.012036946614583334],[1],[0],[0],[4.508899999991058],"[""coins_a_3"",""coins_a_3""]",0,2,2,31,1,75,48,-36,95,7,-33,29,23,6,47.26520919,53.46650042,-6.201291223,-36,-33,-3,-0.54,0.42,-0.96,new,False,,,,,,,
,,,,,,60,female,retired educator,2025-05-25_11h31.31.011,lotterie_task,2024.2.4,MacIntel,57.80346821,667c3c4d32f4b404c46e325d,6833360e90b16110aa465fd4,683337b2bf39a2667ac7042c,,,,,,,,,,,,,,,,,,,,,,,,,,,,,,[-0.18728529188368057],[0.006183132595486111],[1],[0],[0],[3.9762000000030184],"[""coins_b_3"",""coins_b_3""]",0,3,3,5,1,49,45,-36,87,24,-26,19.33333333,28.33333333,-9,39.16063783,46.23370584,-7.073068005,-36,-26,-10,-0.7,0.14,-0.84,new,False,,,,,,,
,,,,,,60,female,retired educator,2025-05-25_11h31.31.011,lotterie_task,2024.2.4,MacIntel,57.80346821,667c3c4d32f4b404c46e325d,6833360e90b16110aa465fd4,683337b2bf39a2667ac7042c,,,,,,,,,,,,,,,,,,,,,,,,,,,,,,[0.2499599880642361],[0.0015016682942708332],[1],[0],[0],[3.536400000005983],"[""coins_b_3"",""coins_b_3""]",0,4,4,11,1,42,23,-11,63,18,-9,18,24,-6,21.92411154,29.69848481,-7.774373273,-11,-9,-2,-0.33,0.29,-0.62,new,False,,,,,,,
,,,,,,60,female,retired educator,2025-05-25_11h31.31.011,lotterie_task,2024.2.4,MacIntel,57.80346821,667c3c4d32f4b404c46e325d,6833360e90b16110aa465fd4,683337b2bf39a2667ac7042c,,,,,,,,,,,,,,,,,,,,,,,,,,,,,,[0.21723741319444445],[-0.008660210503472222],[1],[0],[0],[2.739500000000021],"[""coins_b_3"",""coins_b_3""]",0,5,5,42,1,60,33,-12,66,40,-5,27,33.67,6.67,868.67,822.89,-45.78,12,5,-7,-0.1,0.1,0.2,new,true,,,,,,,
,,,,,,60,female,retired educator,2025-05-25_11h31.31.011,lotterie_task,2024.2.4,MacIntel,57.80346821,667c3c4d32f4b404c46e325d,6833360e90b16110aa465fd4,683337b2bf39a2667ac7042c,,,,,,,,,,,,,,,,,,,,,,,,,,,,,,[0.21592095269097222],[-0.010243665907118055],[1],[0],[0],[2.9923000000119373],"[""coins_b_3"",""coins_b_3""]",0,6,6,16,1,72,24,-83,93,6,-77,4.333333333,7.333333333,-3,64.78854494,69.40861298,-4.620068037,-83,-77,-6,-0.43,0.03,-0.46,new,False,,,,,,,
,,,,,,60,female,retired educator,2025-05-25_11h31.31.011,lotterie_task,2024.2.4,MacIntel,57.80346821,667c3c4d32f4b404c46e325d,6833360e90b16110aa465fd4,683337b2bf39a2667ac7042c,,,,,,,,,,,,,,,,,,,,,,,,,,,,,,[-0.3149993896484375],[-0.02747802734375],[1],[0],[0],[7.866899999991119],"[""coins_a_3"",""coins_a_3""]",0,7,7,28,1,71,38,-70,91,1,-62,13,10,3,60.21627687,62.78534861,-2.56907174,-70,-62,-8,-0.55,0.21,-0.76,new,False,,,,,,,
,,,,,,60,female,retired educator,2025-05-25_11h31.31.011,lotterie_task,2024.2.4,MacIntel,57.80346821,667c3c4d32f4b404c46e325d,6833360e90b16110aa465fd4,683337b2bf39a2667ac7042c,,,,,,,,,,,,,,,,,,,,,,,,,,,,,,[-0.25521009657118054],[0.007681376139322917],[1],[0],[0],[6.88250000000005],"[""coins_b_3"",""coins_b_3""]",0,8,8,14,1,54,34,-67,84,8,-62,7,10,-3,52.95910372,59.62102537,-6.661921656,-67,-62,-5,-0.63,0.05,-0.68,new,False,,,,,,,
,,,,,,60,female,retired educator,2025-05-25_11h31.31.011,lotterie_task,2024.2.4,MacIntel,57.80346821,667c3c4d32f4b404c46e325d,6833360e90b16110aa465fd4,683337b2bf39a2667ac7042c,,,,,,,,,,,,,,,,,,,,,,,,,,,,,,[-0.24309678819444444],[0.012032843695746528],[1],[0],[0],[11.370699999988005],"[""coins_a_3"",""coins_a_3""]",0,9,9,21,1,58,27,-46,74,5,-40,13,13,0,43.59663596,46.88283268,-3.286196723,-46,-40,-6,-0.45,0.25,-0.7,new,False,,,,,,,
,,,,,,60,female,retired educator,2025-05-25_11h31.31.011,lotterie_task,2024.2.4,MacIntel,57.80346821,667c3c4d32f4b404c46e325d,6833360e90b16110aa465fd4,683337b2bf39a2667ac7042c,,,,,,,,,,,,,,,,,,,,,,,,,,,,,,[-0.2923828803168403],[-0.011898193359375],[1],[0],[0],[6.093099999994138],"[""coins_a_3"",""coins_a_3""]",0,10,10,41,1,88,50,-27,96,11,-23,37,28,9,47.84001115,50.04664491,-2.206633761,-27,-23,-4,-0.39,0.47,-0.86,new,False,,,,,,,
,,,,,,60,female,retired educator,2025-05-25_11h31.31.011,lotterie_task,2024.2.4,MacIntel,57.80346821,667c3c4d32f4b404c46e325d,6833360e90b16110aa465fd4,683337b2bf39a2667ac7042c,,,,,,,,,,,,,,,,,,,,,,,,,,,,,,[-0.2714640638563368],[0.0036472574869791667],[1],[0],[0],[7.967700000002992],"[""coins_a_3"",""coins_a_3""]",0,11,11,20,1,54,51,-50,87,14,-46,18.33333333,18.33333333,0,48.33448274,54.3834125,-6.048929759,-50,-46,-4,-0.71,0.12,-0.83,new,False,,,,,,,
,,,,,,60,female,retired educator,2025-05-25_11h31.31.011,lotterie_task,2024.2.4,MacIntel,57.80346821,667c3c4d32f4b404c46e325d,6833360e90b16110aa465fd4,683337b2bf39a2667ac7042c,,,,,,,,,,,,,,,,,,,,,,,,,,,,,,[0.1453656005859375],[-0.06726447211371528],[1],[0],[0],[3.796700000002943],"[""coins_a_3"",""coins_a_3""]",0,12,12,38,1,87,54,-16,96,14,-12,41.66666667,32.66666667,9,42.94440851,46.02414825,-3.079739742,-16,-12,-4,-0.41,0.54,-0.95,new,False,,,,,,,
,,,,,,60,female,retired educator,2025-05-25_11h31.31.011,lotterie_task,2024.2.4,MacIntel,57.80346821,667c3c4d32f4b404c46e325d,6833360e90b16110aa465fd4,683337b2bf39a2667ac7042c,,,,,,,,,,,,,,,,,,,,,,,,,,,,,,[-0.24138875325520834],[0.01634494357638889],[1],[0],[0],[5.573099999993929],"[""coins_b_3"",""coins_b_3""]",0,13,13,1,1,32,24,-44,60,15,-36,4,13,-9,34.09789827,39.2173431,-5.119444829,-44,-36,-8,-0.68,-0.08,-0.6,new,False,,,,,,,
,,,,,,60,female,retired educator,2025-05-25_11h31.31.011,lotterie_task,2024.2.4,MacIntel,57.80346821,667c3c4d32f4b404c46e325d,6833360e90b16110aa465fd4,683337b2bf39a2667ac7042c,,,,,,,,,,,,,,,,,,,,,,,,,,,,,,[0.17063639322916666],[-0.05516459147135417],[1],[0],[0],[4.040800000011814],"[""coins_b_3"",""coins_b_3""]",0,14,14,8,1,68,60,-38,99,37,-28,30,36,-6,48.19405219,51.85235449,-3.658302303,-38,-28,-10,-0.69,-0.03,-0.66,new,False,,,,,,,
,,,,,,60,female,retired educator,2025-05-25_11h31.31.011,lotterie_task,2024.2.4,MacIntel,57.80346821,667c3c4d32f4b404c46e325d,6833360e90b16110aa465fd4,683337b2bf39a2667ac7042c,,,,,,,,,,,,,,,,,,,,,,,,,,,,,,[-0.06426839192708333],[-0.018988579644097222],[1],[0],[0],[5.557700000003024],"[""coins_b_3"",""coins_b_3""]",0,15,15,3,1,45,26,-62,73,18,-55,3,12,-9,46.61187259,52.42772803,-5.815855439,-62,-55,-7,-0.62,-0.17,-0.45,new,False,,,,,,,
,,,,,,60,female,retired educator,2025-05-25_11h31.31.011,lotterie_task,2024.2.4,MacIntel,57.80346821,667c3c4d32f4b404c46e325d,6833360e90b16110aa465fd4,683337b2bf39a2667ac7042c,,,,,,,,,,,,,,,,,,,,,,,,,,,,,,[0.11025763617621528],[-0.05353590223524306],[1],[0],[0],[5.758299999997007],"[""coins_b_3"",""coins_b_3""]",0,16,16,13,1,66,47,-58,95,21,-52,18.33333333,21.33333333,-3,54.53031777,60.01296156,-5.482643798,-58,-52,-6,-0.64,0.01,-0.65,new,False,,,,,,,
,,,,,,60,female,retired educator,2025-05-25_11h31.31.011,lotterie_task,2024.2.4,MacIntel,57.80346821,667c3c4d32f4b404c46e325d,6833360e90b16110aa465fd4,683337b2bf39a2667ac7042c,,,,,,,,,,,,,,,,,,,,,,,,,,,,,,[0.1493978542751736],[-0.05381649441189236],[1],[0],[0],[5.4945999999940796],"[""coins_b_3"",""coins_b_3""]",0,17,17,2,1,37,15,-44,59,10,-34,2.666666667,11.66666667,-9,34.19876541,37.9853773,-3.786611894,-44,-34,-10,-0.49,0.07,-0.56,new,False,,,,,,,
,,,,,,60,female,retired educator,2025-05-25_11h31.31.011,lotterie_task,2024.2.4,MacIntel,57.80346821,667c3c4d32f4b404c46e325d,6833360e90b16110aa465fd4,683337b2bf39a2667ac7042c,,,,,,,,,,,,,,,,,,,,,,,,,,,,,,[0.14360758463541667],[-0.06459737141927083],[1],[0],[0],[3.3037000000031185],"[""coins_a_3"",""coins_a_3""]",0,18,18,30,1,73,53,-41,99,7,-39,28.33333333,22.33333333,6,49.70133019,57.37207993,-7.670749745,-41,-39,-2,-0.62,0.38,-1,new,False,,,,,,,
,,,,,,60,female,retired educator,2025-05-25_11h31.31.011,lotterie_task,2024.2.4,MacIntel,57.80346821,667c3c4d32f4b404c46e325d,6833360e90b16110aa465fd4,683337b2bf39a2667ac7042c,,,,,,,,,,,,,,,,,,,,,,,,,,,,,,[-0.15275254991319445],[-0.01872829861111111],[1],[0],[0],[7.387600000008888],"[""coins_b_3"",""coins_b_3""]",0,19,19,18,1,44,36,-47,66,12,-45,11,11,0,41.14203041,45.32107677,-4.17904636,-47,-45,-2,-0.69,-0.03,-0.66,new,False,,,,,,,
,,,,,,60,female,retired educator,2025-05-25_11h31.31.011,lotterie_task,2024.2.4,MacIntel,57.80346821,667c3c4d32f4b404c46e325d,6833360e90b16110aa465fd4,683337b2bf39a2667ac7042c,,,,,,,,,,,,,,,,,,,,,,,,,,,,,,[0.09080898708767361],[-0.0002901882595486111],[1],[0],[0],[12.372700000003078],"[""coins_a_3"",""coins_a_3""]",0,20,20,15,1,56,21,-48,76,2,-40,9.666666667,12.66666667,-3,43.20750964,47.95368136,-4.74617172,-48,-40,-8,-0.38,0.32,-0.7,new,False,,,,,,,
,,,,,,60,female,retired educator,2025-05-25_11h31.31.011,lotterie_task,2024.2.4,MacIntel,57.80346821,667c3c4d32f4b404c46e325d,6833360e90b16110aa465fd4,683337b2bf39a2667ac7042c,,,,,,,,,,,,,,,,,,,,,,,,,,,,,,[0.10805853949652777],[-0.0427288818359375],[1],[0],[0],[3.5679999999999836],"[""coins_a_3"",""coins_a_3""]",0,21,21,19,1,73,23,-91,92,2,-89,1.666666667,1.666666667,0,68.63105873,73.89331649,-5.262257764,-91,-89,-2,-0.44,-0.01,-0.43,new,False,,,,,,,
,,,,,,60,female,retired educator,2025-05-25_11h31.31.011,lotterie_task,2024.2.4,MacIntel,57.80346821,667c3c4d32f4b404c46e325d,6833360e90b16110aa465fd4,683337b2bf39a2667ac7042c,,,,,,,,,,,,,,,,,,,,,,,,,,,,,,[0.10184278700086806],[-0.03140774197048611],[1],[0],[0],[6.020400000005793],"[""coins_b_3"",""coins_b_3""]",0,22,22,0,1,38,17,-31,62,16,-27,8,17,-9,28.87905816,36.34097779,-7.461919633,-31,-27,-4,-0.44,0.04,-0.48,new,False,,,,,,,
,,,,,,60,female,retired educator,2025-05-25_11h31.31.011,lotterie_task,2024.2.4,MacIntel,57.80346821,667c3c4d32f4b404c46e325d,6833360e90b16110aa465fd4,683337b2bf39a2667ac7042c,,,,,,,,,,,,,,,,,,,,,,,,,,,,,,[-0.0943365478515625],[-0.0400244140625],[1],[0],[0],[3.7975999999941905],"[""coins_a_3"",""coins_a_3""]",0,23,23,27,1,68,52,-62,94,9,-54,19.33333333,16.33333333,3,57.88110419,60.64285247,-2.761748279,-62,-54,-8,-0.67,0.18,-0.85,new,False,,,,,,,
,,,,,,60,female,retired educator,2025-05-25_11h31.31.011,lotterie_task,2024.2.4,MacIntel,57.80346821,667c3c4d32f4b404c46e325d,6833360e90b16110aa465fd4,683337b2bf39a2667ac7042c,,,,,,,,,,,,,,,,,,,,,,,,,,,,,,[-0.09384033203125],[-0.07813035753038194],[1],[0],[0],[2.9645000000000437],"[""coins_a_3"",""coins_a_3""]",0,24,24,32,1,80,38,-19,90,6,-15,33,27,6,40.57092555,45.36518489,-4.794259339,-19,-15,-4,-0.18,0.6,-0.78,new,False,,,,,,,
,,,,,,60,female,retired educator,2025-05-25_11h31.31.011,lotterie_task,2024.2.4,MacIntel,57.80346821,667c3c4d32f4b404c46e325d,6833360e90b16110aa465fd4,683337b2bf39a2667ac7042c,,,,,,,,,,,,,,,,,,,,,,,,,,,,,,[-0.09229275173611111],[-0.08358588324652778],[1],[0],[0],[6.039700000002995],"[""coins_a_3"",""coins_a_3""]",0,25,25,24,1,69,50,-40,89,13,-32,26.33333333,23.33333333,3,47.54179448,49.93551397,-2.393719493,-40,-32,-8,-0.62,0.3,-0.92,new,False,,,,,,,
,,,,,,60,female,retired educator,2025-05-25_11h31.31.011,lotterie_task,2024.2.4,MacIntel,57.80346821,667c3c4d32f4b404c46e325d,6833360e90b16110aa465fd4,683337b2bf39a2667ac7042c,,,,,,,,,,,,,,,,,,,,,,,,,,,,,,[0.05394978841145833],[-0.09488817003038194],[1],[0],[0],[11.351399999991145],"[""coins_b_3"",""coins_b_3""]",0,26,26,4,1,38,36,-51,71,20,-41,7.666666667,16.66666667,-9,41.49163236,45.78451946,-4.292887105,-51,-41,-10,-0.71,-0.11,-0.6,new,False,,,,,,,
,,,,,,60,female,retired educator,2025-05-25_11h31.31.011,lotterie_task,2024.2.4,MacIntel,57.80346821,667c3c4d32f4b404c46e325d,6833360e90b16110aa465fd4,683337b2bf39a2667ac7042c,,,,,,,,,,,,,,,,,,,,,,,,,,,,,,[-0.09269687228732638],[-0.08599019368489583],[1],[0],[0],[3.7559000000060223],"[""coins_b_3"",""coins_b_3""]",0,27,27,7,1,44,31,-57,70,16,-50,6,12,-6,44.86275367,49.07137659,-4.208622918,-57,-50,-7,-0.66,-0.12,-0.54,new,False,,,,,,,
,,,,,,60,female,retired educator,2025-05-25_11h31.31.011,lotterie_task,2024.2.4,MacIntel,57.80346821,667c3c4d32f4b404c46e325d,6833360e90b16110aa465fd4,683337b2bf39a2667ac7042c,,,,,,,,,,,,,,,,,,,,,,,,,,,,,,[0.09580796983506945],[-0.09115980360243056],[1],[0],[0],[6.088899999991099],"[""coins_a_3"",""coins_a_3""]",0,28,28,23,1,69,45,-22,90,19,-17,30.66666667,30.66666667,0,38.50829636,44.45472103,-5.94642467,-22,-17,-5,-0.51,0.38,-0.89,new,False,,,,,,,
,,,,,,60,female,retired educator,2025-05-25_11h31.31.011,lotterie_task,2024.2.4,MacIntel,57.80346821,667c3c4d32f4b404c46e325d,6833360e90b16110aa465fd4,683337b2bf39a2667ac7042c,,,,,,,,,,,,,,,,,,,,,,,,,,,,,,[-0.1461440700954861],[-0.06880574544270833],[1],[0],[0],[3.116999999999962],"[""coins_a_3"",""coins_a_3""]",0,29,29,37,1,78,57,-50,98,6,-46,28.33333333,19.33333333,9,56.04958123,59.5389695,-3.489388273,-50,-46,-4,-0.63,0.32,-0.95,new,False,,,,,,,
,,,,,,60,female,retired educator,2025-05-25_11h31.31.011,lotterie_task,2024.2.4,MacIntel,57.80346821,667c3c4d32f4b404c46e325d,6833360e90b16110aa465fd4,683337b2bf39a2667ac7042c,,,,,,,,,,,,,,,,,,,,,,,,,,,,,,[0.05985880533854167],[-0.08443868001302084],[1],[0],[0],[8.884499999999889],"[""coins_a_3"",""coins_a_3""]",0,30,30,22,1,47,44,-54,78,9,-50,12.33333333,12.33333333,0,46.92073695,52.3089115,-5.388174553,-54,-50,-4,-0.7,0.1,-0.8,new,False,,,,,,,
,,,,,,60,female,retired educator,2025-05-25_11h31.31.011,lotterie_task,2024.2.4,MacIntel,57.80346821,667c3c4d32f4b404c46e325d,6833360e90b16110aa465fd4,683337b2bf39a2667ac7042c,,,,,,,,,,,,,,,,,,,,,,,,,,,,,,[0.06563998752170139],[-0.0709112548828125],[1],[0],[0],[2.907700000002933],"[""coins_a_3"",""coins_a_3""]",0,31,31,39,1,85,51,-7,92,14,-4,43,34,9,37.98245209,41.66533331,-3.682881223,-7,-4,-3,-0.31,0.61,-0.92,new,False,,,,,,,
,,,,,,60,female,retired educator,2025-05-25_11h31.31.011,lotterie_task,2024.2.4,MacIntel,57.80346821,667c3c4d32f4b404c46e325d,6833360e90b16110aa465fd4,683337b2bf39a2667ac7042c,,,,,,,,,,,,,,,,,,,,,,,,,,,,,,[0.06162929958767361],[-0.07597798665364583],[1],[0],[0],[3.3928999999911866],"[""coins_a_3"",""coins_a_3""]",0,32,32,12,1,53,40,-78,88,6,-70,5,8,-3,58.92933621,64.51873113,-5.589394916,-78,-70,-8,-0.68,0.05,-0.73,new,False,,,,,,,
,,,,,,60,female,retired educator,2025-05-25_11h31.31.011,lotterie_task,2024.2.4,MacIntel,57.80346821,667c3c4d32f4b404c46e325d,6833360e90b16110aa465fd4,683337b2bf39a2667ac7042c,,,,,,,,,,,,,,,,,,,,,,,,,,,,,,[-0.11911994086371527],[-0.0752591281467014],[1],[0],[0],[5.35890000000586],"[""coins_a_3"",""coins_a_3""]",0,33,33,29,1,73,45,-52,99,1,-43,22,19,3,53.55993528,59.35205697,-5.792121696,-52,-43,-9,-0.56,0.43,-0.99,new,False,,,,,,,
,,,,,,60,female,retired educator,2025-05-25_11h31.31.011,lotterie_task,2024.2.4,MacIntel,57.80346821,667c3c4d32f4b404c46e325d,6833360e90b16110aa465fd4,683337b2bf39a2667ac7042c,,,,,,,,,,,,,,,,,,,,,,,,,,,,,,[-0.11911994086371527],[-0.0752591281467014],[1],[0],[0],[1.5584000000060314],"[""coins_a_3"",""coins_a_3""]",0,34,34,40,1,72,42,-20,78,6,-17,31.33333333,22.33333333,9,38.30868773,40.46672158,-2.158033852,-20,-17,-3,-0.4,0.54,-0.94,new,False,,,,,,,
,,,,,,60,female,retired educator,2025-05-25_11h31.31.011,lotterie_task,2024.2.4,MacIntel,57.80346821,667c3c4d32f4b404c46e325d,6833360e90b16110aa465fd4,683337b2bf39a2667ac7042c,,,,,,,,,,,,,,,,,,,,,,,,,,,,,,[-0.11911994086371527],[-0.07602762858072917],[1],[0],[0],[3.59050000000002],"[""coins_a_3"",""coins_a_3""]",0,35,35,33,1,89,36,-51,98,7,-49,24.66666667,18.66666667,6,57.71385353,60.5768566,-2.863003074,-51,-49,-2,-0.29,0.28,-0.57,new,False,,,,,,,
,,,,,,60,female,retired educator,2025-05-25_11h31.31.011,lotterie_task,2024.2.4,MacIntel,57.80346821,667c3c4d32f4b404c46e325d,6833360e90b16110aa465fd4,683337b2bf39a2667ac7042c,,,,,,,,,,,,,,,,,,,,,,,,,,,,,,[-0.11911994086371527],[-0.08263943142361112],[1],[0],[0],[3.9777000000028693],"[""coins_a_3"",""coins_a_3""]",0,36,36,25,1,82,49,-19,98,16,-11,37.33333333,34.33333333,3,42.05023451,46.34891824,-4.298683734,-19,-11,-8,-0.39,0.53,-0.92,new,False,,,,,,,
,,,,,,60,female,retired educator,2025-05-25_11h31.31.011,lotterie_task,2024.2.4,MacIntel,57.80346821,667c3c4d32f4b404c46e325d,6833360e90b16110aa465fd4,683337b2bf39a2667ac7042c,,,,,,,,,,,,,,,,,,,,,,,,,,,,,,[0.17828816731770833],[-0.07951226128472222],[1],[0],[0],[3.972899999991114],"[""coins_a_3"",""coins_a_3""]",0,37,37,9,1,59,30,-17,77,20,-7,24,30,-6,31.31559782,35.0142828,-3.698684983,-17,-7,-10,-0.28,0.41,-0.69,new,False,,,,,,,
,,,,,,60,female,retired educator,2025-05-25_11h31.31.011,lotterie_task,2024.2.4,MacIntel,57.80346821,667c3c4d32f4b404c46e325d,6833360e90b16110aa465fd4,683337b2bf39a2667ac7042c,,,,,,,,,,,,,,,,,,,,,,,,,,,,,,[0.08929911295572916],[-0.06878634982638888],[1],[0],[0],[4.260200000002897],"[""coins_a_3"",""coins_a_3""]",0,38,38,10,1,43,31,-49,75,8,-40,8.333333333,14.33333333,-6,40.83571422,47.16166051,-6.325946295,-49,-40,-9,-0.66,0.2,-0.86,new,False,,,,,,,
,,,,,,60,female,retired educator,2025-05-25_11h31.31.011,lotterie_task,2024.2.4,MacIntel,57.80346821,667c3c4d32f4b404c46e325d,6833360e90b16110aa465fd4,683337b2bf39a2667ac7042c,,,,,,,,,,,,,,,,,,,,,,,,,,,,,,[0.07983656141493056],[-0.06987433539496528],[1],[0],[0],[2.4423999999910393],"[""coins_a_3"",""coins_a_3""]",0,39,39,26,1,79,50,-10,95,17,-2,39.66666667,36.66666667,3,37.06151043,41.97088938,-4.90937895,-10,-2,-8,-0.4,0.6,-1,new,False,,,,,,,
,,,,,,60,female,retired educator,2025-05-25_11h31.31.011,lotterie_task,2024.2.4,MacIntel,57.80346821,667c3c4d32f4b404c46e325d,6833360e90b16110aa465fd4,683337b2bf39a2667ac7042c,,,,,,,,,,,,,,,,,,,,,,,,,,,,,,[0.079505615234375],[-0.04722069634331597],[1],[0],[0],[4.929799999996931],"[""coins_b_3"",""coins_b_3""]",0,40,40,6,1,62,44,-43,91,27,-37,21,27,-6,45.84757355,52.25578118,-6.408207634,-43,-37,-6,-0.63,0,-0.63,new,False,,,,,,,
,,,,,,60,female,retired educator,2025-05-25_11h31.31.011,lotterie_task,2024.2.4,MacIntel,57.80346821,667c3c4d32f4b404c46e325d,6833360e90b16110aa465fd4,683337b2bf39a2667ac7042c,,,,,,,,,,,,,,,,,,,,,,,,,,,,,,[-0.11034444173177084],[-0.07498480902777778],[1],[0],[0],[3.844600000008768],"[""coins_a_3"",""coins_a_3""]",0,41,41,36,1,80,48,-26,89,7,-21,34,25,9,44.39219151,46.6761895,-2.283997999,-26,-21,-5,-0.44,0.52,-0.96,new,False,,,,,,,
,,,,,,60,female,retired educator,2025-05-25_11h31.31.011,lotterie_task,2024.2.4,MacIntel,57.80346821,667c3c4d32f4b404c46e325d,6833360e90b16110aa465fd4,683337b2bf39a2667ac7042c,,,,,,,,,,,,,,,,,,,,,,,,,,,,,,[0.19332275390625],[-0.083193359375],[1],[0],[0],[5.373300000011795],"[""coins_a_3"",""coins_a_3""]",0,42,42,17,1,31,25,-52,57,4,-48,1.333333333,4.333333333,-3,37.79182745,42.86671851,-5.074891054,-52,-48,-4,-0.69,0.01,-0.7,new,False,,,,,,,
,,,,,,60,female,retired educator,2025-05-25_11h31.31.011,lotterie_task,2024.2.4,MacIntel,57.80346821,667c3c4d32f4b404c46e325d,6833360e90b16110aa465fd4,683337b2bf39a2667ac7042c,,,,,,,,,,,,,,,,,,,,,,,,,,,,,,,,,,,,,,,,,,,,,,,,,,,,,,,,,,,,,,0,[],[],1.9,space,18.4785,
