outcome_a1,outcome_a2,outcome_a3,outcome_b1,outcome_b2,outcome_b3,ev_a,ev_b,ev_diff,var_a,var_b,var_diff,loss_a,loss_b,loss_diff,skew_a,skew_b,skew_diff
68,13,-39,50,33,-29,14.0,18.0,-4.0,43.688289811649376,33.95094500402996,9.737344807619415,-39,-29,-10,0.03,-0.58,0.61
89,11,-64,84,21,-57,12.0,16.0,-4.0,62.465990746965666,57.67148342118486,4.794507325780806,-64,-57,-7,0.02,-0.13,0.15
58,53,-49,64,49,-39,20.666666666666668,24.666666666666668,-4.0,49.30404536028346,45.433712397538265,3.870332962745195,-49,-39,-10,-0.7,-0.65,-0.04999999999999993
41,28,-54,39,30,-42,5.0,9.0,-4.0,42.05551886098502,36.24913792078372,5.806380940201301,-54,-42,-12,-0.66,-0.67,0.010000000000000009
90,60,-57,93,57,-45,31.0,35.0,-4.0,63.419239982831705,58.44655678480983,4.972683198021876,-57,-45,-12,-0.59,-0.51,-0.07999999999999996
48,42,-90,62,25,-75,0.0,4.0,-4.0,63.686733312362634,57.867665121954474,5.81906819040816,-90,-75,-15,-0.7,-0.5,-0.19999999999999996
47,46,-35,56,39,-25,19.333333333333332,23.333333333333332,-4.0,38.421637422450154,34.87437773240151,3.547259690048641,-35,-25,-10,-0.71,-0.58,-0.13
93,39,-65,83,54,-58,22.333333333333332,26.333333333333332,-4.0,65.57099629832962,60.7965642304088,4.77443206792082,-65,-58,-7,-0.36,-0.59,0.22999999999999998
98,3,-99,61,41,-88,0.6666666666666666,4.666666666666667,-4.0,80.44183543958262,66.03197878469358,14.40985665488904,-99,-88,-11,-0.04,-0.66,0.62
90,2,-39,66,24,-25,17.666666666666668,21.666666666666668,-4.0,53.81656085464977,37.1872140511882,16.629346803461573,-39,-25,-14,0.41,-0.09,0.5
88,34,-23,80,40,-12,33.0,36.0,-3.0,45.32107677449864,37.66519171153476,7.655885062963883,-23,-12,-11,-0.03,-0.16,0.13
91,41,-84,74,55,-72,16.0,19.0,-3.0,73.59800721939872,64.81255022498858,8.78545699441014,-84,-72,-12,-0.47,-0.66,0.19000000000000006
85,2,-23,50,39,-16,21.333333333333332,24.333333333333332,-3.0,46.161552063258114,28.87136220470997,17.290189858548143,-23,-16,-7,0.55,-0.63,1.1800000000000002
95,9,-70,57,48,-62,11.333333333333334,14.333333333333334,-3.0,67.38117112533904,54.10072909757214,13.280442027766895,-70,-62,-8,0.05,-0.69,0.74
97,50,-98,85,57,-84,16.333333333333332,19.333333333333332,-3.0,83.0916495336458,73.9564436378302,9.135205895815602,-98,-84,-14,-0.54,-0.63,0.08999999999999997
61,58,-98,60,59,-89,7.0,10.0,-3.0,74.2563128629479,70.00476174280338,4.251551120144512,-98,-89,-9,-0.71,-0.71,0.0
74,38,-98,73,36,-86,4.666666666666667,7.666666666666667,-3.0,74.06903686576614,67.93297350248176,6.136063363284379,-98,-86,-12,-0.58,-0.55,-0.029999999999999916
94,37,-86,75,51,-72,15.0,18.0,-3.0,75.11324783285569,64.389440128021,10.723807704834698,-86,-72,-14,-0.41,-0.63,0.22000000000000003
92,32,-97,91,35,-90,9.0,12.0,-3.0,78.85429601486528,75.66152699137565,3.1927690234896318,-97,-90,-7,-0.41,-0.43,0.020000000000000018
93,64,-22,88,67,-11,45.0,48.0,-3.0,48.83304891839815,42.59107887809371,6.241970040304437,-22,-11,-11,-0.52,-0.58,0.05999999999999994
73,21,-64,55,39,-58,10.0,12.0,-2.0,56.468280181591034,49.926612809869916,6.541667371721118,-64,-58,-6,-0.28,-0.65,0.37
97,65,-45,80,75,-32,39.0,41.0,-2.0,60.81666438293592,51.65913923660233,9.15752514633359,-45,-32,-13,-0.56,-0.7,0.1399999999999999
73,29,-84,62,33,-71,6.0,8.0,-2.0,66.1261420821347,57.10224747474189,9.023894607392819,-84,-71,-13,-0.48,-0.57,0.08999999999999997
87,40,-19,79,44,-9,36.0,38.0,-2.0,43.36665385600631,36.175498153676706,7.191155702329603,-19,-9,-10,-0.14,-0.24,0.09999999999999998
90,17,-81,81,26,-75,8.666666666666666,10.666666666666666,-2.0,70.05870554201114,64.6030615029625,5.455644039048636,-81,-75,-6,-0.18,-0.34,0.16000000000000003
83,22,-74,79,19,-61,10.333333333333334,12.333333333333334,-2.0,64.62369706401996,57.34883511361751,7.274861950402453,-74,-61,-13,-0.26,-0.17,-0.09
81,2,-67,57,25,-60,5.333333333333333,7.333333333333333,-2.0,60.466703417849914,49.37160677510461,11.095096642745304,-67,-60,-7,0.08,-0.49,0.57
62,25,-86,71,12,-76,0.3333333333333333,2.3333333333333335,-2.0,62.88790733431101,60.40051508242477,2.4873922518862415,-86,-76,-10,-0.53,-0.24,-0.29000000000000004
77,2,-26,52,20,-13,17.666666666666668,19.666666666666668,-2.0,43.484352230301056,26.537185649993525,16.94716658030753,-26,-13,-13,0.49,-0.02,0.51
77,9,-20,76,8,-12,22.0,24.0,-2.0,40.65300316909769,37.66519171153476,2.987811457562927,-20,-12,-8,0.45,0.56,-0.11000000000000004
89,16,-41,86,12,-31,21.333333333333332,22.333333333333332,-1.0,53.206098230267635,48.32068800098865,4.885410229278982,-41,-31,-10,0.15,0.31,-0.16
49,5,-23,35,11,-12,10.333333333333334,11.333333333333334,-1.0,29.63481436119049,19.189117286165672,10.445697075024817,-23,-12,-11,0.26,0.03,0.23
82,24,-47,68,30,-36,19.666666666666668,20.666666666666668,-1.0,52.75309364282714,42.967688118192044,9.785405524635095,-47,-36,-11,-0.12,-0.32,0.2
91,38,-63,71,56,-58,22.0,23.0,-1.0,63.88009601328623,57.60208329565867,6.278012717627554,-63,-58,-5,-0.36,-0.67,0.31000000000000005
83,39,-48,82,29,-34,24.666666666666668,25.666666666666668,-1.0,54.43242497711166,47.41542177627678,7.017003200834878,-48,-34,-14,-0.38,-0.11,-0.27
65,60,-94,71,47,-84,10.333333333333334,11.333333333333334,-1.0,73.80304118997324,68.11917661145223,5.6838645785210105,-94,-84,-10,-0.7,-0.64,-0.05999999999999994
68,42,-47,70,37,-41,21.0,22.0,-1.0,49.24090440545001,46.54030511288038,2.7005992925696276,-47,-41,-6,-0.56,-0.45,-0.11000000000000004
62,38,-27,55,43,-22,24.333333333333332,25.333333333333332,-1.0,37.59728122558273,33.8263539599263,3.770927265656425,-27,-22,-5,-0.5,-0.64,0.14
83,46,-96,65,58,-87,11.0,12.0,-1.0,77.15352659902635,70.06187741323141,7.091649185794935,-96,-87,-9,-0.59,-0.7,0.10999999999999999
73,48,-59,77,40,-52,20.666666666666668,21.666666666666668,-1.0,57.249939349798055,54.23610933276424,3.0138300170338184,-59,-52,-7,-0.61,-0.47,-0.14
68,18,-48,54,27,-43,12.666666666666666,12.666666666666666,0.0,47.50672467018631,40.87650778734515,6.630216882841161,-48,-43,-5,-0.17,-0.48,0.30999999999999994
97,32,-49,76,43,-39,26.666666666666668,26.666666666666668,0.0,59.72343668015839,48.3482735529983,11.375163127160093,-49,-39,-10,-0.13,-0.47,0.33999999999999997
65,60,-36,68,44,-23,29.666666666666668,29.666666666666668,0.0,46.4781908234628,38.50829636440554,7.969894459057265,-36,-23,-13,-0.7,-0.51,-0.18999999999999995
94,47,-63,97,32,-51,26.0,26.0,0.0,65.79260343432738,60.569519287069355,5.223084147258021,-63,-51,-12,-0.45,-0.15,-0.30000000000000004
85,17,-32,74,15,-19,23.333333333333332,23.333333333333332,0.0,47.97453027967607,38.42163742245016,9.552892857225906,-32,-19,-13,0.2,0.32,-0.12
51,48,-46,47,40,-34,17.666666666666668,17.666666666666668,0.0,45.03578823804711,36.64544840616484,8.390339831882272,-46,-34,-12,-0.7,-0.69,-0.010000000000000009
72,53,-88,89,21,-73,12.333333333333334,12.333333333333334,0.0,71.36914988673716,66.41954197038365,4.949607916353514,-88,-73,-15,-0.67,-0.19,-0.48000000000000004
77,72,-93,96,40,-80,18.666666666666668,18.666666666666668,0.0,78.9866374071519,73.41813278899309,5.568504618158812,-93,-80,-13,-0.7,-0.41,-0.29
61,18,-74,66,1,-62,1.6666666666666667,1.6666666666666667,0.0,56.31064631922536,52.257907429296175,4.052738889929188,-74,-62,-12,-0.41,0.02,-0.43
89,12,-86,65,23,-73,5.0,5.0,0.0,71.6147098483731,57.758116312774604,13.856593535598492,-86,-73,-13,-0.15,-0.44,0.29000000000000004
94,36,-56,72,44,-42,24.666666666666668,24.666666666666668,0.0,61.759389749431804,48.50658603621666,13.252803713215144,-56,-42,-14,-0.27,-0.53,0.26
54,42,-20,64,21,-9,25.333333333333332,25.333333333333332,0.0,32.42769735204082,29.95923155816176,2.468465793879062,-20,-9,-11,-0.64,0.21,-0.85
36,34,-14,42,18,-4,18.666666666666668,18.666666666666668,0.0,23.113247764479624,18.785337071473826,4.327910693005798,-14,-4,-10,-0.7,0.05,-0.75
67,8,-37,48,13,-23,12.666666666666666,12.666666666666666,0.0,42.58586098173378,28.986586936412884,13.599274045320897,-37,-23,-14,0.16,-0.02,0.18
42,20,-51,32,20,-41,3.6666666666666665,3.6666666666666665,0.0,39.684869772860395,31.961782734314983,7.723087038545412,-51,-41,-10,-0.55,-0.63,0.07999999999999996
93,11,-15,48,43,-2,29.666666666666668,29.666666666666668,0.0,46.02414825091522,22.484562605386735,23.539585645528483,-15,-2,-13,0.54,-0.68,1.2200000000000002
87,68,-96,98,51,-90,19.666666666666668,19.666666666666668,0.0,82.15567877849683,79.88463904628696,2.2710397322098714,-96,-90,-6,-0.68,-0.53,-0.15000000000000002
72,29,-87,61,31,-78,4.666666666666667,4.666666666666667,0.0,67.1532244613433,59.72343668015839,7.429787781184906,-87,-78,-9,-0.5,-0.58,0.07999999999999996
94,56,-59,78,63,-50,30.333333333333332,30.333333333333332,0.0,65.04528337157805,57.13337222869154,7.91191114288651,-59,-50,-9,-0.53,-0.67,0.14
67,30,-69,47,42,-61,9.333333333333334,9.333333333333334,0.0,57.41273571449302,49.775049528408864,7.637686186084153,-69,-61,-8,-0.49,-0.7,0.20999999999999996
85,46,-44,91,30,-34,29.0,29.0,0.0,54.01851534427802,51.03593505234,2.982580291938021,-44,-34,-10,-0.44,-0.03,-0.41000000000000003
85,46,-21,61,59,-10,36.666666666666664,36.666666666666664,0.0,43.77467558100485,33.00841643513901,10.766259145865838,-21,-10,-11,-0.31,-0.71,0.39999999999999997
78,16,-89,64,15,-74,1.6666666666666667,1.6666666666666667,0.0,68.92669213656556,57.12170243339119,11.804989703174371,-89,-74,-15,-0.3,-0.34,0.040000000000000036
88,73,-20,82,65,-6,47.0,47.0,0.0,47.77028364998475,38.113864493995706,9.656419155989042,-20,-6,-14,-0.66,-0.6,-0.06000000000000005
97,12,-80,57,38,-66,9.666666666666666,9.666666666666666,0.0,72.27878127239157,54.06374837993467,18.215032892456897,-80,-66,-14,-0.05,-0.64,0.59
26,10,-29,24,3,-20,2.3333333333333335,2.3333333333333335,0.0,23.098821518760552,17.96910929592474,5.129712222835813,-29,-20,-9,-0.46,-0.06,-0.4
79,1,-63,52,21,-56,5.666666666666667,5.666666666666667,0.0,58.0650975677778,45.40435612973226,12.660741438045541,-63,-56,-7,0.12,-0.47,0.59
79,3,-56,39,31,-44,8.666666666666666,8.666666666666666,0.0,55.25898619731958,37.38389433373087,17.875091863588707,-56,-44,-12,0.15,-0.68,0.8300000000000001
51,35,-58,53,25,-50,9.333333333333334,9.333333333333334,0.0,48.05783552715993,43.48435223030106,4.573483296858868,-58,-50,-8,-0.65,-0.49,-0.16000000000000003
80,63,-19,86,51,-13,41.333333333333336,41.333333333333336,0.0,43.22293629801453,40.99051380773632,2.2324224902782106,-19,-13,-6,-0.63,-0.34,-0.29
98,17,-13,89,19,-6,34.0,34.0,0.0,46.88283267892417,40.2077936060494,6.6750390728747675,-13,-6,-7,0.5,0.51,-0.010000000000000009
96,49,-74,70,61,-60,23.666666666666668,23.666666666666668,0.0,71.67674347761313,59.275252471461954,12.401491006151176,-74,-60,-14,-0.49,-0.69,0.19999999999999996
52,1,-22,35,12,-16,10.333333333333334,10.333333333333334,0.0,30.922843048824312,20.853989759489405,10.068853289334907,-22,-16,-6,0.43,-0.12,0.55
89,85,-18,89,72,-5,52.0,52.0,0.0,49.52440475832765,40.89824772122476,8.626157037102885,-18,-5,-13,-0.7,-0.62,-0.07999999999999996
65,45,-74,49,48,-61,12.0,12.0,0.0,61.35687953821206,51.62040940041707,9.736470137794996,-74,-61,-13,-0.65,-0.71,0.05999999999999994
88,41,-28,79,40,-18,33.666666666666664,33.666666666666664,0.0,47.63985259796209,39.852505846210256,7.7873467517518336,-28,-18,-10,-0.23,-0.23,0.0
97,67,-49,80,79,-44,38.333333333333336,38.333333333333336,0.0,62.95677529508286,58.2198896903417,4.736885604741161,-49,-44,-5,-0.59,-0.71,0.12
86,11,-61,69,14,-47,12.0,12.0,0.0,60.01666435249463,47.37791327893902,12.63875107355561,-61,-47,-14,0.02,-0.06,0.08
92,58,-61,94,48,-53,29.666666666666668,29.666666666666668,0.0,65.59640911581128,61.39670639012777,4.199702725683515,-61,-53,-8,-0.57,-0.42,-0.14999999999999997
77,32,-56,63,31,-41,17.666666666666668,17.666666666666668,0.0,55.2348521215445,43.49201714746691,11.742834974077589,-56,-41,-15,-0.37,-0.43,0.06
46,11,-15,31,17,-9,14.0,13.0,1.0,24.99333244420733,16.57307052620807,8.420261917999259,-15,-9,-6,0.18,-0.35,0.53
84,20,-49,66,26,-40,18.333333333333332,17.333333333333332,1.0,54.309810859139944,43.70608907489003,10.603721784249913,-49,-40,-9,-0.05,-0.29,0.24
77,23,-72,54,35,-64,9.333333333333334,8.333333333333334,1.0,61.5918465022405,51.73221648278974,9.859630019450762,-72,-64,-8,-0.32,-0.64,0.32
95,35,-20,94,28,-15,36.666666666666664,35.666666666666664,1.0,46.96334267868457,44.82806660514767,2.1352760735369003,-20,-15,-5,0.05,0.25,-0.2
73,4,-14,56,12,-8,21.0,20.0,1.0,37.49666651850535,26.733250207684563,10.763416310820787,-14,-8,-6,0.59,0.42,0.16999999999999998
95,10,-30,57,35,-20,25.0,24.0,1.0,52.121652570372966,32.38312317653544,19.738529393837524,-30,-20,-10,0.41,-0.47,0.8799999999999999
64,45,-42,60,41,-37,22.333333333333332,21.333333333333332,1.0,46.147107770211946,41.97088938247027,4.176218387741677,-42,-37,-5,-0.62,-0.6,-0.020000000000000018
53,5,-49,31,17,-42,3.0,2.0,1.0,41.66533331199932,31.63331577098213,10.03201754101719,-49,-42,-7,-0.07,-0.6,0.53
85,60,-89,94,34,-75,18.666666666666668,17.666666666666668,1.0,76.81290400852075,69.95395310885266,6.858950899668088,-89,-75,-14,-0.65,-0.34,-0.31
93,53,-46,82,50,-35,33.333333333333336,32.333333333333336,1.0,58.4256412507005,49.37160677510462,9.054034475595884,-46,-35,-11,-0.47,-0.49,0.020000000000000018
89,2,-11,39,38,-3,26.666666666666668,24.666666666666668,2.0,44.39469437769438,19.567546828585563,24.827147549108815,-11,-3,-8,0.66,-0.71,1.37
74,30,-17,63,21,-3,29.0,27.0,2.0,37.15732319027659,27.27636339397171,9.880959796304882,-17,-3,-14,-0.04,0.32,-0.36
89,57,-29,82,43,-14,39.0,37.0,2.0,49.82636517614612,39.42080668885405,10.405558487292069,-29,-14,-15,-0.49,-0.22,-0.27
93,37,-63,65,50,-54,22.333333333333332,20.333333333333332,2.0,64.52561937366859,52.91712598225854,11.60849339141005,-63,-54,-9,-0.33,-0.66,0.33
82,16,-75,64,16,-63,7.666666666666667,5.666666666666667,2.0,64.36527704351849,52.35986588557648,12.005411157942007,-75,-63,-12,-0.19,-0.29,0.09999999999999998
96,62,-12,73,69,-2,48.666666666666664,46.666666666666664,2.0,45.087569117095775,34.451253807211266,10.636315309884509,-12,-2,-10,-0.42,-0.7,0.27999999999999997
68,32,-44,48,31,-29,18.666666666666668,16.666666666666668,2.0,46.68571040003093,33.02860712910687,13.657103270924061,-44,-29,-15,-0.41,-0.57,0.15999999999999998
96,18,-51,86,7,-36,21.0,19.0,2.0,60.049979184009715,50.52392172690741,9.526057457102304,-51,-36,-15,0.07,0.34,-0.27
78,37,-10,78,22,-1,35.0,33.0,2.0,35.95367389665021,33.1762967593833,2.7773771372669103,-10,-1,-9,-0.08,0.46,-0.54
88,32,-17,87,17,-7,34.333333333333336,32.333333333333336,2.0,42.89781139198388,39.87759047663515,3.0202209153487303,-17,-7,-10,0.08,0.52,-0.44
44,28,-63,34,18,-52,3.0,0.0,3.0,47.12395003251177,37.345236197762446,9.778713834749325,-63,-52,-11,-0.65,-0.61,-0.040000000000000036
92,55,-65,90,43,-60,27.333333333333332,24.333333333333332,3.0,67.01409470319575,62.64361278073146,4.370481922464293,-65,-60,-5,-0.55,-0.42,-0.13000000000000006
85,46,-93,75,37,-83,12.666666666666666,9.666666666666666,3.0,76.39517145881814,67.33663358248778,9.058537876330362,-93,-83,-10,-0.57,-0.54,-0.029999999999999916
52,9,-31,32,12,-23,10.0,7.0,3.0,33.891985286593446,22.73030282830976,11.161682458283686,-31,-23,-8,0.04,-0.32,0.36
40,9,-10,26,9,-5,13.0,10.0,3.0,20.607442021431645,12.675435561221029,7.932006460210616,-10,-5,-5,0.28,0.12,0.16000000000000003
76,64,-47,91,30,-37,31.0,28.0,3.0,55.37147279962851,52.2749143152494,3.0965584843791163,-47,-37,-10,-0.68,-0.06,-0.6200000000000001
92,54,-86,69,62,-80,20.0,17.0,3.0,76.54192750817468,68.64886500639808,7.893062501776598,-86,-80,-6,-0.58,-0.7,0.12
77,63,-21,84,41,-15,39.666666666666664,36.666666666666664,3.0,43.27688631231329,40.5325657822064,2.74432053010689,-21,-15,-6,-0.65,-0.16,-0.49
90,58,-71,89,44,-65,25.666666666666668,22.666666666666668,3.0,69.59086785555192,64.65463805654025,4.93622979901167,-71,-65,-6,-0.6,-0.46,-0.13999999999999996
37,32,-10,36,16,-2,19.666666666666668,16.666666666666668,3.0,21.076579946049648,15.520595635763755,5.5559843102858935,-10,-2,-8,-0.68,0.06,-0.74
67,53,-60,57,45,-54,20.0,16.0,4.0,56.85654462475421,49.73932046178355,7.117224162970658,-60,-54,-6,-0.68,-0.68,0.0
98,20,-55,54,46,-49,21.0,17.0,4.0,62.465990746965666,46.783187863447985,15.682802883517681,-55,-49,-6,0.02,-0.69,0.71
88,32,-75,67,36,-70,15.0,11.0,4.0,67.6214955961983,58.65719620529664,8.964299390901658,-75,-70,-5,-0.36,-0.56,0.20000000000000007
83,31,-52,87,5,-42,20.666666666666668,16.666666666666668,4.0,55.59576322786557,53.30624311987815,2.2895201079874212,-52,-42,-10,-0.27,0.32,-0.5900000000000001
76,4,-40,48,14,-34,13.333333333333334,9.333333333333334,4.0,47.81445620544295,33.6386021641143,14.175854041328648,-40,-34,-6,0.29,-0.21,0.5
83,23,-41,63,26,-36,21.666666666666668,17.666666666666668,4.0,50.63156678946007,40.84387618997764,9.787690599482424,-41,-36,-5,-0.04,-0.3,0.26
52,35,-30,40,29,-24,19.0,15.0,4.0,35.33647784749729,27.94041278626117,7.396065061236122,-30,-24,-6,-0.59,-0.63,0.040000000000000036
89,53,-62,95,24,-51,26.666666666666668,22.666666666666668,4.0,64.39634220115991,59.61170653114667,4.7846356700132375,-62,-51,-11,-0.55,-0.03,-0.52
84,39,-56,62,41,-48,22.333333333333332,18.333333333333332,4.0,58.35713800003865,47.68181577452305,10.6753222255156,-56,-48,-8,-0.41,-0.61,0.2
99,70,-80,81,71,-75,29.666666666666668,25.666666666666668,4.0,78.44460182546378,71.29905718560067,7.145544639863104,-80,-75,-5,-0.64,-0.7,0.05999999999999994
