agree_button.numClicks,agree_button.timesOn,agree_button.timesOff,decline_button.numClicks,decline_button.timesOn,decline_button.timesOff,age,sex,occupation,date,expName,psychopyVersion,OS,frameRate,PROLIFIC_PID,STUDY_ID,SESSION_ID,continue_button.numClicks,continue_button.timesOn,continue_button.timesOff,slider.response,slider.rt,submit_button.numClicks,submit_button.timesOn,submit_button.timesOff,questions_loop_2.thisRepN,questions_loop_2.thisTrialN,questions_loop_2.thisN,questions_loop_2.thisIndex,questions_loop_2.ran,check_correctness.started,check_correctness.stopped,failed_questions.started,failed_questions.stopped,continue_button_3.numClicks,continue_button_3.timesOn,continue_button_3.timesOff,mouse_resp.x,mouse_resp.y,mouse_resp.leftButton,mouse_resp.midButton,mouse_resp.rightButton,mouse_resp.time,mouse_resp.clicked_name,continue_button_2.numClicks,continue_button_2.timesOn,continue_button_2.timesOff,trials.thisRepN,trials.thisTrialN,trials.thisN,trials.thisIndex,trials.ran,outcome_a1,outcome_a2,outcome_a3,outcome_b1,outcome_b2,outcome_b3,ev_a,ev_b,ev_diff,var_a,var_b,var_diff,loss_a,loss_b,loss_diff,skew_a,skew_b,skew_diff,lottery_type,sanity_check,bonus_payment,end_resp.keys,end_resp.rt,end_resp.duration
1,[9.537200000002983],[9.537200000002983],0,[],[],,male,,2025-08-19_12h43.49.894,lotterie_task,2024.2.4,Win32,57.47126437,601129f77e0c21000b0c408a,68947058ad5ea3fc73912f3f,68a4519e1904bd5381371237,,,,,,,,,,,,,,,,,,,,,,,,,,,,,,,,,,,,,,,,,,,,,,,,,,,,,,,,,,,
,,,,,,,male,,2025-08-19_12h43.49.894,lotterie_task,2024.2.4,Win32,57.47126437,601129f77e0c21000b0c408a,68947058ad5ea3fc73912f3f,68a4519e1904bd5381371237,,,,,,,,,,,,,,,,,,,,,,,,,,,,,,,,,,,,,,,,,,,,,,,,,,,,,,,,,,,
,,,,,,,male,,2025-08-19_12h43.49.894,lotterie_task,2024.2.4,Win32,57.47126437,601129f77e0c21000b0c408a,68947058ad5ea3fc73912f3f,68a4519e1904bd5381371237,1,[62.97049999999999],[62.97049999999999],,,,,,,,,,,,,,,,,,,,,,,,,,,,,,,,,,,,,,,,,,,,,,,,,,,,,,,,
,,,,,,,male,,2025-08-19_12h43.49.894,lotterie_task,2024.2.4,Win32,57.47126437,601129f77e0c21000b0c408a,68947058ad5ea3fc73912f3f,68a4519e1904bd5381371237,,,,34,48.7414,1,[124.88620000000299],[124.88620000000299],0,0,0,0,1,,,,,,,,,,,,,,,,,,,,,,,,,,,,,,,,,,,,,,,,,,,,,,
,,,,,,,male,,2025-08-19_12h43.49.894,lotterie_task,2024.2.4,Win32,57.47126437,601129f77e0c21000b0c408a,68947058ad5ea3fc73912f3f,68a4519e1904bd5381371237,,,,33,19.0145,1,[147.69810000000894],[147.698200000003],1,0,1,0,1,,,,,,,,,,,,,,,,,,,,,,,,,,,,,,,,,,,,,,,,,,,,,,
,,,,,,,male,,2025-08-19_12h43.49.894,lotterie_task,2024.2.4,Win32,57.47126437,601129f77e0c21000b0c408a,68947058ad5ea3fc73912f3f,68a4519e1904bd5381371237,,,,,,,,,,,,,,147.7598,147.7601,,,,,,,,,,,,,,,,,,,,,,,,,,,,,,,,,,,,,,,,,,,,
,,,,,,,male,,2025-08-19_12h43.49.894,lotterie_task,2024.2.4,Win32,57.47126437,601129f77e0c21000b0c408a,68947058ad5ea3fc73912f3f,68a4519e1904bd5381371237,,,,,,,,,,,,,,,,147.7603,147.7651,,,,,,,,,,,,,,,,,,,,,,,,,,,,,,,,,,,,,,,,,,
,,,,,,,male,,2025-08-19_12h43.49.894,lotterie_task,2024.2.4,Win32,57.47126437,601129f77e0c21000b0c408a,68947058ad5ea3fc73912f3f,68a4519e1904bd5381371237,,,,,,,,,,,,,,,,,,1,[181.9486999999881],[181.9486999999881],,,,,,,,,,,,,,,,,,,,,,,,,,,,,,,,,,,,,,,
,,,,,,,male,,2025-08-19_12h43.49.894,lotterie_task,2024.2.4,Win32,57.47126437,601129f77e0c21000b0c408a,68947058ad5ea3fc73912f3f,68a4519e1904bd5381371237,,,,,,,,,,,,,,,,,,,,,,,,,,,,,,,,,,,,,,,,,,,,,,,,,,,,,,,,,,,
,,,,,,,male,,2025-08-19_12h43.49.894,lotterie_task,2024.2.4,Win32,57.47126437,601129f77e0c21000b0c408a,68947058ad5ea3fc73912f3f,68a4519e1904bd5381371237,,,,,,,,,,,,,,,,,,,,,[-0.16888105743515533],[-0.07444321340581038],[1],[0],[0],[10.791999999999973],"[""coins_a_3"",""coins_a_3""]",0,[],[],0,0,0,104,1,92,54,-10,99,11,-1,45.33333333,36.33333333,9,42.08985098,44.58200933,-2.492158346,-10,-1,-9,-0.3,0.67,-0.97,unconfounded,FALSE,,,,
,,,,,,,male,,2025-08-19_12h43.49.894,lotterie_task,2024.2.4,Win32,57.47126437,601129f77e0c21000b0c408a,68947058ad5ea3fc73912f3f,68a4519e1904bd5381371237,,,,,,,,,,,,,,,,,,,,,[-0.21707693549421161],[-0.08486391092101407],[1],[0],[0],[10.890100000008943],"[""coins_b_3"",""coins_b_3""]",0,[],[],0,1,1,132,1,81,40,-65,84,42,-52,18.66666667,24.66666667,-6,61.48351179,56.85849883,4.625012964,-65,-52,-13,-0.48,-0.43,-0.05,confounded,FALSE,,,,
,,,,,,,male,,2025-08-19_12h43.49.894,lotterie_task,2024.2.4,Win32,57.47126437,601129f77e0c21000b0c408a,68947058ad5ea3fc73912f3f,68a4519e1904bd5381371237,,,,,,,,,,,,,,,,,,,,,[0.15546441385642584],[-0.015826566278026085],[1],[0],[0],[6.451200000002984],"[""coins_a_3"",""coins_a_3""]",0,[],[],0,2,2,70,1,73,50,-46,98,7,-31,25.66666667,24.66666667,1,51.53855084,54.12536887,-2.586818037,-46,-31,-15,-0.6,0.45,-1.05,unconfounded,FALSE,,,,
,,,,,,,male,,2025-08-19_12h43.49.894,lotterie_task,2024.2.4,Win32,57.47126437,601129f77e0c21000b0c408a,68947058ad5ea3fc73912f3f,68a4519e1904bd5381371237,,,,,,,,,,,,,,,,,,,,,[-0.11807984400186841],[-0.07314058149545721],[1],[0],[0],[7.929099999994065],"[""coins_a_3"",""coins_a_3""]",0,[],[],0,3,3,68,1,74,36,-41,90,6,-30,23,22,1,47.84001115,50.27922036,-2.439209212,-41,-30,-11,-0.39,0.45,-0.84,unconfounded,FALSE,,,,
,,,,,,,male,,2025-08-19_12h43.49.894,lotterie_task,2024.2.4,Win32,57.47126437,601129f77e0c21000b0c408a,68947058ad5ea3fc73912f3f,68a4519e1904bd5381371237,,,,,,,,,,,,,,,,,,,,,[-0.15455253574241648],[-0.06011465593630935],[1],[0],[0],[4.7309999999999945],"[""coins_a_3"",""coins_a_3""]",0,[],[],0,4,4,185,1,76,27,-21,72,4,-12,27.33333333,21.33333333,6,39.60078563,36.41733409,3.183451536,-21,-12,-9,0.01,0.61,-0.6,confounded,FALSE,,,,
,,,,,,,male,,2025-08-19_12h43.49.894,lotterie_task,2024.2.4,Win32,57.47126437,601129f77e0c21000b0c408a,68947058ad5ea3fc73912f3f,68a4519e1904bd5381371237,,,,,,,,,,,,,,,,,,,,,[-0.15455253574241648],[-0.06011465593630935],[1],[0],[0],[3.5420000000000016],"[""coins_a_3"",""coins_a_3""]",0,[],[],0,5,5,69,1,83,22,-20,90,5,-13,28.33333333,27.33333333,1,42.28737663,44.91720779,-2.629831159,-20,-13,-7,0.22,0.62,-0.4,unconfounded,FALSE,,,,
,,,,,,,male,,2025-08-19_12h43.49.894,lotterie_task,2024.2.4,Win32,57.47126437,601129f77e0c21000b0c408a,68947058ad5ea3fc73912f3f,68a4519e1904bd5381371237,,,,,,,,,,,,,,,,,,,,,[-0.17930175495035902],[-0.04448353810997949],[1],[0],[0],[4.808299999997018],"[""coins_a_3"",""coins_a_3""]",0,[],[],0,6,6,189,1,93,88,-12,97,64,-1,56.33333333,53.33333333,3,48.36206043,40.71308826,7.64897217,-12,-1,-11,-0.7,-0.38,-0.32,confounded,FALSE,,,,
,,,,,,,male,,2025-08-19_12h43.49.894,lotterie_task,2024.2.4,Win32,57.47126437,601129f77e0c21000b0c408a,68947058ad5ea3fc73912f3f,68a4519e1904bd5381371237,,,,,,,,,,,,,,,,,,,,,[-0.21837956740456477],[-0.10831056977212779],[1],[0],[0],[8.075099999993995],"[""coins_b_3"",""coins_b_3""]",0,[],[],0,7,7,148,1,60,35,-32,57,29,-20,21,22,-1,38.8415585,31.82242396,7.01913454,-32,-20,-12,-0.49,-0.32,-0.17,confounded,FALSE,,,,
,,,,,,,male,,2025-08-19_12h43.49.894,lotterie_task,2024.2.4,Win32,57.47126437,601129f77e0c21000b0c408a,68947058ad5ea3fc73912f3f,68a4519e1904bd5381371237,,,,,,,,,,,,,,,,,,,,,[0.16718774328198271],[-0.031457612550831626],[1],[0],[0],[8.520200000002944],"[""coins_b_3"",""coins_b_3""]",0,[],[],0,8,8,131,1,95,41,-73,89,40,-63,21,22,-1,70.0285656,63.34561284,6.682952755,-73,-63,-10,-0.41,-0.4,-0.01,confounded,FALSE,,,,
,,,,,,,male,,2025-08-19_12h43.49.894,lotterie_task,2024.2.4,Win32,57.47126437,601129f77e0c21000b0c408a,68947058ad5ea3fc73912f3f,68a4519e1904bd5381371237,,,,,,,,,,,,,,,,,,,,,[-0.10635651457631155],[-0.06271988398025352],[1],[0],[0],[12.095400000005952],"[""coins_b_3"",""coins_b_3""]",0,[],[],0,9,9,112,1,62,49,-44,69,55,-30,22.33333333,31.33333333,-9,47.20404879,43.74420597,3.459842825,-44,-30,-14,-0.67,-0.65,-0.02,confounded,FALSE,,,,
,,,,,,,male,,2025-08-19_12h43.49.894,lotterie_task,2024.2.4,Win32,57.47126437,601129f77e0c21000b0c408a,68947058ad5ea3fc73912f3f,68a4519e1904bd5381371237,,,,,,,,,,,,,,,,,,,,,[0.18802920986591443],[-0.10310018523776378],[1],[0],[0],[5.475400000005948],"[""coins_b_3"",""coins_b_3""]",0,[],[],0,10,10,135,1,77,61,-18,90,60,-3,40,49,-9,41.52910626,38.75564475,2.773461509,-18,-3,-15,-0.63,-0.4,-0.23,confounded,FALSE,,,,
,,,,,,,male,,2025-08-19_12h43.49.894,lotterie_task,2024.2.4,Win32,57.47126437,601129f77e0c21000b0c408a,68947058ad5ea3fc73912f3f,68a4519e1904bd5381371237,,,,,,,,,,,,,,,,,,,,,[-0.08942294372343933],[-0.07704840567299238],[1],[0],[0],[6.497200000002977],"[""coins_b_3"",""coins_b_3""]",0,[],[],0,11,11,16,1,58,37,-21,83,16,-7,24.66666667,30.66666667,-6,33.40991204,38.17794593,-4.768033896,-21,-7,-14,-0.5,0.52,-1.02,unconfounded,FALSE,,,,
,,,,,,,male,,2025-08-19_12h43.49.894,lotterie_task,2024.2.4,Win32,57.47126437,601129f77e0c21000b0c408a,68947058ad5ea3fc73912f3f,68a4519e1904bd5381371237,,,,,,,,,,,,,,,,,,,,,[0.18281882533155042],[-0.07835093025305906],[1],[0],[0],[6.582400000005919],"[""coins_a_3"",""coins_a_3""]",0,[],[],0,12,12,143,1,49,11,-37,57,15,-22,7.666666667,16.66666667,-9,35.18838192,32.27313985,2.915242074,-37,-22,-15,-0.14,0.08,-0.22,confounded,FALSE,,,,
,,,,,,,male,,2025-08-19_12h43.49.894,lotterie_task,2024.2.4,Win32,57.47126437,601129f77e0c21000b0c408a,68947058ad5ea3fc73912f3f,68a4519e1904bd5381371237,,,,,,,,,,,,,,,,,,,,,[0.18281882533155042],[-0.07835093025305906],[1],[0],[0],[4.8178999999910275],"[""coins_a_3"",""coins_a_3""]",0,[],[],0,13,13,42,1,78,19,-16,89,2,-7,27,28,-1,38.79003308,43.28972164,-4.49968856,-16,-7,-9,0.3,0.68,-0.38,unconfounded,FALSE,,,,
,,,,,,,male,,2025-08-19_12h43.49.894,lotterie_task,2024.2.4,Win32,57.47126437,601129f77e0c21000b0c408a,68947058ad5ea3fc73912f3f,68a4519e1904bd5381371237,,,,,,,,,,,,,,,,,,,,,[-0.15455253574241648],[-0.08095612252024106],[1],[0],[0],[7.476299999997025],"[""coins_b_3"",""coins_b_3""]",0,[],[],0,14,14,171,1,65,35,-34,61,27,-22,22,22,0,41.44876355,34.06855833,7.380205222,-34,-22,-12,-0.44,-0.22,-0.22,confounded,FALSE,,,,
,,,,,,,male,,2025-08-19_12h43.49.894,lotterie_task,2024.2.4,Win32,57.47126437,601129f77e0c21000b0c408a,68947058ad5ea3fc73912f3f,68a4519e1904bd5381371237,,,,,,,,,,,,,,,,,,,,,[-0.15455253574241648],[-0.08095612252024106],[1],[0],[0],[5.561600000008923],"[""coins_b_3"",""coins_b_3""]",0,[],[],0,15,15,186,1,45,24,-31,48,17,-18,12.66666667,15.66666667,-3,32.0451071,26.96087701,5.084230092,-31,-18,-13,-0.49,-0.07,-0.42,confounded,FALSE,,,,
,,,,,,,male,,2025-08-19_12h43.49.894,lotterie_task,2024.2.4,Win32,57.47126437,601129f77e0c21000b0c408a,68947058ad5ea3fc73912f3f,68a4519e1904bd5381371237,,,,,,,,,,,,,,,,,,,,,[0.07209861907422332],[-0.043180941976388484],[1],[0],[0],[9.871199999988107],"[""coins_b_3"",""coins_b_3""]",0,[],[],0,16,16,129,1,65,62,-49,72,57,-42,26,29,-3,53.04714884,50.57667447,2.470474374,-49,-42,-7,-0.71,-0.66,-0.05,confounded,FALSE,,,,
,,,,,,,male,,2025-08-19_12h43.49.894,lotterie_task,2024.2.4,Win32,57.47126437,601129f77e0c21000b0c408a,68947058ad5ea3fc73912f3f,68a4519e1904bd5381371237,,,,,,,,,,,,,,,,,,,,,[0.07209861907422332],[-0.043180941976388484],[1],[0],[0],[7.358200000002967],"[""coins_b_3"",""coins_b_3""]",0,[],[],0,17,17,166,1,88,64,-15,89,47,-2,45.66666667,44.66666667,1,44.00252518,37.18721405,6.815311129,-15,-2,-13,-0.55,-0.09,-0.46,confounded,FALSE,,,,
,,,,,,,male,,2025-08-19_12h43.49.894,lotterie_task,2024.2.4,Win32,57.47126437,601129f77e0c21000b0c408a,68947058ad5ea3fc73912f3f,68a4519e1904bd5381371237,,,,,,,,,,,,,,,,,,,,,[-0.08681775145625732],[-0.09398204807938892],[1],[0],[0],[6.890999999999963],"[""coins_b_3"",""coins_b_3""]",0,[],[],0,18,18,164,1,78,18,-86,77,22,-71,3.333333333,9.333333333,-6,67.75117875,61.08100268,6.670176067,-86,-71,-15,-0.31,-0.3,-0.01,confounded,FALSE,,,,
,,,,,,,male,,2025-08-19_12h43.49.894,lotterie_task,2024.2.4,Win32,57.47126437,601129f77e0c21000b0c408a,68947058ad5ea3fc73912f3f,68a4519e1904bd5381371237,,,,,,,,,,,,,,,,,,,,,[0.18542401759873242],[-0.08356131478742307],[1],[0],[0],[13.433999999999969],"[""coins_a_3"",""coins_a_3""]",0,[],[],0,19,19,48,1,71,45,-35,95,9,-23,27,27,0,45.10727953,49.82636518,-4.719085645,-35,-23,-12,-0.54,0.49,-1.03,unconfounded,FALSE,,,,
,,,,,,,male,,2025-08-19_12h43.49.894,lotterie_task,2024.2.4,Win32,57.47126437,601129f77e0c21000b0c408a,68947058ad5ea3fc73912f3f,68a4519e1904bd5381371237,,,,,,,,,,,,,,,,,,,,,[0.22059400587540298],[-0.06532507624743553],[1],[0],[0],[7.786600000008946],"[""coins_a_3"",""coins_a_3""]",0,[],[],0,20,20,208,1,93,65,-15,92,30,-6,47.66666667,38.66666667,9,45.7626728,40.47495796,5.28771484,-15,-6,-9,-0.51,0.31,-0.82,confounded,FALSE,,,,
,,,,,,,male,,2025-08-19_12h43.49.894,lotterie_task,2024.2.4,Win32,57.47126437,601129f77e0c21000b0c408a,68947058ad5ea3fc73912f3f,68a4519e1904bd5381371237,,,,,,,,,,,,,,,,,,,,,[0.22059400587540298],[-0.06532507624743553],[1],[0],[0],[11.780100000008986],"[""coins_a_3"",""coins_a_3""]",0,[],[],0,21,21,153,1,86,80,-10,84,66,-3,52,49,3,43.9089968,37.49666652,6.412330282,-10,-3,-7,-0.7,-0.59,-0.11,confounded,FALSE,,,,
,,,,,,,male,,2025-08-19_12h43.49.894,lotterie_task,2024.2.4,Win32,57.47126437,601129f77e0c21000b0c408a,68947058ad5ea3fc73912f3f,68a4519e1904bd5381371237,,,,,,,,,,,,,,,,,,,,,[0.21147586871702814],[-0.06271988398025352],[1],[0],[0],[6.934899999991046],"[""coins_b_3"",""coins_b_3""]",0,[],[],0,22,22,8,1,67,30,-64,98,12,-50,11,20,-9,55.14224031,60.68497892,-5.542738609,-64,-50,-14,-0.48,0.2,-0.68,unconfounded,FALSE,,,,
,,,,,,,male,,2025-08-19_12h43.49.894,lotterie_task,2024.2.4,Win32,57.47126437,601129f77e0c21000b0c408a,68947058ad5ea3fc73912f3f,68a4519e1904bd5381371237,,,,,,,,,,,,,,,,,,,,,[-0.13892145369284878],[-0.031457612550831626],[1],[0],[0],[12.418200000002969],"[""coins_a_3"",""coins_a_3""]",0,[],[],0,23,23,124,1,88,55,-57,98,39,-42,28.66666667,31.66666667,-3,62.05553069,57.38950736,4.666023323,-57,-42,-15,-0.56,-0.19,-0.37,confounded,FALSE,,,,
,,,,,,,male,,2025-08-19_12h43.49.894,lotterie_task,2024.2.4,Win32,57.47126437,601129f77e0c21000b0c408a,68947058ad5ea3fc73912f3f,68a4519e1904bd5381371237,,,,,,,,,,,,,,,,,,,,,[0.2700925158448124],[0.015435705151395808],[1],[0],[0],[7.867200000002981],"[""coins_a_3"",""coins_a_3""]",0,[],[],0,24,24,215,1,80,43,-41,81,8,-34,27.33333333,18.33333333,9,50.62498285,47.5137407,3.111242151,-41,-34,-7,-0.43,0.32,-0.75,confounded,FALSE,,,,
,,,,,,,male,,2025-08-19_12h43.49.894,lotterie_task,2024.2.4,Win32,57.47126437,601129f77e0c21000b0c408a,68947058ad5ea3fc73912f3f,68a4519e1904bd5381371237,,,,,,,,,,,,,,,,,,,,,[-0.15715772800959849],[-0.10049499297058177],[1],[0],[0],[4.535000000000025],"[""coins_a_3"",""coins_a_3""]",0,[],[],0,25,25,88,1,61,49,-22,81,3,-14,29.33333333,23.33333333,6,36.62725154,41.36289266,-4.735641114,-22,-14,-8,-0.65,0.62,-1.27,unconfounded,FALSE,,,,
,,,,,,,male,,2025-08-19_12h43.49.894,lotterie_task,2024.2.4,Win32,57.47126437,601129f77e0c21000b0c408a,68947058ad5ea3fc73912f3f,68a4519e1904bd5381371237,,,,,,,,,,,,,,,,,,,,,[-0.22880026491976846],[0.04539530889370237],[1],[0],[0],[9.92349999999999],"[""coins_a_3"",""coins_a_3""]",0,[],[],0,26,26,183,1,60,58,-24,72,31,-12,31.33333333,30.33333333,1,39.13509366,34.29609631,4.838997345,-24,-12,-12,-0.71,-0.03,-0.68,confounded,FALSE,,,,
,,,,,,,male,,2025-08-19_12h43.49.894,lotterie_task,2024.2.4,Win32,57.47126437,601129f77e0c21000b0c408a,68947058ad5ea3fc73912f3f,68a4519e1904bd5381371237,,,,,,,,,,,,,,,,,,,,,[0.23622523103201934],[-0.028852491837173946],[1],[0],[0],[8.167900000005943],"[""coins_b_3"",""coins_b_3""]",0,[],[],0,27,27,11,1,74,33,-32,94,35,-27,25,34,-9,43.64248694,49.40310382,-5.760616872,-32,-27,-5,-0.27,-0.03,-0.24,unconfounded,FALSE,,,,
,,,,,,,male,,2025-08-19_12h43.49.894,lotterie_task,2024.2.4,Win32,57.47126437,601129f77e0c21000b0c408a,68947058ad5ea3fc73912f3f,68a4519e1904bd5381371237,,,,,,,,,,,,,,,,,,,,,[0.21538376444808763],[-0.08095612252024106],[1],[0],[0],[8.790999999999997],"[""coins_b_3"",""coins_b_3""]",0,[],[],0,28,28,5,1,45,38,-33,83,15,-21,16.66666667,25.66666667,-9,35.23571421,43.12256434,-7.886850138,-33,-21,-12,-0.69,0.36,-1.05,unconfounded,FALSE,,,,
,,,,,,,male,,2025-08-19_12h43.49.894,lotterie_task,2024.2.4,Win32,57.47126437,601129f77e0c21000b0c408a,68947058ad5ea3fc73912f3f,68a4519e1904bd5381371237,,,,,,,,,,,,,,,,,,,,,[0.22059400587540298],[-0.0692327930946842],[1],[0],[0],[10.537099999994041],"[""coins_a_3"",""coins_a_3""]",0,[],[],0,29,29,184,1,82,63,-26,93,35,-12,39.66666667,38.66666667,1,47.07676945,42.94440851,4.132360945,-26,-12,-14,-0.62,0.13,-0.75,confounded,FALSE,,,,
,,,,,,,male,,2025-08-19_12h43.49.894,lotterie_task,2024.2.4,Win32,57.47126437,601129f77e0c21000b0c408a,68947058ad5ea3fc73912f3f,68a4519e1904bd5381371237,,,,,,,,,,,,,,,,,,,,,[-0.21186647940632328],[0.034974575601736516],[1],[0],[0],[4.510899999991068],"[""coins_a_3"",""coins_a_3""]",0,[],[],0,30,30,101,1,83,61,-20,99,4,-6,41.33333333,32.33333333,9,44.28945197,47.31689856,-3.027446588,-20,-6,-14,-0.58,0.68,-1.26,unconfounded,FALSE,,,,
,,,,,,,male,,2025-08-19_12h43.49.894,lotterie_task,2024.2.4,Win32,57.47126437,601129f77e0c21000b0c408a,68947058ad5ea3fc73912f3f,68a4519e1904bd5381371237,,,,,,,,,,,,,,,,,,,,,[0.21147586871702814],[-0.03406280481801363],[1],[0],[0],[5.848000000000013],"[""coins_a_3"",""coins_a_3""]",0,[],[],0,31,31,134,1,67,16,-14,66,5,-2,23,23,0,33.43650699,30.53959179,2.896915205,-14,-2,-12,0.3,0.68,-0.38,confounded,FALSE,,,,
,,,,,,,male,,2025-08-19_12h43.49.894,lotterie_task,2024.2.4,Win32,57.47126437,601129f77e0c21000b0c408a,68947058ad5ea3fc73912f3f,68a4519e1904bd5381371237,,,,,,,,,,,,,,,,,,,,,[0.3195910973677462],[0.034974575601736516],[1],[0],[0],[5.241400000005967],"[""coins_a_3"",""coins_a_3""]",0,[],[],0,32,32,67,1,47,39,-49,72,3,-41,12.33333333,11.33333333,1,43.49201715,46.50686927,-3.014852118,-49,-41,-8,-0.69,0.26,-0.95,unconfounded,FALSE,,,,
,,,,,,,male,,2025-08-19_12h43.49.894,lotterie_task,2024.2.4,Win32,57.47126437,601129f77e0c21000b0c408a,68947058ad5ea3fc73912f3f,68a4519e1904bd5381371237,,,,,,,,,,,,,,,,,,,,,[-0.24573397887968934],[-0.06011465593630935],[1],[0],[0],[4.520600000008983],"[""coins_a_3"",""coins_a_3""]",0,[],[],0,33,33,66,1,63,43,-58,93,3,-51,16,15,1,52.95910372,59.39696962,-6.437865901,-58,-51,-7,-0.63,0.29,-0.92,unconfounded,FALSE,,,,
,,,,,,,male,,2025-08-19_12h43.49.894,lotterie_task,2024.2.4,Win32,57.47126437,601129f77e0c21000b0c408a,68947058ad5ea3fc73912f3f,68a4519e1904bd5381371237,,,,,,,,,,,,,,,,,,,,,[-0.28871954395790594],[-0.061417252069900355],[1],[0],[0],[8.794999999999959],"[""coins_b_3"",""coins_b_3""]",0,[],[],0,34,34,21,1,76,42,-93,97,33,-87,8.333333333,14.33333333,-6,72.9855389,76.26853145,-3.282992543,-93,-87,-6,-0.59,-0.35,-0.24,unconfounded,FALSE,,,,
,,,,,,,male,,2025-08-19_12h43.49.894,lotterie_task,2024.2.4,Win32,57.47126437,601129f77e0c21000b0c408a,68947058ad5ea3fc73912f3f,68a4519e1904bd5381371237,,,,,,,,,,,,,,,,,,,,,[0.16327999065797186],[-0.0692327930946842],[1],[0],[0],[7.310200000003022],"[""coins_a_3"",""coins_a_3""]",0,[],[],0,35,35,56,1,80,31,-38,94,5,-26,24.33333333,24.33333333,0,48.40339749,50.86146762,-2.458070131,-38,-26,-12,-0.2,0.52,-0.72,unconfounded,FALSE,,,,
,,,,,,,male,,2025-08-19_12h43.49.894,lotterie_task,2024.2.4,Win32,57.47126437,601129f77e0c21000b0c408a,68947058ad5ea3fc73912f3f,68a4519e1904bd5381371237,,,,,,,,,,,,,,,,,,,,,[0.2101733083601993],[-0.021036879258865767],[1],[0],[0],[5.438299999997014],"[""coins_b_3"",""coins_b_3""]",0,[],[],0,36,36,170,1,57,40,-94,70,21,-79,1,4,-3,67.53270812,62.00537611,5.527332014,-94,-79,-15,-0.67,-0.39,-0.28,confounded,FALSE,,,,
,,,,,,,male,,2025-08-19_12h43.49.894,lotterie_task,2024.2.4,Win32,57.47126437,601129f77e0c21000b0c408a,68947058ad5ea3fc73912f3f,68a4519e1904bd5381371237,,,,,,,,,,,,,,,,,,,,,[-0.1779991945935302],[-0.026247263793229777],[1],[0],[0],[9.860400000005939],"[""coins_a_3"",""coins_a_3""]",0,[],[],0,37,37,199,1,76,47,-60,74,22,-51,21,15,6,58.48646567,51.27052435,7.215941325,-60,-51,-9,-0.58,-0.2,-0.38,confounded,FALSE,,,,
,,,,,,,male,,2025-08-19_12h43.49.894,lotterie_task,2024.2.4,Win32,57.47126437,601129f77e0c21000b0c408a,68947058ad5ea3fc73912f3f,68a4519e1904bd5381371237,,,,,,,,,,,,,,,,,,,,,[-0.1766964911296527],[-0.026247263793229777],[1],[0],[0],[4.394500000000107],"[""coins_b_3"",""coins_b_3""]",0,[],[],0,38,38,9,1,72,62,-10,99,53,-1,41.33333333,50.33333333,-9,36.52700675,40.86835233,-4.341345579,-10,-1,-9,-0.67,-0.1,-0.57,unconfounded,FALSE,,,,
,,,,,,,male,,2025-08-19_12h43.49.894,lotterie_task,2024.2.4,Win32,57.47126437,601129f77e0c21000b0c408a,68947058ad5ea3fc73912f3f,68a4519e1904bd5381371237,,,,,,,,,,,,,,,,,,,,,[0.2661847632208016],[-0.013221338234081916],[1],[0],[0],[14.668299999997089],"[""coins_a_3"",""coins_a_3""]",0,[],[],0,39,39,165,1,93,73,-18,97,48,-6,49.33333333,46.33333333,3,48.30688932,42.06608557,6.240803743,-18,-6,-12,-0.62,-0.06,-0.56,confounded,FALSE,,,,
,,,,,,,male,,2025-08-19_12h43.49.894,lotterie_task,2024.2.4,Win32,57.47126437,601129f77e0c21000b0c408a,68947058ad5ea3fc73912f3f,68a4519e1904bd5381371237,,,,,,,,,,,,,,,,,,,,,[0.2661847632208016],[-0.013221338234081916],[1],[0],[0],[6.134900000006041],"[""coins_b_3"",""coins_b_3""]",0,[],[],0,40,40,6,1,61,53,-62,85,48,-54,17.33333333,26.33333333,-9,56.19213073,58.77830288,-2.586172149,-62,-54,-8,-0.7,-0.5,-0.2,unconfounded,FALSE,,,,
,,,,,,,male,,2025-08-19_12h43.49.894,lotterie_task,2024.2.4,Win32,57.47126437,601129f77e0c21000b0c408a,68947058ad5ea3fc73912f3f,68a4519e1904bd5381371237,,,,,,,,,,,,,,,,,,,,,[0.2661847632208016],[-0.013221338234081916],[1],[0],[0],[4.55879999999695],"[""coins_a_3"",""coins_a_3""]",0,[],[],0,41,41,29,1,57,55,-50,97,16,-42,20.66666667,23.66666667,-3,49.97554958,57.00487309,-7.029323509,-50,-42,-8,-0.71,0.2,-0.91,unconfounded,FALSE,,,,
,,,,,,,male,,2025-08-19_12h43.49.894,lotterie_task,2024.2.4,Win32,57.47126437,601129f77e0c21000b0c408a,68947058ad5ea3fc73912f3f,68a4519e1904bd5381371237,,,,,,,,,,,,,,,,,,,,,[-0.12589549235693875],[-0.0405758212627308],[1],[0],[0],[3.9176000000088607],"[""coins_a_3"",""coins_a_3""]",0,[],[],0,42,42,85,1,89,46,-17,99,10,-9,39.33333333,33.33333333,6,43.53032149,47.07676945,-3.546447966,-17,-9,-8,-0.23,0.62,-0.85,unconfounded,FALSE,,,,
,,,,,,,male,,2025-08-19_12h43.49.894,lotterie_task,2024.2.4,Win32,57.47126437,601129f77e0c21000b0c408a,68947058ad5ea3fc73912f3f,68a4519e1904bd5381371237,,,,,,,,,,,,,,,,,,,,,[0.29614436696310814],[0.03757976786891852],[1],[0],[0],[8.585100000008879],"[""coins_a_3"",""coins_a_3""]",0,[],[],0,43,43,169,1,84,54,-18,91,30,-4,40,39,1,42.80186912,39.3022476,3.499621515,-18,-4,-14,-0.46,0.33,-0.79,confounded,FALSE,,,,
,,,,,,,male,,2025-08-19_12h43.49.894,lotterie_task,2024.2.4,Win32,57.47126437,601129f77e0c21000b0c408a,68947058ad5ea3fc73912f3f,68a4519e1904bd5381371237,,,,,,,,,,,,,,,,,,,,,[-0.14413176667368846],[-0.12915203635605949],[1],[0],[0],[5.676500000000033],"[""coins_a_3"",""coins_a_3""]",0,[],[],0,44,44,140,1,89,83,-40,98,60,-26,44,44,0,59.44745579,51.87163644,7.575819354,-40,-26,-14,-0.7,-0.43,-0.27,confounded,FALSE,,,,
,,,,,,,male,,2025-08-19_12h43.49.894,lotterie_task,2024.2.4,Win32,57.47126437,601129f77e0c21000b0c408a,68947058ad5ea3fc73912f3f,68a4519e1904bd5381371237,,,,,,,,,,,,,,,,,,,,,[0.16979293554916472],[-0.015826566278026085],[1],[0],[0],[5.375999999999976],"[""coins_a_3"",""coins_a_3""]",0,[],[],0,45,45,90,1,61,53,-28,85,3,-20,28.66666667,22.66666667,6,40.20226638,45.0653846,-4.863118215,-28,-20,-8,-0.69,0.57,-1.26,unconfounded,FALSE,,,,
,,,,,,,male,,2025-08-19_12h43.49.894,lotterie_task,2024.2.4,Win32,57.47126437,601129f77e0c21000b0c408a,68947058ad5ea3fc73912f3f,68a4519e1904bd5381371237,,,,,,,,,,,,,,,,,,,,,[-0.10375132230912955],[-0.09528464421297993],[1],[0],[0],[4.480900000005931],"[""coins_a_3"",""coins_a_3""]",0,[],[],0,46,46,59,1,52,34,-65,75,3,-57,7,7,0,51.4392846,53.96295025,-2.523665654,-65,-57,-8,-0.64,0.11,-0.75,unconfounded,FALSE,,,,
,,,,,,,male,,2025-08-19_12h43.49.894,lotterie_task,2024.2.4,Win32,57.47126437,601129f77e0c21000b0c408a,68947058ad5ea3fc73912f3f,68a4519e1904bd5381371237,,,,,,,,,,,,,,,,,,,,,[-0.10375132230912955],[-0.09528464421297993],[1],[0],[0],[4.17349999999999],"[""coins_a_3"",""coins_a_3""]",0,[],[],0,47,47,41,1,72,34,-68,95,3,-57,12.66666667,13.66666667,-1,59.11194653,62.51044357,-3.398497045,-68,-57,-11,-0.49,0.25,-0.74,unconfounded,FALSE,,,,
,,,,,,,male,,2025-08-19_12h43.49.894,lotterie_task,2024.2.4,Win32,57.47126437,601129f77e0c21000b0c408a,68947058ad5ea3fc73912f3f,68a4519e1904bd5381371237,,,,,,,,,,,,,,,,,,,,,[-0.10375132230912955],[-0.09528464421297993],[1],[0],[0],[7.770600000008926],"[""coins_a_3"",""coins_a_3""]",0,[],[],0,48,48,156,1,82,57,-23,90,38,-9,38.66666667,39.66666667,-1,44.78342948,40.43375927,4.349670203,-23,-9,-14,-0.55,0.06,-0.61,confounded,FALSE,,,,
,,,,,,,male,,2025-08-19_12h43.49.894,lotterie_task,2024.2.4,Win32,57.47126437,601129f77e0c21000b0c408a,68947058ad5ea3fc73912f3f,68a4519e1904bd5381371237,,,,,,,,,,,,,,,,,,,,,[-0.22358988038540445],[-0.05750946366912735],[1],[0],[0],[7.938499999999976],"[""coins_b_3"",""coins_b_3""]",0,[],[],0,49,49,108,1,57,2,-48,64,9,-35,3.666666667,12.66666667,-9,42.88226777,40.49965706,2.382610705,-48,-35,-13,0.06,0.14,-0.08,confounded,FALSE,,,,
,,,,,,,male,,2025-08-19_12h43.49.894,lotterie_task,2024.2.4,Win32,57.47126437,601129f77e0c21000b0c408a,68947058ad5ea3fc73912f3f,68a4519e1904bd5381371237,,,,,,,,,,,,,,,,,,,,,[-0.20405104571182592],[-0.07965352638665006],[1],[0],[0],[11.22840000000599],"[""coins_b_3"",""coins_b_3""]",0,[],[],0,50,50,28,1,81,32,-83,99,17,-77,10,13,-3,68.73621074,71.90734779,-3.171137055,-83,-77,-6,-0.45,-0.08,-0.37,unconfounded,FALSE,,,,
,,,,,,,male,,2025-08-19_12h43.49.894,lotterie_task,2024.2.4,Win32,57.47126437,601129f77e0c21000b0c408a,68947058ad5ea3fc73912f3f,68a4519e1904bd5381371237,,,,,,,,,,,,,,,,,,,,,[0.10205815126300558],[0.00631749643949663],[1],[0],[0],[9.67189999999107],"[""coins_a_3"",""coins_a_3""]",0,[],[],0,51,51,82,1,64,57,-33,97,1,-19,29.33333333,26.33333333,3,44.16886787,50.63156679,-6.46269892,-33,-19,-14,-0.69,0.63,-1.32,unconfounded,FALSE,,,,
,,,,,,,male,,2025-08-19_12h43.49.894,lotterie_task,2024.2.4,Win32,57.47126437,601129f77e0c21000b0c408a,68947058ad5ea3fc73912f3f,68a4519e1904bd5381371237,,,,,,,,,,,,,,,,,,,,,[0.20887067644984614],[-0.061417252069900355],[1],[0],[0],[10.658500000000004],"[""coins_b_3"",""coins_b_3""]",0,[],[],0,52,52,188,1,92,55,-16,86,47,-5,43.66666667,42.66666667,1,44.8131925,37.27674282,7.536449678,-16,-5,-11,-0.36,-0.17,-0.19,confounded,FALSE,,,,
,,,,,,,male,,2025-08-19_12h43.49.894,lotterie_task,2024.2.4,Win32,57.47126437,601129f77e0c21000b0c408a,68947058ad5ea3fc73912f3f,68a4519e1904bd5381371237,,,,,,,,,,,,,,,,,,,,,[-0.21056399060301875],[-0.07965352638665006],[1],[0],[0],[11.439700000002972],"[""coins_a_3"",""coins_a_3""]",0,[],[],0,53,53,2,1,72,35,-48,99,28,-41,19.66666667,28.66666667,-9,50.17524844,57.15670467,-6.981456236,-48,-41,-7,-0.43,0.02,-0.45,unconfounded,FALSE,,,,
,,,,,,,male,,2025-08-19_12h43.49.894,lotterie_task,2024.2.4,Win32,57.47126437,601129f77e0c21000b0c408a,68947058ad5ea3fc73912f3f,68a4519e1904bd5381371237,,,,,,,,,,,,,,,,,,,,,[-0.21056399060301875],[-0.07965352638665006],[1],[0],[0],[8.943299999997066],"[""coins_a_3"",""coins_a_3""]",1,[771.524199999988],[771.524399999991],0,54,54,177,1,82,80,-87,96,60,-78,25,26,-1,79.20016835,74.99333304,4.206835313,-87,-78,-9,-0.71,-0.59,-0.12,confounded,FALSE,,,,
,,,,,,,male,,2025-08-19_12h43.49.894,lotterie_task,2024.2.4,Win32,57.47126437,601129f77e0c21000b0c408a,68947058ad5ea3fc73912f3f,68a4519e1904bd5381371237,,,,,,,,,,,,,,,,,,,,,[0.2987495592302902],[-0.03015501641724062],[1],[0],[0],[3.2787999999970907],"[""coins_a_3"",""coins_a_3""]",0,[],[],0,55,55,30,1,70,16,-49,84,3,-41,12.33333333,15.33333333,-3,48.65068231,51.77086268,-3.12018037,-49,-41,-8,-0.11,0.34,-0.45,unconfounded,FALSE,,,,
,,,,,,,male,,2025-08-19_12h43.49.894,lotterie_task,2024.2.4,Win32,57.47126437,601129f77e0c21000b0c408a,68947058ad5ea3fc73912f3f,68a4519e1904bd5381371237,,,,,,,,,,,,,,,,,,,,,[0.2101733083601993],[-0.056206867535536345],[1],[0],[0],[3.4812999999969634],"[""coins_b_3"",""coins_b_3""]",0,[],[],0,56,56,3,1,60,34,-88,93,15,-75,2,11,-9,64.51873113,68.64400921,-4.125278077,-88,-75,-13,-0.62,-0.09,-0.53,unconfounded,FALSE,,,,
,,,,,,,male,,2025-08-19_12h43.49.894,lotterie_task,2024.2.4,Win32,57.47126437,601129f77e0c21000b0c408a,68947058ad5ea3fc73912f3f,68a4519e1904bd5381371237,,,,,,,,,,,,,,,,,,,,,[-0.23922103398849648],[-0.07965352638665006],[1],[0],[0],[2.6424999999999272],"[""coins_a_3"",""coins_a_3""]",0,[],[],0,57,57,207,1,79,45,-35,80,2,-20,29.66666667,20.66666667,9,47.7865625,42.90558109,4.880981407,-35,-20,-15,-0.45,0.57,-1.02,confounded,FALSE,,,,
,,,,,,,male,,2025-08-19_12h43.49.894,lotterie_task,2024.2.4,Win32,57.47126437,601129f77e0c21000b0c408a,68947058ad5ea3fc73912f3f,68a4519e1904bd5381371237,,,,,,,,,,,,,,,,,,,,,[0.18412145724190357],[-0.005405832986060228],[1],[0],[0],[5.235600000008958],"[""coins_a_3"",""coins_a_3""]",0,[],[],0,58,58,190,1,87,69,-31,91,47,-16,41.66666667,40.66666667,1,51.90589776,43.91152721,7.994370546,-31,-16,-15,-0.64,-0.21,-0.43,confounded,FALSE,,,,
,,,,,,,male,,2025-08-19_12h43.49.894,lotterie_task,2024.2.4,Win32,57.47126437,601129f77e0c21000b0c408a,68947058ad5ea3fc73912f3f,68a4519e1904bd5381371237,,,,,,,,,,,,,,,,,,,,,[-0.15715772800959849],[-0.07444321340581038],[1],[0],[0],[2.5347000000029993],"[""coins_a_3"",""coins_a_3""]",0,[],[],0,59,59,173,1,99,38,-35,87,15,-27,34,25,9,54.77834122,47.07440918,7.703932035,-35,-27,-8,-0.11,0.31,-0.42,confounded,FALSE,,,,
,,,,,,,male,,2025-08-19_12h43.49.894,lotterie_task,2024.2.4,Win32,57.47126437,601129f77e0c21000b0c408a,68947058ad5ea3fc73912f3f,68a4519e1904bd5381371237,,,,,,,,,,,,,,,,,,,,,[0.12159712904363276],[-0.021036879258865767],[1],[0],[0],[7.862599999994018],"[""coins_b_3"",""coins_b_3""]",0,[],[],0,60,60,33,1,55,52,-40,92,13,-29,22.33333333,25.33333333,-3,44.09333535,50.16195991,-6.068624563,-40,-29,-11,-0.7,0.35,-1.05,unconfounded,FALSE,,,,
,,,,,,,male,,2025-08-19_12h43.49.894,lotterie_task,2024.2.4,Win32,57.47126437,601129f77e0c21000b0c408a,68947058ad5ea3fc73912f3f,68a4519e1904bd5381371237,,,,,,,,,,,,,,,,,,,,,[0.27139521930868993],[-0.03015501641724062],[1],[0],[0],[6.366999999999962],"[""coins_a_3"",""coins_a_3""]",0,[],[],0,61,61,39,1,68,28,-25,85,2,-13,23.66666667,24.66666667,-1,38.09053542,43.09936839,-5.008832965,-25,-13,-12,-0.17,0.64,-0.81,unconfounded,FALSE,,,,
,,,,,,,male,,2025-08-19_12h43.49.894,lotterie_task,2024.2.4,Win32,57.47126437,601129f77e0c21000b0c408a,68947058ad5ea3fc73912f3f,68a4519e1904bd5381371237,,,,,,,,,,,,,,,,,,,,,[-0.05034513126923359],[-0.03015501641724062],[1],[0],[0],[8.872200000002977],"[""coins_a_3"",""coins_a_3""]",0,[],[],0,62,62,17,1,49,31,-74,83,4,-63,2,8,-6,54.24020649,59.67132198,-5.431115489,-74,-63,-11,-0.65,0.1,-0.75,unconfounded,FALSE,,,,
,,,,,,,male,,2025-08-19_12h43.49.894,lotterie_task,2024.2.4,Win32,57.47126437,601129f77e0c21000b0c408a,68947058ad5ea3fc73912f3f,68a4519e1904bd5381371237,,,,,,,,,,,,,,,,,,,,,[0.23883042329920134],[-0.08486391092101407],[1],[0],[0],[6.377300000011928],"[""coins_a_3"",""coins_a_3""]",0,[],[],0,63,63,192,1,84,56,-46,86,24,-34,31.33333333,25.33333333,6,55.86491644,48.9988662,6.86605024,-46,-34,-12,-0.58,0.04,-0.62,confounded,FALSE,,,,
,,,,,,,male,,2025-08-19_12h43.49.894,lotterie_task,2024.2.4,Win32,57.47126437,601129f77e0c21000b0c408a,68947058ad5ea3fc73912f3f,68a4519e1904bd5381371237,,,,,,,,,,,,,,,,,,,,,[0.19584478666746044],[-0.050996554554696656],[1],[0],[0],[6.223500000000058],"[""coins_a_3"",""coins_a_3""]",0,[],[],0,64,64,102,1,81,51,-42,96,4,-37,30,21,9,52.36410985,55.61174936,-3.247639512,-42,-37,-5,-0.54,0.43,-0.97,unconfounded,FALSE,,,,
,,,,,,,male,,2025-08-19_12h43.49.894,lotterie_task,2024.2.4,Win32,57.47126437,601129f77e0c21000b0c408a,68947058ad5ea3fc73912f3f,68a4519e1904bd5381371237,,,,,,,,,,,,,,,,,,,,,[0.23622523103201934],[-0.04448353810997949],[1],[0],[0],[3.6813999999909583],"[""coins_b_3"",""coins_b_3""]",0,[],[],0,65,65,138,1,81,78,-44,94,63,-33,38.33333333,41.33333333,-3,58.2313394,54.06374838,4.167591025,-44,-33,-11,-0.71,-0.54,-0.17,confounded,FALSE,,,,
,,,,,,,male,,2025-08-19_12h43.49.894,lotterie_task,2024.2.4,Win32,57.47126437,601129f77e0c21000b0c408a,68947058ad5ea3fc73912f3f,68a4519e1904bd5381371237,,,,,,,,,,,,,,,,,,,,,[0.3000522626941676],[-0.026247263793229777],[1],[0],[0],[4.344600000008882],"[""coins_a_3"",""coins_a_3""]",0,[],[],0,66,66,182,1,81,74,-67,96,32,-58,29.33333333,23.33333333,6,68.17787194,63.16820579,5.009666154,-67,-58,-9,-0.7,-0.2,-0.5,confounded,FALSE,,,,
,,,,,,,male,,2025-08-19_12h43.49.894,lotterie_task,2024.2.4,Win32,57.47126437,601129f77e0c21000b0c408a,68947058ad5ea3fc73912f3f,68a4519e1904bd5381371237,,,,,,,,,,,,,,,,,,,,,[0.2062656272897128],[-0.06011465593630935],[1],[0],[0],[2.973099999994133],"[""coins_a_3"",""coins_a_3""]",0,[],[],0,67,67,61,1,58,54,-47,89,7,-34,21.66666667,20.66666667,1,48.58211834,51.13598429,-2.553865948,-47,-34,-13,-0.7,0.38,-1.08,unconfounded,FALSE,,,,
,,,,,,,male,,2025-08-19_12h43.49.894,lotterie_task,2024.2.4,Win32,57.47126437,601129f77e0c21000b0c408a,68947058ad5ea3fc73912f3f,68a4519e1904bd5381371237,,,,,,,,,,,,,,,,,,,,,[-0.16627586516797332],[-0.0496939226443435],[1],[0],[0],[3.262299999997026],"[""coins_a_3"",""coins_a_3""]",0,[],[],0,68,68,213,1,60,35,-17,52,7,-8,26,17,9,32.07283378,25.49509757,6.577736212,-17,-8,-9,-0.4,0.53,-0.93,confounded,FALSE,,,,
,,,,,,,male,,2025-08-19_12h43.49.894,lotterie_task,2024.2.4,Win32,57.47126437,601129f77e0c21000b0c408a,68947058ad5ea3fc73912f3f,68a4519e1904bd5381371237,,,,,,,,,,,,,,,,,,,,,[-0.10505402577300703],[-0.08746913896495824],[1],[0],[0],[6.235400000005939],"[""coins_a_3"",""coins_a_3""]",0,[],[],0,69,69,4,1,65,10,-62,90,1,-51,4.333333333,13.33333333,-9,52.00213671,58.21988969,-6.217752982,-62,-51,-11,-0.16,0.31,-0.47,unconfounded,FALSE,,,,
,,,,,,,male,,2025-08-19_12h43.49.894,lotterie_task,2024.2.4,Win32,57.47126437,601129f77e0c21000b0c408a,68947058ad5ea3fc73912f3f,68a4519e1904bd5381371237,,,,,,,,,,,,,,,,,,,,,[0.32219621808140386],[-0.010616145966899911],[1],[0],[0],[4.240200000002915],"[""coins_a_3"",""coins_a_3""]",0,[],[],0,70,70,212,1,83,50,-11,85,29,-1,40.66666667,37.66666667,3,38.93869826,35.64017708,3.298521182,-11,-1,-10,-0.35,0.35,-0.7,confounded,FALSE,,,,
,,,,,,,male,,2025-08-19_12h43.49.894,lotterie_task,2024.2.4,Win32,57.47126437,601129f77e0c21000b0c408a,68947058ad5ea3fc73912f3f,68a4519e1904bd5381371237,,,,,,,,,,,,,,,,,,,,,[0.24013291210250587],[-0.08225871865383207],[1],[0],[0],[3.9143999999910193],"[""coins_b_3"",""coins_b_3""]",0,[],[],0,71,71,113,1,66,61,-21,85,54,-6,35.33333333,44.33333333,-9,39.88594851,37.77418284,2.111765679,-21,-6,-15,-0.7,-0.37,-0.33,confounded,FALSE,,,,
,,,,,,,male,,2025-08-19_12h43.49.894,lotterie_task,2024.2.4,Win32,57.47126437,601129f77e0c21000b0c408a,68947058ad5ea3fc73912f3f,68a4519e1904bd5381371237,,,,,,,,,,,,,,,,,,,,,[-0.16497316170409584],[-0.07053538922827521],[1],[0],[0],[3.0579999999999927],"[""coins_b_3"",""coins_b_3""]",0,[],[],0,72,72,127,1,93,87,-40,99,80,-30,46.66666667,49.66666667,-3,61.33152171,56.86436103,4.467160681,-40,-30,-10,-0.7,-0.65,-0.05,confounded,FALSE,,,,
,,,,,,,male,,2025-08-19_12h43.49.894,lotterie_task,2024.2.4,Win32,57.47126437,601129f77e0c21000b0c408a,68947058ad5ea3fc73912f3f,68a4519e1904bd5381371237,,,,,,,,,,,,,,,,,,,,,[-0.14934215120805247],[-0.021036879258865767],[1],[0],[0],[8.498500000000035],"[""coins_b_3"",""coins_b_3""]",0,[],[],0,73,73,109,1,96,51,-91,99,54,-79,18.66666667,24.66666667,-6,79.69246444,75.57042337,4.122041069,-91,-79,-12,-0.54,-0.52,-0.02,confounded,FALSE,,,,
,,,,,,,male,,2025-08-19_12h43.49.894,lotterie_task,2024.2.4,Win32,57.47126437,601129f77e0c21000b0c408a,68947058ad5ea3fc73912f3f,68a4519e1904bd5381371237,,,,,,,,,,,,,,,,,,,,,[-0.1558550960992453],[-0.061417252069900355],[1],[0],[0],[5.6893999999909965],"[""coins_b_3"",""coins_b_3""]",0,[],[],0,74,74,10,1,44,17,-42,71,6,-31,6.333333333,15.33333333,-9,35.91038228,42.16106682,-6.250684541,-42,-31,-11,-0.42,0.32,-0.74,unconfounded,FALSE,,,,
,,,,,,,male,,2025-08-19_12h43.49.894,lotterie_task,2024.2.4,Win32,57.47126437,601129f77e0c21000b0c408a,68947058ad5ea3fc73912f3f,68a4519e1904bd5381371237,,,,,,,,,,,,,,,,,,,,,[0.1072686073508939],[-0.07574580953940138],[1],[0],[0],[4.554200000002993],"[""coins_a_3"",""coins_a_3""]",0,[],[],0,75,75,34,1,58,40,-41,89,8,-31,19,22,-3,43.05810028,49.979996,-6.921895715,-41,-31,-10,-0.62,0.4,-1.02,unconfounded,FALSE,,,,
,,,,,,,male,,2025-08-19_12h43.49.894,lotterie_task,2024.2.4,Win32,57.47126437,601129f77e0c21000b0c408a,68947058ad5ea3fc73912f3f,68a4519e1904bd5381371237,,,,,,,,,,,,,,,,,,,,,[-0.13631626142566677],[-0.0978898722569241],[1],[0],[0],[7.404999999999973],"[""coins_b_3"",""coins_b_3""]",0,[],[],0,76,76,12,1,65,27,-35,83,18,-26,19,25,-6,41.21488404,44.77350407,-3.558620027,-35,-26,-9,-0.28,0.23,-0.51,unconfounded,FALSE,,,,
,,,,,,,male,,2025-08-19_12h43.49.894,lotterie_task,2024.2.4,Win32,57.47126437,601129f77e0c21000b0c408a,68947058ad5ea3fc73912f3f,68a4519e1904bd5381371237,,,,,,,,,,,,,,,,,,,,,[-0.16627586516797332],[-0.08095612252024106],[1],[0],[0],[2.3009000000059814],"[""coins_a_3"",""coins_a_3""]",0,[],[],0,77,77,79,1,82,38,-49,98,3,-39,23.66666667,20.66666667,3,54.43242498,57.308134,-2.87570902,-49,-39,-10,-0.38,0.43,-0.81,unconfounded,FALSE,,,,
,,,,,,,male,,2025-08-19_12h43.49.894,lotterie_task,2024.2.4,Win32,57.47126437,601129f77e0c21000b0c408a,68947058ad5ea3fc73912f3f,68a4519e1904bd5381371237,,,,,,,,,,,,,,,,,,,,,[-0.19493290855345105],[0.040184960136100525],[1],[0],[0],[5.5265000000000555],"[""coins_b_3"",""coins_b_3""]",0,[],[],0,78,78,144,1,95,89,-13,98,73,-3,57,56,1,49.55804677,42.94958285,6.608463927,-13,-3,-10,-0.7,-0.53,-0.17,confounded,FALSE,,,,
,,,,,,,male,,2025-08-19_12h43.49.894,lotterie_task,2024.2.4,Win32,57.47126437,601129f77e0c21000b0c408a,68947058ad5ea3fc73912f3f,68a4519e1904bd5381371237,,,,,,,,,,,,,,,,,,,,,[-0.16627586516797332],[-0.1135209543064918],[1],[0],[0],[9.464399999991087],"[""coins_b_3"",""coins_b_3""]",0,[],[],0,79,79,147,1,88,81,-45,99,73,-30,41.33333333,47.33333333,-6,61.11373732,55.70358058,5.410156742,-45,-30,-15,-0.7,-0.59,-0.11,confounded,FALSE,,,,
,,,,,,,male,,2025-08-19_12h43.49.894,lotterie_task,2024.2.4,Win32,57.47126437,601129f77e0c21000b0c408a,68947058ad5ea3fc73912f3f,68a4519e1904bd5381371237,,,,,,,,,,,,,,,,,,,,,[0.17760858390423506],[-0.04578613424357049],[1],[0],[0],[5.036600000008889],"[""coins_a_3"",""coins_a_3""]",0,[],[],0,80,80,94,1,72,70,-17,94,24,-11,41.66666667,35.66666667,6,41.49163236,43.65266951,-2.161037156,-17,-11,-6,-0.71,0.38,-1.09,unconfounded,FALSE,,,,
,,,,,,,male,,2025-08-19_12h43.49.894,lotterie_task,2024.2.4,Win32,57.47126437,601129f77e0c21000b0c408a,68947058ad5ea3fc73912f3f,68a4519e1904bd5381371237,,,,,,,,,,,,,,,,,,,,,[-0.17148624970233733],[-0.027549895703582943],[1],[0],[0],[3.536400000005983],"[""coins_b_3"",""coins_b_3""]",0,[],[],0,81,81,125,1,85,77,-20,97,78,-6,47.33333333,56.33333333,-9,47.72374205,44.75364665,2.970095399,-20,-6,-14,-0.69,-0.61,-0.08,confounded,FALSE,,,,
,,,,,,,male,,2025-08-19_12h43.49.894,lotterie_task,2024.2.4,Win32,57.47126437,601129f77e0c21000b0c408a,68947058ad5ea3fc73912f3f,68a4519e1904bd5381371237,,,,,,,,,,,,,,,,,,,,,[-0.16497316170409584],[-0.06532507624743553],[1],[0],[0],[4.057600000008961],"[""coins_a_3"",""coins_a_3""]",0,[],[],0,82,82,96,1,66,61,-25,89,4,-18,34,25,9,41.76920716,46.13747573,-4.368268571,-25,-18,-7,-0.7,0.59,-1.29,unconfounded,FALSE,,,,
,,,,,,,male,,2025-08-19_12h43.49.894,lotterie_task,2024.2.4,Win32,57.47126437,601129f77e0c21000b0c408a,68947058ad5ea3fc73912f3f,68a4519e1904bd5381371237,,,,,,,,,,,,,,,,,,,,,[-0.17148624970233733],[-0.06271988398025352],[1],[0],[0],[3.3712000000030002],"[""coins_a_3"",""coins_a_3""]",0,[],[],0,83,83,196,1,80,54,-23,85,21,-13,37,31,6,43.73404471,40.62839729,3.105647416,-23,-13,-10,-0.52,0.35,-0.87,confounded,FALSE,,,,
,,,,,,,male,,2025-08-19_12h43.49.894,lotterie_task,2024.2.4,Win32,57.47126437,601129f77e0c21000b0c408a,68947058ad5ea3fc73912f3f,68a4519e1904bd5381371237,,,,,,,,,,,,,,,,,,,,,[0.19714734702428927],[-0.026247263793229777],[1],[0],[0],[4.199599999994007],"[""coins_b_3"",""coins_b_3""]",0,[],[],0,84,84,194,1,53,43,-8,49,31,-1,29.33333333,26.33333333,3,26.71246068,20.67741656,6.035044121,-8,-1,-7,-0.63,-0.33,-0.3,confounded,FALSE,,,,
,,,,,,,male,,2025-08-19_12h43.49.894,lotterie_task,2024.2.4,Win32,57.47126437,601129f77e0c21000b0c408a,68947058ad5ea3fc73912f3f,68a4519e1904bd5381371237,,,,,,,,,,,,,,,,,,,,,[-0.14673695894087047],[-0.03406280481801363],[1],[0],[0],[7.198299999997062],"[""coins_a_3"",""coins_a_3""]",0,[],[],0,85,85,161,1,91,40,-37,81,27,-32,31.33333333,25.33333333,6,52.61389761,46.14710777,6.466789845,-37,-32,-5,-0.24,-0.05,-0.19,confounded,FALSE,,,,
,,,,,,,male,,2025-08-19_12h43.49.894,lotterie_task,2024.2.4,Win32,57.47126437,601129f77e0c21000b0c408a,68947058ad5ea3fc73912f3f,68a4519e1904bd5381371237,,,,,,,,,,,,,,,,,,,,,[-0.19493290855345105],[-0.0496939226443435],[1],[0],[0],[3.5802999999970098],"[""coins_a_3"",""coins_a_3""]",0,[],[],0,86,86,45,1,65,38,-26,81,20,-21,25.66666667,26.66666667,-1,38.16047985,41.90730512,-3.74682527,-26,-21,-5,-0.45,0.23,-0.68,unconfounded,FALSE,,,,
,,,,,,,male,,2025-08-19_12h43.49.894,lotterie_task,2024.2.4,Win32,57.47126437,601129f77e0c21000b0c408a,68947058ad5ea3fc73912f3f,68a4519e1904bd5381371237,,,,,,,,,,,,,,,,,,,,,[0.21408106098421015],[-0.05490427140194534],[1],[0],[0],[2.2140000000000555],"[""coins_a_3"",""coins_a_3""]",0,[],[],0,87,87,105,1,56,53,-14,73,2,-7,31.66666667,22.66666667,9,32.31442746,35.78019316,-3.465765693,-14,-7,-7,-0.7,0.67,-1.37,unconfounded,FALSE,,,,
,,,,,,,male,,2025-08-19_12h43.49.894,lotterie_task,2024.2.4,Win32,57.47126437,601129f77e0c21000b0c408a,68947058ad5ea3fc73912f3f,68a4519e1904bd5381371237,,,,,,,,,,,,,,,,,,,,,[0.223199198142585],[-0.07835093025305906],[1],[0],[0],[3.3097000000029766],"[""coins_a_3"",""coins_a_3""]",0,[],[],0,88,88,181,1,84,74,-73,96,33,-62,28.33333333,22.33333333,6,71.76969339,64.9427098,6.826983592,-73,-62,-11,-0.7,-0.24,-0.46,confounded,FALSE,,,,
,,,,,,,male,,2025-08-19_12h43.49.894,lotterie_task,2024.2.4,Win32,57.47126437,601129f77e0c21000b0c408a,68947058ad5ea3fc73912f3f,68a4519e1904bd5381371237,,,,,,,,,,,,,,,,,,,,,[0.19714734702428927],[-0.04448353810997949],[1],[0],[0],[7.061500000000024],"[""coins_b_3"",""coins_b_3""]",0,[],[],0,89,89,154,1,42,40,-31,59,28,-18,17,23,-6,33.950945,31.63331577,2.317629233,-31,-18,-13,-0.71,-0.23,-0.48,confounded,FALSE,,,,
,,,,,,,male,,2025-08-19_12h43.49.894,lotterie_task,2024.2.4,Win32,57.47126437,601129f77e0c21000b0c408a,68947058ad5ea3fc73912f3f,68a4519e1904bd5381371237,,,,,,,,,,,,,,,,,,,,,[-0.08681775145625732],[-0.03797059321878664],[1],[0],[0],[3.368599999994103],"[""coins_a_3"",""coins_a_3""]",0,[],[],0,90,90,209,1,86,67,-20,98,40,-5,44.33333333,44.33333333,0,46.14710777,42.16106682,3.986040948,-20,-5,-15,-0.62,0.15,-0.77,confounded,FALSE,,,,
,,,,,,,male,,2025-08-19_12h43.49.894,lotterie_task,2024.2.4,Win32,57.47126437,601129f77e0c21000b0c408a,68947058ad5ea3fc73912f3f,68a4519e1904bd5381371237,,,,,,,,,,,,,,,,,,,,,[0.148951468965233],[-0.09137685581220692],[1],[0],[0],[4.683200000002898],"[""coins_a_3"",""coins_a_3""]",0,[],[],0,91,91,72,1,78,35,-19,87,10,-12,31.33333333,28.33333333,3,39.68486977,42.44473531,-2.759865537,-19,-12,-7,-0.14,0.57,-0.71,unconfounded,FALSE,,,,
,,,,,,,male,,2025-08-19_12h43.49.894,lotterie_task,2024.2.4,Win32,57.47126437,601129f77e0c21000b0c408a,68947058ad5ea3fc73912f3f,68a4519e1904bd5381371237,,,,,,,,,,,,,,,,,,,,,[0.13332045846918963],[-0.08486391092101407],[1],[0],[0],[8.746900000006008],"[""coins_a_3"",""coins_a_3""]",0,[],[],0,92,92,203,1,79,76,-68,85,37,-62,29,20,9,68.60029154,61.20457499,7.395716552,-68,-62,-6,-0.71,-0.4,-0.31,confounded,FALSE,,,,
,,,,,,,male,,2025-08-19_12h43.49.894,lotterie_task,2024.2.4,Win32,57.47126437,601129f77e0c21000b0c408a,68947058ad5ea3fc73912f3f,68a4519e1904bd5381371237,,,,,,,,,,,,,,,,,,,,,[0.11247884877820927],[-0.08877173509854924],[1],[0],[0],[8.143300000012005],"[""coins_b_3"",""coins_b_3""]",0,[],[],0,93,93,119,1,80,73,-34,85,63,-29,39.66666667,39.66666667,0,52.16853032,49.37835783,2.790172486,-34,-29,-5,-0.7,-0.6,-0.1,confounded,FALSE,,,,
,,,,,,,male,,2025-08-19_12h43.49.894,lotterie_task,2024.2.4,Win32,57.47126437,601129f77e0c21000b0c408a,68947058ad5ea3fc73912f3f,68a4519e1904bd5381371237,,,,,,,,,,,,,,,,,,,,,[0.11247884877820927],[-0.08877173509854924],[1],[0],[0],[2.594699999988052],"[""coins_a_3"",""coins_a_3""]",0,[],[],0,94,94,93,1,79,53,-16,96,9,-7,38.66666667,32.66666667,6,40.08601862,45.25728916,-5.17127054,-16,-7,-9,-0.49,0.64,-1.13,unconfounded,FALSE,,,,
,,,,,,,male,,2025-08-19_12h43.49.894,lotterie_task,2024.2.4,Win32,57.47126437,601129f77e0c21000b0c408a,68947058ad5ea3fc73912f3f,68a4519e1904bd5381371237,,,,,,,,,,,,,,,,,,,,,[0.146346276698051],[-0.09267945194579792],[1],[0],[0],[7.705599999993979],"[""coins_b_3"",""coins_b_3""]",0,[],[],0,95,95,157,1,58,36,-89,59,29,-74,1.666666667,4.666666667,-3,64.73707507,56.95807425,7.779000822,-89,-74,-15,-0.65,-0.56,-0.09,confounded,FALSE,,,,
,,,,,,,male,,2025-08-19_12h43.49.894,lotterie_task,2024.2.4,Win32,57.47126437,601129f77e0c21000b0c408a,68947058ad5ea3fc73912f3f,68a4519e1904bd5381371237,,,,,,,,,,,,,,,,,,,,,[-0.10244883350582502],[-0.08616654283136724],[1],[0],[0],[6.369600000008859],"[""coins_b_3"",""coins_b_3""]",0,[],[],0,96,96,116,1,65,30,-84,74,33,-69,3.666666667,12.66666667,-9,63.61516241,60.12394605,3.491216361,-84,-69,-15,-0.55,-0.47,-0.08,confounded,FALSE,,,,
,,,,,,,male,,2025-08-19_12h43.49.894,lotterie_task,2024.2.4,Win32,57.47126437,601129f77e0c21000b0c408a,68947058ad5ea3fc73912f3f,68a4519e1904bd5381371237,,,,,,,,,,,,,,,,,,,,,[-0.08421255918907532],[-0.10049499297058177],[1],[0],[0],[6.69020000000296],"[""coins_a_3"",""coins_a_3""]",0,[],[],0,97,97,81,1,64,56,-58,94,9,-50,20.66666667,17.66666667,3,55.72152985,59.10630724,-3.384777389,-58,-50,-8,-0.7,0.22,-0.92,unconfounded,FALSE,,,,
,,,,,,,male,,2025-08-19_12h43.49.894,lotterie_task,2024.2.4,Win32,57.47126437,601129f77e0c21000b0c408a,68947058ad5ea3fc73912f3f,68a4519e1904bd5381371237,,,,,,,,,,,,,,,,,,,,,[-0.13110587689130276],[-0.07965352638665006],[1],[0],[0],[4.2427999999970325],"[""coins_b_3"",""coins_b_3""]",0,[],[],0,98,98,7,1,68,22,-72,90,16,-61,6,15,-9,58.26376804,61.64954717,-3.385779129,-72,-61,-11,-0.39,-0.02,-0.37,unconfounded,FALSE,,,,
,,,,,,,male,,2025-08-19_12h43.49.894,lotterie_task,2024.2.4,Win32,57.47126437,601129f77e0c21000b0c408a,68947058ad5ea3fc73912f3f,68a4519e1904bd5381371237,,,,,,,,,,,,,,,,,,,,,[-0.13110587689130276],[-0.07965352638665006],[1],[0],[0],[2.880900000005795],"[""coins_a_3"",""coins_a_3""]",0,[],[],0,99,99,46,1,57,37,-65,85,1,-54,9.666666667,10.66666667,-1,53.42492136,57.15670467,-3.731783312,-65,-54,-11,-0.63,0.25,-0.88,unconfounded,FALSE,,,,
,,,,,,,male,,2025-08-19_12h43.49.894,lotterie_task,2024.2.4,Win32,57.47126437,601129f77e0c21000b0c408a,68947058ad5ea3fc73912f3f,68a4519e1904bd5381371237,,,,,,,,,,,,,,,,,,,,,[0.13071526620200763],[-0.03276020868442263],[1],[0],[0],[2.1827999999968597],"[""coins_a_3"",""coins_a_3""]",0,[],[],0,100,100,74,1,70,41,-47,93,2,-40,21.33333333,18.33333333,3,49.74825513,55.51176052,-5.763505382,-47,-40,-7,-0.53,0.42,-0.95,unconfounded,FALSE,,,,
,,,,,,,male,,2025-08-19_12h43.49.894,lotterie_task,2024.2.4,Win32,57.47126437,601129f77e0c21000b0c408a,68947058ad5ea3fc73912f3f,68a4519e1904bd5381371237,,,,,,,,,,,,,,,,,,,,,[0.15806960612360785],[-0.048391326510752494],[1],[0],[0],[8.922799999997096],"[""coins_a_3"",""coins_a_3""]",0,[],[],0,101,101,80,1,86,44,-23,97,16,-15,35.66666667,32.66666667,3,44.88751373,47.21816976,-2.33065603,-23,-15,-8,-0.27,0.49,-0.76,unconfounded,FALSE,,,,
,,,,,,,male,,2025-08-19_12h43.49.894,lotterie_task,2024.2.4,Win32,57.47126437,601129f77e0c21000b0c408a,68947058ad5ea3fc73912f3f,68a4519e1904bd5381371237,,,,,,,,,,,,,,,,,,,,,[0.15806960612360785],[-0.048391326510752494],[1],[0],[0],[12.600099999993972],"[""coins_a_3"",""coins_a_3""]",0,[],[],0,102,102,206,1,55,43,-60,58,7,-54,12.66666667,3.666666667,9,51.61610429,45.78451946,5.831584831,-60,-54,-6,-0.68,-0.11,-0.57,confounded,FALSE,,,,
,,,,,,,male,,2025-08-19_12h43.49.894,lotterie_task,2024.2.4,Win32,57.47126437,601129f77e0c21000b0c408a,68947058ad5ea3fc73912f3f,68a4519e1904bd5381371237,,,,,,,,,,,,,,,,,,,,,[-0.12980317342742526],[-0.09528464421297993],[1],[0],[0],[5.362200000002986],"[""coins_a_3"",""coins_a_3""]",0,[],[],0,103,103,53,1,55,22,-21,66,6,-16,18.66666667,18.66666667,0,31.11626941,34.65384378,-3.537574369,-21,-16,-5,-0.16,0.5,-0.66,unconfounded,FALSE,,,,
,,,,,,,male,,2025-08-19_12h43.49.894,lotterie_task,2024.2.4,Win32,57.47126437,601129f77e0c21000b0c408a,68947058ad5ea3fc73912f3f,68a4519e1904bd5381371237,,,,,,,,,,,,,,,,,,,,,[0.16718774328198271],[-0.0496939226443435],[1],[0],[0],[3.3533999999910975],"[""coins_a_3"",""coins_a_3""]",0,[],[],0,104,104,89,1,76,64,-21,97,15,-11,39.66666667,33.66666667,6,43.17663977,46.02414825,-2.847508476,-21,-11,-10,-0.67,0.54,-1.21,unconfounded,FALSE,,,,
,,,,,,,male,,2025-08-19_12h43.49.894,lotterie_task,2024.2.4,Win32,57.47126437,601129f77e0c21000b0c408a,68947058ad5ea3fc73912f3f,68a4519e1904bd5381371237,,,,,,,,,,,,,,,,,,,,,[-0.15715772800959849],[-0.11221832239613863],[1],[0],[0],[5.4249999999999545],"[""coins_a_3"",""coins_a_3""]",0,[],[],0,105,105,27,1,74,35,-30,97,8,-17,26.33333333,29.33333333,-3,42.89781139,48.92397731,-6.026165915,-30,-17,-13,-0.29,0.57,-0.86,unconfounded,FALSE,,,,
,,,,,,,male,,2025-08-19_12h43.49.894,lotterie_task,2024.2.4,Win32,57.47126437,601129f77e0c21000b0c408a,68947058ad5ea3fc73912f3f,68a4519e1904bd5381371237,,,,,,,,,,,,,,,,,,,,,[0.13592550762932298],[-0.0666276008275022],[1],[0],[0],[2.8864999999998417],"[""coins_a_3"",""coins_a_3""]",0,[],[],0,106,106,57,1,39,29,-22,58,1,-13,15.33333333,15.33333333,0,26.71246068,30.70649587,-3.994035195,-22,-13,-9,-0.63,0.6,-1.23,unconfounded,FALSE,,,,
,,,,,,,male,,2025-08-19_12h43.49.894,lotterie_task,2024.2.4,Win32,57.47126437,601129f77e0c21000b0c408a,68947058ad5ea3fc73912f3f,68a4519e1904bd5381371237,,,,,,,,,,,,,,,,,,,,,[0.17891107270753956],[-0.0666276008275022],[1],[0],[0],[7.768299999996998],"[""coins_b_3"",""coins_b_3""]",0,[],[],0,107,107,35,1,74,30,-33,93,7,-20,23.66666667,26.66666667,-3,43.91152721,48.18252334,-4.270996128,-33,-20,-13,-0.21,0.54,-0.75,unconfounded,FALSE,,,,
,,,,,,,male,,2025-08-19_12h43.49.894,lotterie_task,2024.2.4,Win32,57.47126437,601129f77e0c21000b0c408a,68947058ad5ea3fc73912f3f,68a4519e1904bd5381371237,,,,,,,,,,,,,,,,,,,,,[-0.14413176667368846],[-0.03276020868442263],[1],[0],[0],[6.906399999990981],"[""coins_a_3"",""coins_a_3""]",0,[],[],0,108,108,158,1,82,78,-17,89,62,-11,47.66666667,46.66666667,1,45.75538827,42.24005471,3.515333554,-17,-11,-6,-0.7,-0.5,-0.2,confounded,FALSE,,,,
,,,,,,,male,,2025-08-19_12h43.49.894,lotterie_task,2024.2.4,Win32,57.47126437,601129f77e0c21000b0c408a,68947058ad5ea3fc73912f3f,68a4519e1904bd5381371237,,,,,,,,,,,,,,,,,,,,,[0.1098737996180759],[-0.05750946366912735],[1],[0],[0],[4.01679999999692],"[""coins_b_3"",""coins_b_3""]",1,[1111.0135],[1111.0135],0,109,109,216,1,45,12,-30,50,15,-25,9,13.33,4.33,916,902.22,-13.78,30,25,-5,0.2,0.3,0.1,unconfounded,TRUE,,,,
,,,,,,,male,,2025-08-19_12h43.49.894,lotterie_task,2024.2.4,Win32,57.47126437,601129f77e0c21000b0c408a,68947058ad5ea3fc73912f3f,68a4519e1904bd5381371237,,,,,,,,,,,,,,,,,,,,,[0.2101733083601993],[-0.07835093025305906],[1],[0],[0],[8.057599999993954],"[""coins_b_3"",""coins_b_3""]",0,[],[],0,110,110,115,1,39,30,-45,49,34,-32,8,17,-9,37.65634077,35.18522417,2.471116596,-45,-32,-13,-0.68,-0.61,-0.07,confounded,FALSE,,,,
,,,,,,,male,,2025-08-19_12h43.49.894,lotterie_task,2024.2.4,Win32,57.47126437,601129f77e0c21000b0c408a,68947058ad5ea3fc73912f3f,68a4519e1904bd5381371237,,,,,,,,,,,,,,,,,,,,,[0.143741084430869],[-0.07574580953940138],[1],[0],[0],[1.6859999999999218],"[""coins_a_3"",""coins_a_3""]",0,[],[],0,111,111,214,1,59,54,-8,62,28,-3,35,29,6,30.47403266,26.54555832,3.928474339,-8,-3,-5,-0.69,0.06,-0.75,confounded,FALSE,,,,
,,,,,,,male,,2025-08-19_12h43.49.894,lotterie_task,2024.2.4,Win32,57.47126437,601129f77e0c21000b0c408a,68947058ad5ea3fc73912f3f,68a4519e1904bd5381371237,,,,,,,,,,,,,,,,,,,,,[-0.17018361779198418],[-0.050996554554696656],[1],[0],[0],[4.077699999988226],"[""coins_a_3"",""coins_a_3""]",0,[],[],0,112,112,73,1,79,56,-16,99,19,-8,39.66666667,36.66666667,3,40.46672158,45.4337124,-4.966990816,-16,-8,-8,-0.54,0.52,-1.06,unconfounded,FALSE,,,,
,,,,,,,male,,2025-08-19_12h43.49.894,lotterie_task,2024.2.4,Win32,57.47126437,601129f77e0c21000b0c408a,68947058ad5ea3fc73912f3f,68a4519e1904bd5381371237,,,,,,,,,,,,,,,,,,,,,[-0.16367067290079132],[-0.08746913896495824],[1],[0],[0],[5.358100000009017],"[""coins_a_3"",""coins_a_3""]",0,[],[],0,113,113,50,1,69,66,-55,96,34,-50,26.66666667,26.66666667,0,57.76004001,59.82938706,-2.069347044,-55,-50,-5,-0.71,-0.18,-0.53,unconfounded,FALSE,,,,
,,,,,,,male,,2025-08-19_12h43.49.894,lotterie_task,2024.2.4,Win32,57.47126437,601129f77e0c21000b0c408a,68947058ad5ea3fc73912f3f,68a4519e1904bd5381371237,,,,,,,,,,,,,,,,,,,,,[-0.07900217465471131],[-0.08356131478742307],[1],[0],[0],[7.829999999999927],"[""coins_a_3"",""coins_a_3""]",0,[],[],0,114,114,54,1,61,50,-88,94,11,-82,7.666666667,7.666666667,0,67.79544396,71.8903486,-4.094904639,-88,-82,-6,-0.69,-0.07,-0.62,unconfounded,FALSE,,,,
,,,,,,,male,,2025-08-19_12h43.49.894,lotterie_task,2024.2.4,Win32,57.47126437,601129f77e0c21000b0c408a,68947058ad5ea3fc73912f3f,68a4519e1904bd5381371237,,,,,,,,,,,,,,,,,,,,,[-0.12068510782257473],[-0.023642071526047772],[1],[0],[0],[7.426500000000033],"[""coins_b_3"",""coins_b_3""]",0,[],[],0,115,115,172,1,74,69,-25,82,49,-13,39.33333333,39.33333333,0,45.5363103,39.38132665,6.154983646,-25,-13,-12,-0.7,-0.35,-0.35,confounded,FALSE,,,,
,,,,,,,male,,2025-08-19_12h43.49.894,lotterie_task,2024.2.4,Win32,57.47126437,601129f77e0c21000b0c408a,68947058ad5ea3fc73912f3f,68a4519e1904bd5381371237,,,,,,,,,,,,,,,,,,,,,[0.223199198142585],[0.034974575601736516],[1],[0],[0],[1.877299999997149],"[""coins_a_3"",""coins_a_3""]",0,[],[],0,116,116,49,1,67,35,-44,90,1,-33,19.33333333,19.33333333,0,46.64999702,51.86092513,-5.210928109,-44,-33,-11,-0.47,0.49,-0.96,unconfounded,FALSE,,,,
,,,,,,,male,,2025-08-19_12h43.49.894,lotterie_task,2024.2.4,Win32,57.47126437,601129f77e0c21000b0c408a,68947058ad5ea3fc73912f3f,68a4519e1904bd5381371237,,,,,,,,,,,,,,,,,,,,,[-0.1623681125439625],[-0.05490427140194534],[1],[0],[0],[2.1335999999942032],"[""coins_a_3"",""coins_a_3""]",0,[],[],0,117,117,64,1,67,36,-51,86,5,-42,17.33333333,16.33333333,1,49.94886274,52.8667087,-2.917845962,-51,-42,-9,-0.51,0.31,-0.82,unconfounded,FALSE,,,,
,,,,,,,male,,2025-08-19_12h43.49.894,lotterie_task,2024.2.4,Win32,57.47126437,601129f77e0c21000b0c408a,68947058ad5ea3fc73912f3f,68a4519e1904bd5381371237,,,,,,,,,,,,,,,,,,,,,[-0.10375132230912955],[-0.043180941976388484],[1],[0],[0],[5.77880000001187],"[""coins_b_3"",""coins_b_3""]",0,[],[],0,118,118,219,1,65,50,-10,72,55,-4,35,41,6,900,860,-40,10,4,-6,-0.2,0.05,0.25,confounded,TRUE,,,,
,,,,,,,male,,2025-08-19_12h43.49.894,lotterie_task,2024.2.4,Win32,57.47126437,601129f77e0c21000b0c408a,68947058ad5ea3fc73912f3f,68a4519e1904bd5381371237,,,,,,,,,,,,,,,,,,,,,[-0.1350136295153136],[0.003712375725838951],[1],[0],[0],[3.5920000000000982],"[""coins_b_3"",""coins_b_3""]",0,[],[],0,119,119,142,1,52,14,-16,53,17,-2,16.66666667,22.66666667,-6,27.82484901,22.80838053,5.01646848,-16,-2,-14,0.14,0.36,-0.22,confounded,FALSE,,,,
,,,,,,,male,,2025-08-19_12h43.49.894,lotterie_task,2024.2.4,Win32,57.47126437,601129f77e0c21000b0c408a,68947058ad5ea3fc73912f3f,68a4519e1904bd5381371237,,,,,,,,,,,,,,,,,,,,,[0.055164833560778136],[-0.08877173509854924],[1],[0],[0],[3.3005999999941196],"[""coins_a_3"",""coins_a_3""]",0,[],[],0,120,120,95,1,77,49,-72,97,6,-67,18,12,6,64.65807503,67.08700818,-2.42893315,-72,-67,-5,-0.61,0.13,-0.74,unconfounded,FALSE,,,,
,,,,,,,male,,2025-08-19_12h43.49.894,lotterie_task,2024.2.4,Win32,57.47126437,601129f77e0c21000b0c408a,68947058ad5ea3fc73912f3f,68a4519e1904bd5381371237,,,,,,,,,,,,,,,,,,,,,[-0.1350136295153136],[-0.0692327930946842],[1],[0],[0],[5.903900000005933],"[""coins_b_3"",""coins_b_3""]",0,[],[],0,121,121,155,1,81,75,-12,85,53,-3,48,45,3,42.49705872,36.36848453,6.128574196,-12,-3,-9,-0.7,-0.32,-0.38,confounded,FALSE,,,,
,,,,,,,male,,2025-08-19_12h43.49.894,lotterie_task,2024.2.4,Win32,57.47126437,601129f77e0c21000b0c408a,68947058ad5ea3fc73912f3f,68a4519e1904bd5381371237,,,,,,,,,,,,,,,,,,,,,[0.12159712904363276],[-0.013221338234081916],[1],[0],[0],[4.399599999994052],"[""coins_a_3"",""coins_a_3""]",0,[],[],0,122,122,77,1,76,54,-46,97,16,-38,28,25,3,53.09111665,55.47972603,-2.388609381,-46,-38,-8,-0.62,0.24,-0.86,unconfounded,FALSE,,,,
,,,,,,,male,,2025-08-19_12h43.49.894,lotterie_task,2024.2.4,Win32,57.47126437,601129f77e0c21000b0c408a,68947058ad5ea3fc73912f3f,68a4519e1904bd5381371237,,,,,,,,,,,,,,,,,,,,,[-0.08030466345801583],[-0.12394165182169549],[1],[0],[0],[9.136599999994132],"[""coins_a_3"",""coins_a_3""]",0,[],[],0,123,123,97,1,77,67,-13,98,10,-4,43.66666667,34.66666667,9,40.27681991,45.14667454,-4.86985463,-13,-4,-9,-0.67,0.66,-1.33,unconfounded,FALSE,,,,
,,,,,,,male,,2025-08-19_12h43.49.894,lotterie_task,2024.2.4,Win32,57.47126437,601129f77e0c21000b0c408a,68947058ad5ea3fc73912f3f,68a4519e1904bd5381371237,,,,,,,,,,,,,,,,,,,,,[0.12941256273813012],[-0.06271988398025352],[1],[0],[0],[7.932299999996985],"[""coins_b_3"",""coins_b_3""]",0,[],[],0,124,124,178,1,87,67,-40,97,42,-25,38,38,0,55.75541827,49.88653793,5.868880342,-40,-25,-15,-0.64,-0.12,-0.52,confounded,FALSE,,,,
,,,,,,,male,,2025-08-19_12h43.49.894,lotterie_task,2024.2.4,Win32,57.47126437,601129f77e0c21000b0c408a,68947058ad5ea3fc73912f3f,68a4519e1904bd5381371237,,,,,,,,,,,,,,,,,,,,,[-0.09593588861463218],[-0.0991924683905151],[1],[0],[0],[2.617400000005773],"[""coins_a_3"",""coins_a_3""]",0,[],[],0,125,125,204,1,90,67,-17,92,28,-7,46.66666667,37.66666667,9,45.98792112,40.99051381,4.997407312,-17,-7,-10,-0.58,0.34,-0.92,confounded,FALSE,,,,
,,,,,,,male,,2025-08-19_12h43.49.894,lotterie_task,2024.2.4,Win32,57.47126437,601129f77e0c21000b0c408a,68947058ad5ea3fc73912f3f,68a4519e1904bd5381371237,,,,,,,,,,,,,,,,,,,,,[-0.08551511954590416],[-0.10700800941529895],[1],[0],[0],[2.7750999999939268],"[""coins_a_3"",""coins_a_3""]",0,[],[],0,126,126,78,1,84,46,-12,97,13,-1,39.33333333,36.33333333,3,39.47432358,43.27688631,-3.802562731,-12,-1,-11,-0.25,0.65,-0.9,unconfounded,FALSE,,,,
,,,,,,,male,,2025-08-19_12h43.49.894,lotterie_task,2024.2.4,Win32,57.47126437,601129f77e0c21000b0c408a,68947058ad5ea3fc73912f3f,68a4519e1904bd5381371237,,,,,,,,,,,,,,,,,,,,,[0.10596590388701642],[-0.10961313012895663],[1],[0],[0],[10.18640000000596],"[""coins_b_3"",""coins_b_3""]",0,[],[],0,127,127,15,1,69,32,-47,87,24,-39,18,24,-6,48.38043682,51.4392846,-3.058847781,-47,-39,-8,-0.41,0,-0.41,unconfounded,FALSE,,,,
,,,,,,,male,,2025-08-19_12h43.49.894,lotterie_task,2024.2.4,Win32,57.47126437,601129f77e0c21000b0c408a,68947058ad5ea3fc73912f3f,68a4519e1904bd5381371237,,,,,,,,,,,,,,,,,,,,,[0.13201775500531213],[-0.11482351466332064],[1],[0],[0],[6.9429000000059204],"[""coins_b_3"",""coins_b_3""]",0,[],[],0,128,128,122,1,48,42,-20,63,30,-5,23.33333333,29.33333333,-6,30.73904502,27.7648859,2.974159125,-20,-5,-15,-0.69,-0.04,-0.65,confounded,FALSE,,,,
,,,,,,,male,,2025-08-19_12h43.49.894,lotterie_task,2024.2.4,Win32,57.47126437,601129f77e0c21000b0c408a,68947058ad5ea3fc73912f3f,68a4519e1904bd5381371237,,,,,,,,,,,,,,,,,,,,,[0.12029442557975528],[-0.12263909146486665],[1],[0],[0],[4.562299999997094],"[""coins_a_3"",""coins_a_3""]",0,[],[],0,129,129,91,1,76,48,-37,99,1,-31,29,23,6,48.04858652,55.30521374,-7.256627218,-37,-31,-6,-0.53,0.53,-1.06,unconfounded,FALSE,,,,
,,,,,,,male,,2025-08-19_12h43.49.894,lotterie_task,2024.2.4,Win32,57.47126437,601129f77e0c21000b0c408a,68947058ad5ea3fc73912f3f,68a4519e1904bd5381371237,,,,,,,,,,,,,,,,,,,,,[0.146346276698051],[-0.10961313012895663],[1],[0],[0],[4.611600000008821],"[""coins_b_3"",""coins_b_3""]",0,[],[],0,130,130,180,1,89,74,-13,90,55,-4,50,47,3,44.96665431,38.79003308,6.176621228,-13,-4,-9,-0.65,-0.3,-0.35,confounded,FALSE,,,,
,,,,,,,male,,2025-08-19_12h43.49.894,lotterie_task,2024.2.4,Win32,57.47126437,601129f77e0c21000b0c408a,68947058ad5ea3fc73912f3f,68a4519e1904bd5381371237,,,,,,,,,,,,,,,,,,,,,[0.09554527792533704],[-0.03406280481801363],[1],[0],[0],[4.19779999999696],"[""coins_a_3"",""coins_a_3""]",0,[],[],0,131,131,44,1,60,27,-47,80,4,-41,13.33333333,14.33333333,-1,44.73874781,49.93551397,-5.196766162,-47,-41,-6,-0.43,0.3,-0.73,unconfounded,FALSE,,,,
,,,,,,,male,,2025-08-19_12h43.49.894,lotterie_task,2024.2.4,Win32,57.47126437,601129f77e0c21000b0c408a,68947058ad5ea3fc73912f3f,68a4519e1904bd5381371237,,,,,,,,,,,,,,,,,,,,,[-0.11156697066419988],[-0.08877173509854924],[1],[0],[0],[2.550999999999931],"[""coins_a_3"",""coins_a_3""]",0,[],[],0,132,132,76,1,58,49,-41,85,1,-29,22,19,3,44.69899328,48.24935233,-3.55035905,-41,-29,-12,-0.69,0.51,-1.2,unconfounded,FALSE,,,,
,,,,,,,male,,2025-08-19_12h43.49.894,lotterie_task,2024.2.4,Win32,57.47126437,601129f77e0c21000b0c408a,68947058ad5ea3fc73912f3f,68a4519e1904bd5381371237,,,,,,,,,,,,,,,,,,,,,[-0.13371106915848477],[-0.12394165182169549],[1],[0],[0],[2.8267000000030293],"[""coins_a_3"",""coins_a_3""]",0,[],[],0,133,133,205,1,69,40,-29,65,14,-17,26.66666667,20.66666667,6,41.10420362,33.80663972,7.297563908,-29,-17,-12,-0.45,0.29,-0.74,confounded,FALSE,,,,
,,,,,,,male,,2025-08-19_12h43.49.894,lotterie_task,2024.2.4,Win32,57.47126437,601129f77e0c21000b0c408a,68947058ad5ea3fc73912f3f,68a4519e1904bd5381371237,,,,,,,,,,,,,,,,,,,,,[-0.09984364123864302],[-0.10440281714811694],[1],[0],[0],[8.357499999999845],"[""coins_a_3"",""coins_a_3""]",0,[],[],0,134,134,14,1,70,55,-15,99,30,-1,36.66666667,42.66666667,-6,37.04351795,41.7957999,-4.752281944,-15,-1,-14,-0.62,0.43,-1.05,unconfounded,FALSE,,,,
,,,,,,,male,,2025-08-19_12h43.49.894,lotterie_task,2024.2.4,Win32,57.47126437,601129f77e0c21000b0c408a,68947058ad5ea3fc73912f3f,68a4519e1904bd5381371237,,,,,,,,,,,,,,,,,,,,,[-0.11026441030737104],[-0.08095612252024106],[1],[0],[0],[4.1584000000059405],"[""coins_b_3"",""coins_b_3""]",0,[],[],0,135,135,137,1,74,51,-26,76,46,-14,33,36,-3,42.76291228,37.41657387,5.346338412,-26,-14,-12,-0.56,-0.38,-0.18,confounded,FALSE,,,,
,,,,,,,male,,2025-08-19_12h43.49.894,lotterie_task,2024.2.4,Win32,57.47126437,601129f77e0c21000b0c408a,68947058ad5ea3fc73912f3f,68a4519e1904bd5381371237,,,,,,,,,,,,,,,,,,,,,[-0.1245929320001099],[-0.09267945194579792],[1],[0],[0],[3.9649000000060823],"[""coins_b_3"",""coins_b_3""]",0,[],[],0,136,136,1,1,52,47,-90,84,32,-80,3,12,-9,65.79260343,68.43001291,-2.637409474,-90,-80,-10,-0.7,-0.41,-0.29,unconfounded,FALSE,,,,
,,,,,,,male,,2025-08-19_12h43.49.894,lotterie_task,2024.2.4,Win32,57.47126437,601129f77e0c21000b0c408a,68947058ad5ea3fc73912f3f,68a4519e1904bd5381371237,,,,,,,,,,,,,,,,,,,,,[-0.11938254746574589],[-0.11482351466332064],[1],[0],[0],[4.076000000000022],"[""coins_a_3"",""coins_a_3""]",0,[],[],0,137,137,175,1,67,65,-84,92,13,-75,16,10,6,70.71539201,68.21045863,2.504933376,-84,-75,-9,-0.71,-0.07,-0.64,confounded,FALSE,,,,
,,,,,,,male,,2025-08-19_12h43.49.894,lotterie_task,2024.2.4,Win32,57.47126437,601129f77e0c21000b0c408a,68947058ad5ea3fc73912f3f,68a4519e1904bd5381371237,,,,,,,,,,,,,,,,,,,,,[0.15025402932206183],[-0.08095612252024106],[1],[0],[0],[2.3583999999912066],"[""coins_a_3"",""coins_a_3""]",0,[],[],0,138,138,98,1,85,48,-45,99,2,-40,29.33333333,20.33333333,9,54.68901982,58.20843772,-3.519417903,-45,-40,-5,-0.47,0.44,-0.91,unconfounded,FALSE,,,,
,,,,,,,male,,2025-08-19_12h43.49.894,lotterie_task,2024.2.4,Win32,57.47126437,601129f77e0c21000b0c408a,68947058ad5ea3fc73912f3f,68a4519e1904bd5381371237,,,,,,,,,,,,,,,,,,,,,[-0.14803959085122362],[-0.08356131478742307],[1],[0],[0],[2.846099999994067],"[""coins_a_3"",""coins_a_3""]",0,[],[],0,139,139,26,1,49,33,-54,78,3,-44,9.333333333,12.33333333,-3,45.25728916,50.24163833,-4.98434917,-54,-44,-10,-0.64,0.27,-0.91,unconfounded,FALSE,,,,
,,,,,,,male,,2025-08-19_12h43.49.894,lotterie_task,2024.2.4,Win32,57.47126437,601129f77e0c21000b0c408a,68947058ad5ea3fc73912f3f,68a4519e1904bd5381371237,,,,,,,,,,,,,,,,,,,,,[-0.18711733175190504],[-0.00931354983330891],[1],[0],[0],[1.461299999997209],"[""coins_a_3"",""coins_a_3""]",0,[],[],0,140,140,52,1,61,43,-79,96,2,-73,8.333333333,8.333333333,0,62.18967403,69.13915115,-6.949477127,-79,-73,-6,-0.66,0.14,-0.8,unconfounded,FALSE,,,,
,,,,,,,male,,2025-08-19_12h43.49.894,lotterie_task,2024.2.4,Win32,57.47126437,601129f77e0c21000b0c408a,68947058ad5ea3fc73912f3f,68a4519e1904bd5381371237,,,,,,,,,,,,,,,,,,,,,[-0.1779991945935302],[-0.09528464421297993],[1],[0],[0],[6.650899999991225],"[""coins_a_3"",""coins_a_3""]",0,[],[],0,141,141,19,1,57,33,-78,87,14,-71,4,10,-6,58.80476171,64.56521251,-5.7604508,-78,-71,-7,-0.62,-0.09,-0.53,unconfounded,FALSE,,,,
,,,,,,,male,,2025-08-19_12h43.49.894,lotterie_task,2024.2.4,Win32,57.47126437,601129f77e0c21000b0c408a,68947058ad5ea3fc73912f3f,68a4519e1904bd5381371237,,,,,,,,,,,,,,,,,,,,,[-0.13371106915848477],[-0.05229915068828766],[1],[0],[0],[4.115500000000111],"[""coins_a_3"",""coins_a_3""]",0,[],[],0,142,142,133,1,80,61,-49,77,57,-42,30.66666667,30.66666667,0,56.86436103,52.02777036,4.836590669,-49,-42,-7,-0.65,-0.63,-0.02,confounded,FALSE,,,,
,,,,,,,male,,2025-08-19_12h43.49.894,lotterie_task,2024.2.4,Win32,57.47126437,601129f77e0c21000b0c408a,68947058ad5ea3fc73912f3f,68a4519e1904bd5381371237,,,,,,,,,,,,,,,,,,,,,[0.14504378789474648],[-0.06271988398025352],[1],[0],[0],[5.156600000008893],"[""coins_a_3"",""coins_a_3""]",0,[],[],0,143,143,0,1,50,24,-56,83,8,-46,6,15,-9,45.10727953,52.89612462,-7.788845091,-56,-46,-10,-0.54,0.2,-0.74,unconfounded,FALSE,,,,
,,,,,,,male,,2025-08-19_12h43.49.894,lotterie_task,2024.2.4,Win32,57.47126437,601129f77e0c21000b0c408a,68947058ad5ea3fc73912f3f,68a4519e1904bd5381371237,,,,,,,,,,,,,,,,,,,,,[-0.11677735519856389],[-0.0666276008275022],[1],[0],[0],[3.2000999999941087],"[""coins_a_3"",""coins_a_3""]",0,[],[],0,144,144,198,1,66,52,-14,71,33,-3,34.66666667,33.66666667,1,34.88393454,30.21405118,4.669883356,-14,-3,-11,-0.62,0.03,-0.65,confounded,FALSE,,,,
,,,,,,,male,,2025-08-19_12h43.49.894,lotterie_task,2024.2.4,Win32,57.47126437,601129f77e0c21000b0c408a,68947058ad5ea3fc73912f3f,68a4519e1904bd5381371237,,,,,,,,,,,,,,,,,,,,,[-0.13631626142566677],[-0.0392732251291398],[1],[0],[0],[3.2474999999999454],"[""coins_a_3"",""coins_a_3""]",0,[],[],0,145,145,31,1,55,19,-13,73,1,-4,20.33333333,23.33333333,-3,27.77688887,35.17890782,-7.402018947,-13,-4,-9,0.07,0.7,-0.63,unconfounded,FALSE,,,,
,,,,,,,male,,2025-08-19_12h43.49.894,lotterie_task,2024.2.4,Win32,57.47126437,601129f77e0c21000b0c408a,68947058ad5ea3fc73912f3f,68a4519e1904bd5381371237,,,,,,,,,,,,,,,,,,,,,[0.17891107270753956],[-0.018431686991683762],[1],[0],[0],[6.874000000000024],"[""coins_b_3"",""coins_b_3""]",0,[],[],0,146,146,162,1,78,64,-50,80,54,-42,30.66666667,30.66666667,0,57.32558087,52.46797965,4.857601218,-50,-42,-8,-0.68,-0.58,-0.1,confounded,FALSE,,,,
,,,,,,,male,,2025-08-19_12h43.49.894,lotterie_task,2024.2.4,Win32,57.47126437,601129f77e0c21000b0c408a,68947058ad5ea3fc73912f3f,68a4519e1904bd5381371237,,,,,,,,,,,,,,,,,,,,,[-0.10896177839701787],[-0.06402248011384452],[1],[0],[0],[3.9352999999971416],"[""coins_b_3"",""coins_b_3""]",0,[],[],0,147,147,47,1,58,28,-19,71,11,-12,22.33333333,23.33333333,-1,31.68946548,34.98888712,-3.299421648,-19,-12,-7,-0.26,0.48,-0.74,unconfounded,FALSE,,,,
,,,,,,,male,,2025-08-19_12h43.49.894,lotterie_task,2024.2.4,Win32,57.47126437,601129f77e0c21000b0c408a,68947058ad5ea3fc73912f3f,68a4519e1904bd5381371237,,,,,,,,,,,,,,,,,,,,,[0.15676711732030335],[-0.05490427140194534],[1],[0],[0],[3.167900000006057],"[""coins_a_3"",""coins_a_3""]",0,[],[],0,148,148,191,1,99,45,-67,98,5,-53,25.66666667,16.66666667,9,69.13432979,62.19503374,6.939296048,-67,-53,-14,-0.4,0.27,-0.67,confounded,FALSE,,,,
,,,,,,,male,,2025-08-19_12h43.49.894,lotterie_task,2024.2.4,Win32,57.47126437,601129f77e0c21000b0c408a,68947058ad5ea3fc73912f3f,68a4519e1904bd5381371237,,,,,,,,,,,,,,,,,,,,,[0.15676711732030335],[-0.048391326510752494],[1],[0],[0],[9.324299999997038],"[""coins_a_3"",""coins_a_3""]",0,[],[],0,149,149,176,1,79,75,-24,86,58,-11,43.33333333,44.33333333,-1,47.6398526,40.76218291,6.877669688,-24,-11,-13,-0.7,-0.47,-0.23,confounded,FALSE,,,,
,,,,,,,male,,2025-08-19_12h43.49.894,lotterie_task,2024.2.4,Win32,57.47126437,601129f77e0c21000b0c408a,68947058ad5ea3fc73912f3f,68a4519e1904bd5381371237,,,,,,,,,,,,,,,,,,,,,[-0.06988403749633645],[-0.06402248011384452],[1],[0],[0],[5.71180000001209],"[""coins_a_3"",""coins_a_3""]",0,[],[],0,150,150,83,1,52,41,-26,71,1,-14,22.33333333,19.33333333,3,34.47059939,37.04351795,-2.572918563,-26,-14,-12,-0.65,0.62,-1.27,unconfounded,FALSE,,,,
,,,,,,,male,,2025-08-19_12h43.49.894,lotterie_task,2024.2.4,Win32,57.47126437,601129f77e0c21000b0c408a,68947058ad5ea3fc73912f3f,68a4519e1904bd5381371237,,,,,,,,,,,,,,,,,,,,,[0.09945295899582357],[-0.0392732251291398],[1],[0],[0],[30.86930000001189],"[""coins_b_3"",""coins_b_3""]",0,[],[],0,151,151,23,1,51,48,-71,84,26,-64,9.333333333,15.33333333,-6,56.81744646,60.88969991,-4.072253454,-71,-64,-7,-0.71,-0.26,-0.45,unconfounded,FALSE,,,,
,,,,,,,male,,2025-08-19_12h43.49.894,lotterie_task,2024.2.4,Win32,57.47126437,601129f77e0c21000b0c408a,68947058ad5ea3fc73912f3f,68a4519e1904bd5381371237,,,,,,,,,,,,,,,,,,,,,[0.1593721664804367],[0.00631749643949663],[1],[0],[0],[5.1684999999999945],"[""coins_b_3"",""coins_b_3""]",0,[],[],0,152,152,13,1,63,32,-59,96,5,-47,12,18,-6,51.77515492,59.09878735,-7.323632437,-59,-47,-12,-0.52,0.32,-0.84,unconfounded,FALSE,,,,
,,,,,,,male,,2025-08-19_12h43.49.894,lotterie_task,2024.2.4,Win32,57.47126437,601129f77e0c21000b0c408a,68947058ad5ea3fc73912f3f,68a4519e1904bd5381371237,,,,,,,,,,,,,,,,,,,,,[0.15285922158924384],[-0.07965352638665006],[1],[0],[0],[5.118799999997009],"[""coins_b_3"",""coins_b_3""]",0,[],[],0,153,153,149,1,37,36,-64,47,22,-51,3,6,-3,47.37791328,41.57723736,5.800675917,-64,-51,-13,-0.71,-0.52,-0.19,confounded,FALSE,,,,
,,,,,,,male,,2025-08-19_12h43.49.894,lotterie_task,2024.2.4,Win32,57.47126437,601129f77e0c21000b0c408a,68947058ad5ea3fc73912f3f,68a4519e1904bd5381371237,,,,,,,,,,,,,,,,,,,,,[-0.08290985572519784],[-0.09398204807938892],[1],[0],[0],[2.7134000000057767],"[""coins_a_3"",""coins_a_3""]",0,[],[],0,154,154,211,1,91,75,-12,94,55,-4,51.33333333,48.33333333,3,45.25728916,40.28509512,4.97219404,-12,-4,-8,-0.64,-0.24,-0.4,confounded,FALSE,,,,
,,,,,,,male,,2025-08-19_12h43.49.894,lotterie_task,2024.2.4,Win32,57.47126437,601129f77e0c21000b0c408a,68947058ad5ea3fc73912f3f,68a4519e1904bd5381371237,,,,,,,,,,,,,,,,,,,,,[0.2062656272897128],[-0.018431686991683762],[1],[0],[0],[4.030100000009043],"[""coins_a_3"",""coins_a_3""]",0,[],[],0,155,155,179,1,96,61,-17,93,41,-3,46.66666667,43.66666667,3,47.23228651,39.23717059,7.995115924,-17,-3,-14,-0.43,0.1,-0.53,confounded,FALSE,,,,
,,,,,,,male,,2025-08-19_12h43.49.894,lotterie_task,2024.2.4,Win32,57.47126437,601129f77e0c21000b0c408a,68947058ad5ea3fc73912f3f,68a4519e1904bd5381371237,,,,,,,,,,,,,,,,,,,,,[0.16979293554916472],[-0.0692327930946842],[1],[0],[0],[7.319299999996929],"[""coins_b_3"",""coins_b_3""]",0,[],[],0,156,156,60,1,64,49,-69,94,7,-60,14.66666667,13.66666667,1,59.4773533,63.04671989,-3.56936659,-69,-60,-9,-0.67,0.16,-0.83,unconfounded,FALSE,,,,
,,,,,,,male,,2025-08-19_12h43.49.894,lotterie_task,2024.2.4,Win32,57.47126437,601129f77e0c21000b0c408a,68947058ad5ea3fc73912f3f,68a4519e1904bd5381371237,,,,,,,,,,,,,,,,,,,,,[-0.1597629202767805],[-0.06532507624743553],[1],[0],[0],[8.14079999999717],"[""coins_b_3"",""coins_b_3""]",0,[],[],0,157,157,25,1,71,42,-92,95,21,-86,7,10,-3,70.99765254,74.30118886,-3.303536321,-92,-86,-6,-0.62,-0.22,-0.4,unconfounded,FALSE,,,,
,,,,,,,male,,2025-08-19_12h43.49.894,lotterie_task,2024.2.4,Win32,57.47126437,601129f77e0c21000b0c408a,68947058ad5ea3fc73912f3f,68a4519e1904bd5381371237,,,,,,,,,,,,,,,,,,,,,[-0.14803959085122362],[-0.07835093025305906],[1],[0],[0],[4.195500000000038],"[""coins_b_3"",""coins_b_3""]",0,[],[],0,158,158,111,1,32,12,-39,37,19,-24,1.666666667,10.66666667,-9,29.89239963,25.59079696,4.301602672,-39,-24,-15,-0.48,-0.45,-0.03,confounded,FALSE,,,,
,,,,,,,male,,2025-08-19_12h43.49.894,lotterie_task,2024.2.4,Win32,57.47126437,601129f77e0c21000b0c408a,68947058ad5ea3fc73912f3f,68a4519e1904bd5381371237,,,,,,,,,,,,,,,,,,,,,[-0.17148624970233733],[-0.10961313012895663],[1],[0],[0],[4.7312000000029],"[""coins_a_3"",""coins_a_3""]",0,[],[],0,159,159,100,1,63,60,-29,84,5,-22,31.33333333,22.33333333,9,42.67968551,44.97653709,-2.296851579,-29,-22,-7,-0.7,0.52,-1.22,unconfounded,FALSE,,,,
,,,,,,,male,,2025-08-19_12h43.49.894,lotterie_task,2024.2.4,Win32,57.47126437,601129f77e0c21000b0c408a,68947058ad5ea3fc73912f3f,68a4519e1904bd5381371237,,,,,,,,,,,,,,,,,,,,,[0.141135892163687],[-0.036667997085195636],[1],[0],[0],[14.138700000002927],"[""coins_a_3"",""coins_a_3""]",0,[],[],0,160,160,38,1,52,25,-28,65,9,-22,16.33333333,17.33333333,-1,33.22983933,36.00308629,-2.773246953,-28,-22,-6,-0.37,0.33,-0.7,unconfounded,FALSE,,,,
,,,,,,,male,,2025-08-19_12h43.49.894,lotterie_task,2024.2.4,Win32,57.47126437,601129f77e0c21000b0c408a,68947058ad5ea3fc73912f3f,68a4519e1904bd5381371237,,,,,,,,,,,,,,,,,,,,,[0.15416192505312135],[-0.10700800941529895],[1],[0],[0],[13.003500000000031],"[""coins_b_3"",""coins_b_3""]",0,[],[],0,161,161,22,1,61,18,-37,77,14,-31,14,20,-6,40.10818703,44.29446918,-4.186282153,-37,-31,-6,-0.15,0.2,-0.35,unconfounded,FALSE,,,,
,,,,,,,male,,2025-08-19_12h43.49.894,lotterie_task,2024.2.4,Win32,57.47126437,601129f77e0c21000b0c408a,68947058ad5ea3fc73912f3f,68a4519e1904bd5381371237,,,,,,,,,,,,,,,,,,,,,[0.13722813953967614],[-0.09007425967861592],[1],[0],[0],[3.3433999999911066],"[""coins_a_3"",""coins_a_3""]",0,[],[],0,162,162,24,1,75,26,-42,94,6,-32,19.66666667,22.66666667,-3,47.97453028,52.77204647,-4.797516193,-42,-32,-10,-0.2,0.44,-0.64,unconfounded,FALSE,,,,
,,,,,,,male,,2025-08-19_12h43.49.894,lotterie_task,2024.2.4,Win32,57.47126437,601129f77e0c21000b0c408a,68947058ad5ea3fc73912f3f,68a4519e1904bd5381371237,,,,,,,,,,,,,,,,,,,,,[-0.0581607080707796],[-0.10049499297058177],[1],[0],[0],[2.951999999999998],"[""coins_a_3"",""coins_a_3""]",0,[],[],0,163,163,210,1,91,73,-19,96,36,-14,48.33333333,39.33333333,9,48.17560471,44.96912521,3.206479496,-19,-14,-5,-0.63,0.11,-0.74,confounded,FALSE,,,,
,,,,,,,male,,2025-08-19_12h43.49.894,lotterie_task,2024.2.4,Win32,57.47126437,601129f77e0c21000b0c408a,68947058ad5ea3fc73912f3f,68a4519e1904bd5381371237,,,,,,,,,,,,,,,,,,,,,[0.1893319133297919],[-0.05750946366912735],[1],[0],[0],[2.0238999999910448],"[""coins_a_3"",""coins_a_3""]",1,[1465.4336999999882],[1465.433799999997],0,164,164,92,1,83,40,-8,91,7,-1,38.33333333,32.33333333,6,37.16928242,41.61196409,-4.442681672,-8,-1,-7,-0.07,0.69,-0.76,unconfounded,FALSE,,,,
,,,,,,,male,,2025-08-19_12h43.49.894,lotterie_task,2024.2.4,Win32,57.47126437,601129f77e0c21000b0c408a,68947058ad5ea3fc73912f3f,68a4519e1904bd5381371237,,,,,,,,,,,,,,,,,,,,,[-0.15064478311840562],[-0.002800604942116061],[1],[0],[0],[4.590200000002824],"[""coins_a_3"",""coins_a_3""]",0,[],[],0,165,165,146,1,90,19,-42,81,3,-35,22.33333333,16.33333333,6,53.94029621,48.2861839,5.654112314,-42,-35,-7,0.09,0.39,-0.3,confounded,FALSE,,,,
,,,,,,,male,,2025-08-19_12h43.49.894,lotterie_task,2024.2.4,Win32,57.47126437,601129f77e0c21000b0c408a,68947058ad5ea3fc73912f3f,68a4519e1904bd5381371237,,,,,,,,,,,,,,,,,,,,,[0.13071526620200763],[-0.06402248011384452],[1],[0],[0],[5.167100000008759],"[""coins_b_3"",""coins_b_3""]",0,[],[],0,166,166,126,1,79,27,-34,70,26,-24,24,24,0,46.18080409,38.40138886,7.779415229,-34,-24,-10,-0.1,-0.08,-0.02,confounded,FALSE,,,,
,,,,,,,male,,2025-08-19_12h43.49.894,lotterie_task,2024.2.4,Win32,57.47126437,601129f77e0c21000b0c408a,68947058ad5ea3fc73912f3f,68a4519e1904bd5381371237,,,,,,,,,,,,,,,,,,,,,[-0.16627586516797332],[0.001107183458656946],[1],[0],[0],[3.006200000002991],"[""coins_b_3"",""coins_b_3""]",0,[],[],0,167,167,163,1,99,63,-12,93,52,-4,50,47,3,46.23851209,39.75759885,6.480913232,-12,-4,-8,-0.4,-0.19,-0.21,confounded,FALSE,,,,
,,,,,,,male,,2025-08-19_12h43.49.894,lotterie_task,2024.2.4,Win32,57.47126437,601129f77e0c21000b0c408a,68947058ad5ea3fc73912f3f,68a4519e1904bd5381371237,,,,,,,,,,,,,,,,,,,,,[-0.1350136295153136],[-0.04187834584279748],[1],[0],[0],[3.0238999999910448],"[""coins_a_3"",""coins_a_3""]",0,[],[],0,168,168,103,1,92,49,-7,99,9,-1,44.66666667,35.66666667,9,40.53256578,44.96912521,-4.436559429,-7,-1,-6,-0.16,0.68,-0.84,unconfounded,FALSE,,,,
,,,,,,,male,,2025-08-19_12h43.49.894,lotterie_task,2024.2.4,Win32,57.47126437,601129f77e0c21000b0c408a,68947058ad5ea3fc73912f3f,68a4519e1904bd5381371237,,,,,,,,,,,,,,,,,,,,,[-0.16497316170409584],[-0.06532507624743553],[1],[0],[0],[4.109099999994214],"[""coins_a_3"",""coins_a_3""]",0,[],[],0,169,169,202,1,81,48,-42,79,15,-34,29,20,9,51.98076567,46.26733909,5.713426581,-42,-34,-8,-0.5,0.16,-0.66,confounded,FALSE,,,,
,,,,,,,male,,2025-08-19_12h43.49.894,lotterie_task,2024.2.4,Win32,57.47126437,601129f77e0c21000b0c408a,68947058ad5ea3fc73912f3f,68a4519e1904bd5381371237,,,,,,,,,,,,,,,,,,,,,[0.19323959440027844],[-0.04187834584279748],[1],[0],[0],[6.470799999997098],"[""coins_b_3"",""coins_b_3""]",0,[],[],0,170,170,40,1,63,47,-21,91,15,-14,29.66666667,30.66666667,-1,36.41733409,44.27439692,-7.857062825,-21,-14,-7,-0.61,0.49,-1.1,unconfounded,FALSE,,,,
,,,,,,,male,,2025-08-19_12h43.49.894,lotterie_task,2024.2.4,Win32,57.47126437,601129f77e0c21000b0c408a,68947058ad5ea3fc73912f3f,68a4519e1904bd5381371237,,,,,,,,,,,,,,,,,,,,,[0.10466334353018757],[-0.06271988398025352],[1],[0],[0],[9.077900000005911],"[""coins_b_3"",""coins_b_3""]",0,[],[],0,171,171,160,1,98,40,-65,99,32,-55,24.33333333,25.33333333,-1,67.46027638,63.04671989,4.413556487,-65,-55,-10,-0.34,-0.16,-0.18,confounded,FALSE,,,,
,,,,,,,male,,2025-08-19_12h43.49.894,lotterie_task,2024.2.4,Win32,57.47126437,601129f77e0c21000b0c408a,68947058ad5ea3fc73912f3f,68a4519e1904bd5381371237,,,,,,,,,,,,,,,,,,,,,[-0.13110587689130276],[-0.08877173509854924],[1],[0],[0],[4.894400000005817],"[""coins_b_3"",""coins_b_3""]",0,[],[],0,172,172,118,1,65,54,-20,73,59,-6,33,42,-9,37.74475681,34.41898701,3.325769802,-20,-6,-14,-0.66,-0.62,-0.04,confounded,FALSE,,,,
,,,,,,,male,,2025-08-19_12h43.49.894,lotterie_task,2024.2.4,Win32,57.47126437,601129f77e0c21000b0c408a,68947058ad5ea3fc73912f3f,68a4519e1904bd5381371237,,,,,,,,,,,,,,,,,,,,,[-0.07248922976351846],[-0.09398204807938892],[1],[0],[0],[4.71159999999395],"[""coins_b_3"",""coins_b_3""]",0,[],[],0,173,173,200,1,75,56,-40,78,43,-30,30.33333333,30.33333333,0,50.33443707,44.99135719,5.343079879,-40,-30,-10,-0.63,-0.4,-0.23,confounded,FALSE,,,,
,,,,,,,male,,2025-08-19_12h43.49.894,lotterie_task,2024.2.4,Win32,57.47126437,601129f77e0c21000b0c408a,68947058ad5ea3fc73912f3f,68a4519e1904bd5381371237,,,,,,,,,,,,,,,,,,,,,[-0.11286960257455304],[-0.048391326510752494],[1],[0],[0],[3.6572000000030584],"[""coins_b_3"",""coins_b_3""]",0,[],[],0,174,174,121,1,67,34,-59,77,37,-45,14,23,-9,53.34791467,50.78057371,2.56734096,-59,-45,-14,-0.51,-0.39,-0.12,confounded,FALSE,,,,
,,,,,,,male,,2025-08-19_12h43.49.894,lotterie_task,2024.2.4,Win32,57.47126437,601129f77e0c21000b0c408a,68947058ad5ea3fc73912f3f,68a4519e1904bd5381371237,,,,,,,,,,,,,,,,,,,,,[-0.1779991945935302],[-0.028852491837173946],[1],[0],[0],[7.600500000000011],"[""coins_b_3"",""coins_b_3""]",0,[],[],0,175,175,20,1,64,23,-82,89,11,-77,1.666666667,7.666666667,-6,61.48351179,67.81019261,-6.326680822,-82,-77,-5,-0.48,-0.07,-0.41,unconfounded,FALSE,,,,
,,,,,,,male,,2025-08-19_12h43.49.894,lotterie_task,2024.2.4,Win32,57.47126437,601129f77e0c21000b0c408a,68947058ad5ea3fc73912f3f,68a4519e1904bd5381371237,,,,,,,,,,,,,,,,,,,,,[-0.1779991945935302],[-0.028852491837173946],[1],[0],[0],[11.907300000011901],"[""coins_b_3"",""coins_b_3""]",0,[],[],0,176,176,139,1,61,33,-71,68,40,-58,7.666666667,16.66666667,-9,56.78810517,54.02057221,2.767532958,-71,-58,-13,-0.58,-0.57,-0.01,confounded,FALSE,,,,
,,,,,,,male,,2025-08-19_12h43.49.894,lotterie_task,2024.2.4,Win32,57.47126437,601129f77e0c21000b0c408a,68947058ad5ea3fc73912f3f,68a4519e1904bd5381371237,,,,,,,,,,,,,,,,,,,,,[-0.1779991945935302],[-0.028852491837173946],[1],[0],[0],[4.864200000003166],"[""coins_b_3"",""coins_b_3""]",0,[],[],0,177,177,117,1,73,68,-84,83,63,-71,19,25,-6,72.86059749,68.37153404,4.489063453,-84,-71,-13,-0.7,-0.66,-0.04,confounded,FALSE,,,,
,,,,,,,male,,2025-08-19_12h43.49.894,lotterie_task,2024.2.4,Win32,57.47126437,601129f77e0c21000b0c408a,68947058ad5ea3fc73912f3f,68a4519e1904bd5381371237,,,,,,,,,,,,,,,,,,,,,[0.2297122861408265],[-0.04448353810997949],[1],[0],[0],[4.328400000006013],"[""coins_a_3"",""coins_a_3""]",0,[],[],0,178,178,58,1,65,46,-24,88,13,-14,29,29,0,38.27096375,43.15089802,-4.879934267,-24,-14,-10,-0.58,0.51,-1.09,unconfounded,FALSE,,,,
,,,,,,,male,,2025-08-19_12h43.49.894,lotterie_task,2024.2.4,Win32,57.47126437,601129f77e0c21000b0c408a,68947058ad5ea3fc73912f3f,68a4519e1904bd5381371237,,,,,,,,,,,,,,,,,,,,,[0.10466334353018757],[-0.12133645955451348],[1],[0],[0],[5.757700000003069],"[""coins_b_3"",""coins_b_3""]",0,[],[],0,179,179,32,1,52,48,-39,83,15,-28,20.33333333,23.33333333,-3,41.9867704,45.69707017,-3.710299768,-39,-28,-11,-0.7,0.27,-0.97,unconfounded,FALSE,,,,
,,,,,,,male,,2025-08-19_12h43.49.894,lotterie_task,2024.2.4,Win32,57.47126437,601129f77e0c21000b0c408a,68947058ad5ea3fc73912f3f,68a4519e1904bd5381371237,,,,,,,,,,,,,,,,,,,,,[0.09815047019251905],[-0.09658724034657093],[1],[0],[0],[4.234700000002931],"[""coins_a_3"",""coins_a_3""]",0,[],[],0,180,180,43,1,50,26,-17,66,7,-11,19.66666667,20.66666667,-1,27.71682201,32.88701196,-5.17018995,-17,-11,-6,-0.33,0.55,-0.88,unconfounded,FALSE,,,,
,,,,,,,male,,2025-08-19_12h43.49.894,lotterie_task,2024.2.4,Win32,57.47126437,601129f77e0c21000b0c408a,68947058ad5ea3fc73912f3f,68a4519e1904bd5381371237,,,,,,,,,,,,,,,,,,,,,[-0.17018361779198418],[-0.04708873037716149],[1],[0],[0],[4.86850000000004],"[""coins_b_3"",""coins_b_3""]",0,[],[],0,181,181,141,1,83,79,-38,99,58,-24,41.33333333,44.33333333,-3,56.12090124,51.13598429,4.98491695,-38,-24,-14,-0.7,-0.38,-0.32,confounded,FALSE,,,,
,,,,,,,male,,2025-08-19_12h43.49.894,lotterie_task,2024.2.4,Win32,57.47126437,601129f77e0c21000b0c408a,68947058ad5ea3fc73912f3f,68a4519e1904bd5381371237,,,,,,,,,,,,,,,,,,,,,[-0.17148624970233733],[-0.026247263793229777],[1],[0],[0],[4.1876000000088425],"[""coins_b_3"",""coins_b_3""]",0,[],[],0,182,182,174,1,85,31,-13,81,32,-1,34.33333333,37.33333333,-3,40.07770231,33.68811198,6.389590326,-13,-1,-12,0.12,0.23,-0.11,confounded,FALSE,,,,
,,,,,,,male,,2025-08-19_12h43.49.894,lotterie_task,2024.2.4,Win32,57.47126437,601129f77e0c21000b0c408a,68947058ad5ea3fc73912f3f,68a4519e1904bd5381371237,,,,,,,,,,,,,,,,,,,,,[0.233619967211313],[0.012830512884213803],[1],[0],[0],[5.741900000005899],"[""coins_a_3"",""coins_a_3""]",0,[],[],0,183,183,107,1,80,55,-43,97,5,-37,30.66666667,21.66666667,9,53.08065142,55.96030339,-2.879651967,-43,-37,-6,-0.59,0.42,-1.01,unconfounded,FALSE,,,,
,,,,,,,male,,2025-08-19_12h43.49.894,lotterie_task,2024.2.4,Win32,57.47126437,601129f77e0c21000b0c408a,68947058ad5ea3fc73912f3f,68a4519e1904bd5381371237,,,,,,,,,,,,,,,,,,,,,[0.15676711732030335],[-0.035365400951604634],[1],[0],[0],[3.96279999999706],"[""coins_a_3"",""coins_a_3""]",0,[],[],0,184,184,65,1,66,40,-29,84,13,-23,25.66666667,24.66666667,1,40.08601862,44.45472103,-4.368702413,-29,-23,-6,-0.49,0.38,-0.87,unconfounded,FALSE,,,,
,,,,,,,male,,2025-08-19_12h43.49.894,lotterie_task,2024.2.4,Win32,57.47126437,601129f77e0c21000b0c408a,68947058ad5ea3fc73912f3f,68a4519e1904bd5381371237,,,,,,,,,,,,,,,,,,,,,[0.141135892163687],[-0.07183798536186621],[1],[0],[0],[4.194999999999936],"[""coins_b_3"",""coins_b_3""]",0,[],[],0,185,185,136,1,69,48,-67,68,45,-60,16.66666667,17.66666667,-1,59.77922344,55.7155474,4.063676043,-67,-60,-7,-0.64,-0.62,-0.02,confounded,FALSE,,,,
,,,,,,,male,,2025-08-19_12h43.49.894,lotterie_task,2024.2.4,Win32,57.47126437,601129f77e0c21000b0c408a,68947058ad5ea3fc73912f3f,68a4519e1904bd5381371237,,,,,,,,,,,,,,,,,,,,,[-0.11156697066419988],[-0.09267945194579792],[1],[0],[0],[12.441899999991165],"[""coins_a_3"",""coins_a_3""]",0,[],[],0,186,186,37,1,62,50,-83,92,15,-75,9.666666667,10.66666667,-1,65.70810875,68.24628602,-2.53817727,-83,-75,-8,-0.69,-0.09,-0.6,unconfounded,FALSE,,,,
,,,,,,,male,,2025-08-19_12h43.49.894,lotterie_task,2024.2.4,Win32,57.47126437,601129f77e0c21000b0c408a,68947058ad5ea3fc73912f3f,68a4519e1904bd5381371237,,,,,,,,,,,,,,,,,,,,,[-0.1350136295153136],[-0.08877173509854924],[1],[0],[0],[7.792799999996987],"[""coins_b_3"",""coins_b_3""]",0,[],[],0,187,187,145,1,81,8,-35,75,6,-24,18,19,-1,47.88179891,41.44876355,6.433035356,-35,-24,-11,0.3,0.44,-0.14,confounded,FALSE,,,,
,,,,,,,male,,2025-08-19_12h43.49.894,lotterie_task,2024.2.4,Win32,57.47126437,601129f77e0c21000b0c408a,68947058ad5ea3fc73912f3f,68a4519e1904bd5381371237,,,,,,,,,,,,,,,,,,,,,[-0.1727888100591662],[-0.07965352638665006],[1],[0],[0],[2.9874999999999545],"[""coins_a_3"",""coins_a_3""]",0,[],[],0,188,188,75,1,63,45,-19,81,8,-9,29.66666667,26.66666667,3,35.18838192,39.04128869,-3.852906764,-19,-9,-10,-0.57,0.61,-1.18,unconfounded,FALSE,,,,
,,,,,,,male,,2025-08-19_12h43.49.894,lotterie_task,2024.2.4,Win32,57.47126437,601129f77e0c21000b0c408a,68947058ad5ea3fc73912f3f,68a4519e1904bd5381371237,,,,,,,,,,,,,,,,,,,,,[-0.21186647940632328],[-0.061417252069900355],[1],[0],[0],[3.906500000000051],"[""coins_a_3"",""coins_a_3""]",0,[],[],0,189,189,201,1,94,59,-24,99,39,-12,43,42,1,49.48400415,45.36518489,4.118819261,-24,-12,-12,-0.45,0.1,-0.55,confounded,FALSE,,,,
,,,,,,,male,,2025-08-19_12h43.49.894,lotterie_task,2024.2.4,Win32,57.47126437,601129f77e0c21000b0c408a,68947058ad5ea3fc73912f3f,68a4519e1904bd5381371237,,,,,,,,,,,,,,,,,,,,,[-0.21577437513738276],[-0.04187834584279748],[1],[0],[0],[2.868200000002844],"[""coins_a_3"",""coins_a_3""]",0,[],[],0,190,190,51,1,56,39,-78,85,2,-70,5.666666667,5.666666667,0,59.56695579,63.33157892,-3.764623132,-78,-70,-8,-0.66,0.09,-0.75,unconfounded,FALSE,,,,
,,,,,,,male,,2025-08-19_12h43.49.894,lotterie_task,2024.2.4,Win32,57.47126437,601129f77e0c21000b0c408a,68947058ad5ea3fc73912f3f,68a4519e1904bd5381371237,,,,,,,,,,,,,,,,,,,,,[-0.22749770456293963],[-0.07314058149545721],[1],[0],[0],[5.744799999997213],"[""coins_b_3"",""coins_b_3""]",0,[],[],0,191,191,150,1,60,45,-95,64,47,-83,3.333333333,9.333333333,-6,69.8013053,65.65735975,4.143945558,-95,-83,-12,-0.68,-0.67,-0.01,confounded,FALSE,,,,
,,,,,,,male,,2025-08-19_12h43.49.894,lotterie_task,2024.2.4,Win32,57.47126437,601129f77e0c21000b0c408a,68947058ad5ea3fc73912f3f,68a4519e1904bd5381371237,,,,,,,,,,,,,,,,,,,,,[-0.22749770456293963],[-0.07314058149545721],[1],[0],[0],[6.023500000000013],"[""coins_b_3"",""coins_b_3""]",0,[],[],0,192,192,114,1,51,45,-68,56,48,-58,9.333333333,15.33333333,-6,54.73775865,51.95724738,2.780511269,-68,-58,-10,-0.7,-0.69,-0.01,confounded,FALSE,,,,
,,,,,,,male,,2025-08-19_12h43.49.894,lotterie_task,2024.2.4,Win32,57.47126437,601129f77e0c21000b0c408a,68947058ad5ea3fc73912f3f,68a4519e1904bd5381371237,,,,,,,,,,,,,,,,,,,,,[-0.1910250843759159],[-0.08486391092101407],[1],[0],[0],[4.5947000000030584],"[""coins_a_3"",""coins_a_3""]",0,[],[],0,193,193,159,1,82,74,-71,84,63,-59,28.33333333,29.33333333,-1,70.31516353,63.04671989,7.26844364,-71,-59,-12,-0.7,-0.65,-0.05,confounded,FALSE,,,,
,,,,,,,male,,2025-08-19_12h43.49.894,lotterie_task,2024.2.4,Win32,57.47126437,601129f77e0c21000b0c408a,68947058ad5ea3fc73912f3f,68a4519e1904bd5381371237,,,,,,,,,,,,,,,,,,,,,[0.2062656272897128],[-0.10049499297058177],[1],[0],[0],[2.7735000000000127],"[""coins_a_3"",""coins_a_3""]",0,[],[],0,194,194,195,1,82,32,-65,81,1,-60,16.33333333,7.333333333,9,61.02640594,57.73695139,3.289454554,-65,-60,-5,-0.37,0.16,-0.53,confounded,FALSE,,,,
,,,,,,,male,,2025-08-19_12h43.49.894,lotterie_task,2024.2.4,Win32,57.47126437,601129f77e0c21000b0c408a,68947058ad5ea3fc73912f3f,68a4519e1904bd5381371237,,,,,,,,,,,,,,,,,,,,,[0.11247884877820927],[-0.10440281714811694],[1],[0],[0],[6.9435000000000855],"[""coins_b_3"",""coins_b_3""]",0,[],[],0,195,195,218,1,39,22,-40,47,30,-33,7,14.67,7.67,1044.67,1036.22,-8.45,40,33,-7,0.05,0.1,0.05,confounded,TRUE,,,,
,,,,,,,male,,2025-08-19_12h43.49.894,lotterie_task,2024.2.4,Win32,57.47126437,601129f77e0c21000b0c408a,68947058ad5ea3fc73912f3f,68a4519e1904bd5381371237,,,,,,,,,,,,,,,,,,,,,[-0.05034513126923359],[-0.05360174682187866],[1],[0],[0],[2.862099999994143],"[""coins_a_3"",""coins_a_3""]",0,[],[],0,196,196,86,1,80,45,-79,99,3,-74,15.33333333,9.333333333,6,68.2169741,70.76879413,-2.551820026,-79,-74,-5,-0.57,0.13,-0.7,unconfounded,FALSE,,,,
,,,,,,,male,,2025-08-19_12h43.49.894,lotterie_task,2024.2.4,Win32,57.47126437,601129f77e0c21000b0c408a,68947058ad5ea3fc73912f3f,68a4519e1904bd5381371237,,,,,,,,,,,,,,,,,,,,,[0.19454215475710726],[-0.03276020868442263],[1],[0],[0],[4.6693000000118445],"[""coins_b_3"",""coins_b_3""]",0,[],[],0,197,197,130,1,57,56,-92,65,49,-84,7,10,-3,70.00476174,66.78822251,3.216539228,-92,-84,-8,-0.71,-0.68,-0.03,confounded,FALSE,,,,
,,,,,,,male,,2025-08-19_12h43.49.894,lotterie_task,2024.2.4,Win32,57.47126437,601129f77e0c21000b0c408a,68947058ad5ea3fc73912f3f,68a4519e1904bd5381371237,,,,,,,,,,,,,,,,,,,,,[0.141135892163687],[-0.09398204807938892],[1],[0],[0],[3.4837000000029548],"[""coins_b_3"",""coins_b_3""]",0,[],[],0,198,198,18,1,48,36,-33,76,20,-27,17,23,-6,35.6931366,42.10304819,-6.409911592,-33,-27,-6,-0.65,0.11,-0.76,unconfounded,FALSE,,,,
,,,,,,,male,,2025-08-19_12h43.49.894,lotterie_task,2024.2.4,Win32,57.47126437,601129f77e0c21000b0c408a,68947058ad5ea3fc73912f3f,68a4519e1904bd5381371237,,,,,,,,,,,,,,,,,,,,,[0.151556661232415],[-0.07053538922827521],[1],[0],[0],[7.373799999996891],"[""coins_a_3"",""coins_a_3""]",0,[],[],0,199,199,167,1,67,60,-20,68,46,-10,35.66666667,34.66666667,1,39.46587837,32.83629428,6.629584088,-20,-10,-10,-0.69,-0.48,-0.21,confounded,FALSE,,,,
,,,,,,,male,,2025-08-19_12h43.49.894,lotterie_task,2024.2.4,Win32,57.47126437,601129f77e0c21000b0c408a,68947058ad5ea3fc73912f3f,68a4519e1904bd5381371237,,,,,,,,,,,,,,,,,,,,,[-0.12068510782257473],[-0.07183798536186621],[1],[0],[0],[10.401299999997036],"[""coins_b_3"",""coins_b_3""]",0,[],[],0,200,200,187,1,66,64,-14,70,50,-1,38.66666667,39.66666667,-1,37.24990679,29.89239963,7.357507157,-14,-1,-13,-0.71,-0.48,-0.23,confounded,FALSE,,,,
,,,,,,,male,,2025-08-19_12h43.49.894,lotterie_task,2024.2.4,Win32,57.47126437,601129f77e0c21000b0c408a,68947058ad5ea3fc73912f3f,68a4519e1904bd5381371237,,,,,,,,,,,,,,,,,,,,,[-0.14803959085122362],[-0.10049499297058177],[1],[0],[0],[7.92980000001171],"[""coins_a_3"",""coins_a_3""]",0,[],[],0,201,201,152,1,82,64,-15,78,50,-6,43.66666667,40.66666667,3,42.1294302,34.92213561,7.207294589,-15,-6,-9,-0.61,-0.38,-0.23,confounded,FALSE,,,,
,,,,,,,male,,2025-08-19_12h43.49.894,lotterie_task,2024.2.4,Win32,57.47126437,601129f77e0c21000b0c408a,68947058ad5ea3fc73912f3f,68a4519e1904bd5381371237,,,,,,,,,,,,,,,,,,,,,[-0.17018361779198418],[-0.12133645955451348],[1],[0],[0],[2.741700000002993],"[""coins_a_3"",""coins_a_3""]",0,[],[],0,202,202,99,1,72,70,-34,99,2,-20,36,27,9,49.50420858,51.69784006,-2.193631483,-34,-20,-14,-0.71,0.61,-1.32,unconfounded,FALSE,,,,
,,,,,,,male,,2025-08-19_12h43.49.894,lotterie_task,2024.2.4,Win32,57.47126437,601129f77e0c21000b0c408a,68947058ad5ea3fc73912f3f,68a4519e1904bd5381371237,,,,,,,,,,,,,,,,,,,,,[-0.16497316170409584],[-0.03797059321878664],[1],[0],[0],[5.0737999999971635],"[""coins_a_3"",""coins_a_3""]",0,[],[],0,203,203,84,1,70,60,-28,92,11,-19,34,28,6,44.0302926,46.88283268,-2.852540076,-28,-19,-9,-0.68,0.5,-1.18,unconfounded,FALSE,,,,
,,,,,,,male,,2025-08-19_12h43.49.894,lotterie_task,2024.2.4,Win32,57.47126437,601129f77e0c21000b0c408a,68947058ad5ea3fc73912f3f,68a4519e1904bd5381371237,,,,,,,,,,,,,,,,,,,,,[0.16979293554916472],[-0.0405758212627308],[1],[0],[0],[3.5726999999881173],"[""coins_b_3"",""coins_b_3""]",0,[],[],0,204,204,128,1,89,67,-17,87,61,-12,46.33333333,45.33333333,1,45.67518169,41.90730512,3.76787657,-17,-12,-5,-0.59,-0.51,-0.08,confounded,FALSE,,,,
,,,,,,,male,,2025-08-19_12h43.49.894,lotterie_task,2024.2.4,Win32,57.47126437,601129f77e0c21000b0c408a,68947058ad5ea3fc73912f3f,68a4519e1904bd5381371237,,,,,,,,,,,,,,,,,,,,,[0.11768923331257328],[-0.061417252069900355],[1],[0],[0],[4.333499999999958],"[""coins_b_3"",""coins_b_3""]",0,[],[],0,205,205,120,1,67,51,-70,80,45,-59,16,22,-6,61.16098975,59.03106527,2.129924478,-70,-59,-11,-0.67,-0.53,-0.14,confounded,FALSE,,,,
,,,,,,,male,,2025-08-19_12h43.49.894,lotterie_task,2024.2.4,Win32,57.47126437,601129f77e0c21000b0c408a,68947058ad5ea3fc73912f3f,68a4519e1904bd5381371237,,,,,,,,,,,,,,,,,,,,,[0.04344150413522128],[-0.07835093025305906],[1],[0],[0],[3.6555000000000746],"[""coins_b_3"",""coins_b_3""]",0,[],[],0,206,206,110,1,84,73,-51,95,70,-41,35.33333333,41.33333333,-6,61.21183618,59.10630724,2.105528943,-51,-41,-10,-0.69,-0.61,-0.08,confounded,FALSE,,,,
,,,,,,,male,,2025-08-19_12h43.49.894,lotterie_task,2024.2.4,Win32,57.47126437,601129f77e0c21000b0c408a,68947058ad5ea3fc73912f3f,68a4519e1904bd5381371237,,,,,,,,,,,,,,,,,,,,,[-0.12719798116024325],[-0.09398204807938892],[1],[0],[0],[3.1607999999971526],"[""coins_a_3"",""coins_a_3""]",0,[],[],0,207,207,106,1,74,46,-44,87,1,-39,25.33333333,16.33333333,9,50.34105901,52.56953068,-2.228471667,-44,-39,-5,-0.55,0.41,-0.96,unconfounded,FALSE,,,,
,,,,,,,male,,2025-08-19_12h43.49.894,lotterie_task,2024.2.4,Win32,57.47126437,601129f77e0c21000b0c408a,68947058ad5ea3fc73912f3f,68a4519e1904bd5381371237,,,,,,,,,,,,,,,,,,,,,[0.22189663778575616],[-0.021036879258865767],[1],[0],[0],[3.4279000000060478],"[""coins_a_3"",""coins_a_3""]",0,[],[],0,208,208,55,1,60,51,-79,94,11,-73,10.66666667,10.66666667,0,63.51027913,68.17787194,-4.667592807,-79,-73,-6,-0.7,-0.01,-0.69,unconfounded,FALSE,,,,
,,,,,,,male,,2025-08-19_12h43.49.894,lotterie_task,2024.2.4,Win32,57.47126437,601129f77e0c21000b0c408a,68947058ad5ea3fc73912f3f,68a4519e1904bd5381371237,,,,,,,,,,,,,,,,,,,,,[-0.1910250843759159],[-0.05490427140194534],[1],[0],[0],[4.644700000003013],"[""coins_b_3"",""coins_b_3""]",0,[],[],0,209,209,217,1,60,33,-12,66,40,-5,27,33.67,6.67,868.67,822.89,-45.78,12,5,-7,-0.1,0.1,0.2,unconfounded,TRUE,,,,
,,,,,,,male,,2025-08-19_12h43.49.894,lotterie_task,2024.2.4,Win32,57.47126437,601129f77e0c21000b0c408a,68947058ad5ea3fc73912f3f,68a4519e1904bd5381371237,,,,,,,,,,,,,,,,,,,,,[-0.16106548063360931],[-0.05881205980271835],[1],[0],[0],[3.251499999999851],"[""coins_a_3"",""coins_a_3""]",0,[],[],0,210,210,151,1,95,77,-55,97,48,-46,39,33,6,66.87301399,59.33520596,7.537808026,-55,-46,-9,-0.67,-0.36,-0.31,confounded,FALSE,,,,
,,,,,,,male,,2025-08-19_12h43.49.894,lotterie_task,2024.2.4,Win32,57.47126437,601129f77e0c21000b0c408a,68947058ad5ea3fc73912f3f,68a4519e1904bd5381371237,,,,,,,,,,,,,,,,,,,,,[0.15546441385642584],[-0.04708873037716149],[1],[0],[0],[5.63810000000899],"[""coins_a_3"",""coins_a_3""]",0,[],[],0,211,211,36,1,57,52,-69,95,11,-63,13.33333333,14.33333333,-1,58.25423208,64.54627969,-6.29204761,-69,-63,-6,-0.7,0.08,-0.78,unconfounded,FALSE,,,,
,,,,,,,male,,2025-08-19_12h43.49.894,lotterie_task,2024.2.4,Win32,57.47126437,601129f77e0c21000b0c408a,68947058ad5ea3fc73912f3f,68a4519e1904bd5381371237,,,,,,,,,,,,,,,,,,,,,[0.20366043502253078],[-0.0496939226443435],[1],[0],[0],[10.360500000000002],"[""coins_a_3"",""coins_a_3""]",0,[],[],0,212,212,123,1,82,65,-29,77,59,-18,39.33333333,39.33333333,0,48.81484292,41.20140235,7.613440566,-29,-18,-11,-0.64,-0.61,-0.03,confounded,FALSE,,,,
,,,,,,,male,,2025-08-19_12h43.49.894,lotterie_task,2024.2.4,Win32,57.47126437,601129f77e0c21000b0c408a,68947058ad5ea3fc73912f3f,68a4519e1904bd5381371237,,,,,,,,,,,,,,,,,,,,,[-0.1245929320001099],[-0.07704840567299238],[1],[0],[0],[5.1762999999969],"[""coins_a_3"",""coins_a_3""]",0,[],[],0,213,213,62,1,71,48,-19,96,7,-6,33.33333333,32.33333333,1,38.17794593,45.33088229,-7.152936355,-19,-6,-13,-0.52,0.66,-1.18,unconfounded,FALSE,,,,
,,,,,,,male,,2025-08-19_12h43.49.894,lotterie_task,2024.2.4,Win32,57.47126437,601129f77e0c21000b0c408a,68947058ad5ea3fc73912f3f,68a4519e1904bd5381371237,,,,,,,,,,,,,,,,,,,,,[-0.16106548063360931],[-0.023642071526047772],[1],[0],[0],[11.548599999994167],"[""coins_b_3"",""coins_b_3""]",0,[],[],0,214,214,193,1,30,4,-19,23,3,-8,5,6,-1,20.01665973,12.83225104,7.184408691,-19,-8,-11,0.07,0.34,-0.27,confounded,FALSE,,,,
,,,,,,,male,,2025-08-19_12h43.49.894,lotterie_task,2024.2.4,Win32,57.47126437,601129f77e0c21000b0c408a,68947058ad5ea3fc73912f3f,68a4519e1904bd5381371237,,,,,,,,,,,,,,,,,,,,,[-0.1584602883664273],[-0.04448353810997949],[1],[0],[0],[2.7442999999971107],"[""coins_a_3"",""coins_a_3""]",0,[],[],0,215,215,168,1,95,75,-28,96,64,-15,47.33333333,48.33333333,-1,53.89083616,46.64999702,7.240839139,-28,-15,-13,-0.63,-0.47,-0.16,confounded,FALSE,,,,
,,,,,,,male,,2025-08-19_12h43.49.894,lotterie_task,2024.2.4,Win32,57.47126437,601129f77e0c21000b0c408a,68947058ad5ea3fc73912f3f,68a4519e1904bd5381371237,,,,,,,,,,,,,,,,,,,,,[0.141135892163687],[-0.07965352638665006],[1],[0],[0],[2.875299999996969],"[""coins_a_3"",""coins_a_3""]",0,[],[],0,216,216,63,1,66,36,-14,80,11,-6,29.33333333,28.33333333,1,32.99831646,37.18721405,-4.188897596,-14,-6,-8,-0.29,0.6,-0.89,unconfounded,FALSE,,,,
,,,,,,,male,,2025-08-19_12h43.49.894,lotterie_task,2024.2.4,Win32,57.47126437,601129f77e0c21000b0c408a,68947058ad5ea3fc73912f3f,68a4519e1904bd5381371237,,,,,,,,,,,,,,,,,,,,,[0.12941256273813012],[-0.043180941976388484],[1],[0],[0],[1.967799999997169],"[""coins_a_3"",""coins_a_3""]",0,[],[],0,217,217,71,1,62,45,-31,84,8,-19,25.33333333,24.33333333,1,40.43375927,43.60682923,-3.173069958,-31,-19,-12,-0.61,0.51,-1.12,unconfounded,FALSE,,,,
,,,,,,,male,,2025-08-19_12h43.49.894,lotterie_task,2024.2.4,Win32,57.47126437,601129f77e0c21000b0c408a,68947058ad5ea3fc73912f3f,68a4519e1904bd5381371237,,,,,,,,,,,,,,,,,,,,,[0.11768923331257328],[-0.08616654283136724],[1],[0],[0],[3.7982000000029075],"[""coins_a_3"",""coins_a_3""]",0,[],[],0,218,218,197,1,97,65,-14,96,44,-1,49.33333333,46.33333333,3,46.64999702,39.63444069,7.015556332,-14,-1,-13,-0.47,0.09,-0.56,confounded,FALSE,,,,
,,,,,,,male,,2025-08-19_12h43.49.894,lotterie_task,2024.2.4,Win32,57.47126437,601129f77e0c21000b0c408a,68947058ad5ea3fc73912f3f,68a4519e1904bd5381371237,,,,,,,,,,,,,,,,,,,,,[-0.11417216293138188],[-0.07835093025305906],[1],[0],[0],[4.238199999988183],"[""coins_a_3"",""coins_a_3""]",0,[],[],0,219,219,87,1,82,49,-56,98,10,-51,25,19,6,58.83876273,61.16098975,-2.322227012,-56,-51,-5,-0.54,0.22,-0.76,unconfounded,FALSE,,,,
,,,,,,,male,,2025-08-19_12h43.49.894,lotterie_task,2024.2.4,Win32,57.47126437,601129f77e0c21000b0c408a,68947058ad5ea3fc73912f3f,68a4519e1904bd5381371237,,,,,,,,,,,,,,,,,,,,,,,,,,,,,,,,,,,,,,,,,,,,,,,,,,,,,,,,3.6,space,16.7284,
